-- I forgot to set the DICTIONARY_ID_COMMENTS System Configurator
-- 21 de jan de 2021 15:25:19 BRT
INSERT INTO AD_Element (AD_Element_ID,AD_Client_ID,AD_Org_ID,IsActive,Created,CreatedBy,Updated,UpdatedBy,ColumnName,Name,Description,Help,PrintName,EntityType,AD_Element_UU) VALUES (1123238,0,0,'Y',TO_TIMESTAMP('2021-01-21 15:25:16','YYYY-MM-DD HH24:MI:SS'),100,TO_TIMESTAMP('2021-01-21 15:25:16','YYYY-MM-DD HH24:MI:SS'),100,'LBR_ESocialCode','E-Social Code','E-Social Code','E-Social Code identify E-Social Event','E-Social Code','LBRA','da880439-0840-4387-9a64-28d124f06f47')
;

-- 21 de jan de 2021 15:27:14 BRT
INSERT INTO AD_Element (AD_Element_ID,AD_Client_ID,AD_Org_ID,IsActive,Created,CreatedBy,Updated,UpdatedBy,ColumnName,Name,Description,Help,PrintName,EntityType,AD_Element_UU) VALUES (1123239,0,0,'Y',TO_TIMESTAMP('2021-01-21 15:27:13','YYYY-MM-DD HH24:MI:SS'),100,TO_TIMESTAMP('2021-01-21 15:27:13','YYYY-MM-DD HH24:MI:SS'),100,'LBR_QtyHourMonth','Qty Hour Month','Indicate Qty Work Hour in a Month','Indicate Qty Work Hour in a Month','Qty Hour Month','LBRA','7dede898-ec03-4deb-af07-944337267701')
;

-- 21 de jan de 2021 15:27:27 BRT
INSERT INTO AD_Element (AD_Element_ID,AD_Client_ID,AD_Org_ID,IsActive,Created,CreatedBy,Updated,UpdatedBy,ColumnName,Name,Description,Help,PrintName,EntityType,AD_Element_UU) VALUES (1123240,0,0,'Y',TO_TIMESTAMP('2021-01-21 15:27:27','YYYY-MM-DD HH24:MI:SS'),100,TO_TIMESTAMP('2021-01-21 15:27:27','YYYY-MM-DD HH24:MI:SS'),100,'LBR_QtyHourWeek','Qty Hour Week','Indicate Qty Work Hour in a Week','Indicate Qty Work Hour in a Week','Qty Hour Week','LBRA','3629d10b-9df8-42e8-b0c7-b0537fca2258')
;

-- 21 de jan de 2021 15:27:41 BRT
INSERT INTO AD_Element (AD_Element_ID,AD_Client_ID,AD_Org_ID,IsActive,Created,CreatedBy,Updated,UpdatedBy,ColumnName,Name,Description,Help,PrintName,EntityType,AD_Element_UU) VALUES (1123241,0,0,'Y',TO_TIMESTAMP('2021-01-21 15:27:40','YYYY-MM-DD HH24:MI:SS'),100,TO_TIMESTAMP('2021-01-21 15:27:40','YYYY-MM-DD HH24:MI:SS'),100,'LBR_QtyHourDay','Qty Hour Day','Indicate Qty Work Hour in a Day','Indicate Qty Work Hour in a Day','Qty Hour WDayek','LBRA','ca054f17-6bfb-4c7c-a8fa-b4a624fd7e4d')
;

-- 21 de jan de 2021 15:30:21 BRT
INSERT INTO AD_Element (AD_Element_ID,AD_Client_ID,AD_Org_ID,IsActive,Created,CreatedBy,Updated,UpdatedBy,ColumnName,Name,Description,Help,PrintName,EntityType,AD_Element_UU) VALUES (1123242,0,0,'Y',TO_TIMESTAMP('2021-01-21 15:30:21','YYYY-MM-DD HH24:MI:SS'),100,TO_TIMESTAMP('2021-01-21 15:30:21','YYYY-MM-DD HH24:MI:SS'),100,'LBR_HasMotorDisability','Has Motor Disability','Indicate if person has Motor Disability','Indicate if person has Motor Disability','Has Motor Disability','LBRA','7b7ea96f-ef48-4b33-893f-07365662d8cd')
;

-- 21 de jan de 2021 15:33:30 BRT
INSERT INTO AD_Element (AD_Element_ID,AD_Client_ID,AD_Org_ID,IsActive,Created,CreatedBy,Updated,UpdatedBy,ColumnName,Name,Description,Help,PrintName,EntityType,AD_Element_UU) VALUES (1123243,0,0,'Y',TO_TIMESTAMP('2021-01-21 15:33:29','YYYY-MM-DD HH24:MI:SS'),100,TO_TIMESTAMP('2021-01-21 15:33:29','YYYY-MM-DD HH24:MI:SS'),100,'LBR_HasVisionDisability','Has Vision Disability','Indicate if person has Vision Disability','Indicate if person has Vision Disability','Has Vision Disability','LBRA','e1ed7290-d6b2-4316-a0f6-a8f9bd645384')
;

-- 21 de jan de 2021 15:34:16 BRT
INSERT INTO AD_Element (AD_Element_ID,AD_Client_ID,AD_Org_ID,IsActive,Created,CreatedBy,Updated,UpdatedBy,ColumnName,Name,Description,Help,PrintName,EntityType,AD_Element_UU) VALUES (1123244,0,0,'Y',TO_TIMESTAMP('2021-01-21 15:34:16','YYYY-MM-DD HH24:MI:SS'),100,TO_TIMESTAMP('2021-01-21 15:34:16','YYYY-MM-DD HH24:MI:SS'),100,'LBR_HasHearingDisability','Has Hearing Disability','Indicate if person has Hearing Disability','Indicate if person has Hearing Disability','Has Hearing Disability','LBRA','654b6c80-7196-48b4-bebb-23b4c948914d')
;

-- 21 de jan de 2021 15:36:14 BRT
INSERT INTO AD_Element (AD_Element_ID,AD_Client_ID,AD_Org_ID,IsActive,Created,CreatedBy,Updated,UpdatedBy,ColumnName,Name,Description,Help,PrintName,EntityType,AD_Element_UU) VALUES (1123245,0,0,'Y',TO_TIMESTAMP('2021-01-21 15:36:14','YYYY-MM-DD HH24:MI:SS'),100,TO_TIMESTAMP('2021-01-21 15:36:14','YYYY-MM-DD HH24:MI:SS'),100,'LBR_HasOthersDisability','Has Others Disability','Indicate if person has Others Disability','Indicate if person has Others Disability. Use disability description to specify','Has Others Disability','LBRA','2894f547-df95-4662-992a-2e5698837479')
;

-- 21 de jan de 2021 15:36:57 BRT
INSERT INTO AD_Element (AD_Element_ID,AD_Client_ID,AD_Org_ID,IsActive,Created,CreatedBy,Updated,UpdatedBy,ColumnName,Name,Description,Help,PrintName,EntityType,AD_Element_UU) VALUES (1123246,0,0,'Y',TO_TIMESTAMP('2021-01-21 15:36:57','YYYY-MM-DD HH24:MI:SS'),100,TO_TIMESTAMP('2021-01-21 15:36:57','YYYY-MM-DD HH24:MI:SS'),100,'LBR_HasRehabilitatedDisability','Has Rehabilitated Disability','Indicate if person Rehabilitated Disability','Indicate if person Rehabilitated Disability','Has Rehabilitated Disability','LBRA','0b9dcfce-0cad-4a11-879d-df133e455788')
;

-- 21 de jan de 2021 15:37:44 BRT
INSERT INTO AD_Element (AD_Element_ID,AD_Client_ID,AD_Org_ID,IsActive,Created,CreatedBy,Updated,UpdatedBy,ColumnName,Name,Description,Help,PrintName,EntityType,AD_Element_UU) VALUES (1123247,0,0,'Y',TO_TIMESTAMP('2021-01-21 15:37:44','YYYY-MM-DD HH24:MI:SS'),100,TO_TIMESTAMP('2021-01-21 15:37:44','YYYY-MM-DD HH24:MI:SS'),100,'LBR_HasMentallyDisability','Has Mentally Disability','Indicate if person has Mentally Disability','Indicate if person has Mentally Disability','Has Mentally Disability','LBRA','52727210-502b-4cfb-afa4-2022d5a83874')
;

-- 21 de jan de 2021 15:51:03 BRT
INSERT INTO AD_Element (AD_Element_ID,AD_Client_ID,AD_Org_ID,IsActive,Created,CreatedBy,Updated,UpdatedBy,ColumnName,Name,Description,Help,PrintName,EntityType,AD_Element_UU) VALUES (1123248,0,0,'Y',TO_TIMESTAMP('2021-01-21 15:51:03','YYYY-MM-DD HH24:MI:SS'),100,TO_TIMESTAMP('2021-01-21 15:51:03','YYYY-MM-DD HH24:MI:SS'),100,'LBR_WorkTimeType','Work Time Type','Indicate Work Time Type','Indicate one option from list
1=CLT
2=External Activitie
3=Specific Function from CLT
4=Driver Work Schedule','Work Time Type','LBRA','ac47deab-1147-4c85-945d-a4e1bb747d90')
;

-- 21 de jan de 2021 15:51:07 BRT
UPDATE AD_Element SET EntityType='LBRA',Updated=TO_TIMESTAMP('2021-01-21 15:51:07','YYYY-MM-DD HH24:MI:SS'),UpdatedBy=100 WHERE AD_Element_ID=1123248
;

-- I forgot to set the DICTIONARY_ID_COMMENTS System Configurator
-- 21 de jan de 2021 17:13:27 BRT
INSERT INTO AD_Element (AD_Element_ID,AD_Client_ID,AD_Org_ID,IsActive,Created,CreatedBy,Updated,UpdatedBy,ColumnName,Name,Help,PrintName,EntityType,AD_Element_UU) VALUES (1123249,0,0,'Y',TO_TIMESTAMP('2021-01-21 17:13:26','YYYY-MM-DD HH24:MI:SS'),100,TO_TIMESTAMP('2021-01-21 17:13:26','YYYY-MM-DD HH24:MI:SS'),100,'LBR_HRPaymentRule','HR Payment Rule','Payment Rule used on Human Resource
1=Month
2=Week','HR Payment Rule','LBRA','0fb9e8e2-3dd1-4b7a-b37b-c11a280d3c1f')
;

-- 21 de jan de 2021 17:15:59 BRT
INSERT INTO AD_Element (AD_Element_ID,AD_Client_ID,AD_Org_ID,IsActive,Created,CreatedBy,Updated,UpdatedBy,ColumnName,Name,Description,Help,PrintName,EntityType,AD_Element_UU) VALUES (1123250,0,0,'Y',TO_TIMESTAMP('2021-01-21 17:15:59','YYYY-MM-DD HH24:MI:SS'),100,TO_TIMESTAMP('2021-01-21 17:15:59','YYYY-MM-DD HH24:MI:SS'),100,'LBR_HasWageAdvanceCalc','Has Wage Advance Calc','Indicate Wage Advance must be calculated for employee ','Indicate Wage Advance must be calculated for employee ','Has Wage Advance Calc','LBRA','ec03d4a3-bb4c-490f-8848-07e634f85422')
;

-- 21 de jan de 2021 17:16:31 BRT
INSERT INTO AD_Element (AD_Element_ID,AD_Client_ID,AD_Org_ID,IsActive,Created,CreatedBy,Updated,UpdatedBy,ColumnName,Name,Description,Help,PrintName,EntityType,AD_Element_UU) VALUES (1123251,0,0,'Y',TO_TIMESTAMP('2021-01-21 17:16:30','YYYY-MM-DD HH24:MI:SS'),100,TO_TIMESTAMP('2021-01-21 17:16:30','YYYY-MM-DD HH24:MI:SS'),100,'LBR_HasIntellectualDisability','Has Intellectual Disability','Indicate if person has Intellectual Disability','Indicate if person has Intellectual Disability','Has Intellectual Disability','LBRA','8eec46b9-3c55-4a42-a254-1d934bda793a')
;

-- 21 de jan de 2021 17:16:35 BRT
UPDATE AD_Element SET EntityType='LBRA',Updated=TO_TIMESTAMP('2021-01-21 17:16:35','YYYY-MM-DD HH24:MI:SS'),UpdatedBy=100 WHERE AD_Element_ID=1123251
;

-- 21 de jan de 2021 17:21:07 BRT
INSERT INTO AD_Element (AD_Element_ID,AD_Client_ID,AD_Org_ID,IsActive,Created,CreatedBy,Updated,UpdatedBy,ColumnName,Name,Description,Help,PrintName,EntityType,AD_Element_UU) VALUES (1123252,0,0,'Y',TO_TIMESTAMP('2021-01-21 17:21:07','YYYY-MM-DD HH24:MI:SS'),100,TO_TIMESTAMP('2021-01-21 17:21:07','YYYY-MM-DD HH24:MI:SS'),100,'LBR_IsDisabilityQuote','Disability Quote','Indicate if employee is included on Disability Quote','Indicate if employee is included on Disability Quote','Disability Quote','LBRA','e98c9e41-fc00-42e2-9f7b-8f7585ba14ec')
;

-- 21 de jan de 2021 17:22:31 BRT
INSERT INTO AD_Element (AD_Element_ID,AD_Client_ID,AD_Org_ID,IsActive,Created,CreatedBy,Updated,UpdatedBy,ColumnName,Name,Description,Help,PrintName,EntityType,AD_Element_UU) VALUES (1123253,0,0,'Y',TO_TIMESTAMP('2021-01-21 17:22:31','YYYY-MM-DD HH24:MI:SS'),100,TO_TIMESTAMP('2021-01-21 17:22:31','YYYY-MM-DD HH24:MI:SS'),100,'LBR_WageAdvancePercent','Wage Advance Percent','Indicate which percent must be applicated on Wage Advance Calculation','Indicate which percent must be applicated on Wage Advance Calculation','Wage Advance Percent','LBRA','2fac5fd6-cda1-40d6-864c-52c606425473')
;

-- 21 de jan de 2021 17:26:33 BRT
INSERT INTO AD_Element (AD_Element_ID,AD_Client_ID,AD_Org_ID,IsActive,Created,CreatedBy,Updated,UpdatedBy,ColumnName,Name,Description,Help,PrintName,EntityType,AD_Element_UU) VALUES (1123254,0,0,'Y',TO_TIMESTAMP('2021-01-21 17:26:32','YYYY-MM-DD HH24:MI:SS'),100,TO_TIMESTAMP('2021-01-21 17:26:32','YYYY-MM-DD HH24:MI:SS'),100,'LBR_OptsHealthPlan','Opts Health Plan','Indicate if employee Opts to Health Plan','Indicate if employee Opts to Health Plan','Opts Health Plan','LBRA','16275dd2-f572-4268-a327-7431fd6b8ac1')
;

-- 21 de jan de 2021 17:30:32 BRT
INSERT INTO AD_Element (AD_Element_ID,AD_Client_ID,AD_Org_ID,IsActive,Created,CreatedBy,Updated,UpdatedBy,ColumnName,Name,Description,Help,PrintName,EntityType,AD_Element_UU) VALUES (1123255,0,0,'Y',TO_TIMESTAMP('2021-01-21 17:30:32','YYYY-MM-DD HH24:MI:SS'),100,TO_TIMESTAMP('2021-01-21 17:30:32','YYYY-MM-DD HH24:MI:SS'),100,'LBR_IsRetired','Retired','Indicate if Employee is Retired','Indicate if Employee is Retired','Retired','LBRA','95e45914-49ff-4746-ab32-68b9b5c0fa82')
;

-- 21 de jan de 2021 17:32:53 BRT
INSERT INTO AD_Element (AD_Element_ID,AD_Client_ID,AD_Org_ID,IsActive,Created,CreatedBy,Updated,UpdatedBy,ColumnName,Name,PrintName,EntityType,AD_Element_UU) VALUES (1123256,0,0,'Y',TO_TIMESTAMP('2021-01-21 17:32:53','YYYY-MM-DD HH24:MI:SS'),100,TO_TIMESTAMP('2021-01-21 17:32:53','YYYY-MM-DD HH24:MI:SS'),100,'LBR_AdmissionType','Admission Type','Admission Type','LBRA','c78dc239-2c34-4cb4-865d-5deab1a95331')
;

-- 21 de jan de 2021 17:33:45 BRT
INSERT INTO AD_Element (AD_Element_ID,AD_Client_ID,AD_Org_ID,IsActive,Created,CreatedBy,Updated,UpdatedBy,ColumnName,Name,Description,Help,PrintName,EntityType,AD_Element_UU) VALUES (1123257,0,0,'Y',TO_TIMESTAMP('2021-01-21 17:33:44','YYYY-MM-DD HH24:MI:SS'),100,TO_TIMESTAMP('2021-01-21 17:33:44','YYYY-MM-DD HH24:MI:SS'),100,'LBR_IsSyndicateMember','Syndicate Member','Indicate if Employee is Member of a Syndicate','Indicate if Employee is Member of a Syndicate','Syndicate Member','LBRA','bd6db14a-e827-49dd-8c5d-14d2b16593e4')
;

-- 21 de jan de 2021 17:33:48 BRT
UPDATE AD_Element SET EntityType='LBRA',Updated=TO_TIMESTAMP('2021-01-21 17:33:48','YYYY-MM-DD HH24:MI:SS'),UpdatedBy=100 WHERE AD_Element_ID=1123257
;

-- 21 de jan de 2021 17:41:02 BRT
INSERT INTO AD_Table (AD_Table_ID,Name,TableName,AccessLevel,AD_Client_ID,AD_Org_ID,IsActive,Created,CreatedBy,Updated,UpdatedBy,IsSecurityEnabled,IsDeleteable,IsHighVolume,IsView,EntityType,ImportTable,IsChangeLog,ReplicationType,IsCentrallyMaintained,AD_Table_UU,Processing,IsSystemLanguage) VALUES (1120709,'Employee Syndicate','LBR_HR_Syndicate','3',0,0,'Y',TO_TIMESTAMP('2021-01-21 17:41:02','YYYY-MM-DD HH24:MI:SS'),100,TO_TIMESTAMP('2021-01-21 17:41:02','YYYY-MM-DD HH24:MI:SS'),100,'N','Y','N','N','LBRA','N','Y','L','Y','5d260dbc-a1d3-40d7-9af0-b1600b3cc7e3','N','N')
;

-- 21 de jan de 2021 17:41:02 BRT
INSERT INTO AD_Sequence (Name,CurrentNext,IsAudited,StartNewYear,Description,IsActive,IsTableID,AD_Client_ID,AD_Org_ID,Created,CreatedBy,Updated,UpdatedBy,AD_Sequence_ID,IsAutoSequence,StartNo,IncrementNo,CurrentNextSys,AD_Sequence_UU) VALUES ('LBR_HR_Syndicate',1000000,'N','N','Table LBR_HR_Syndicate','Y','Y',0,0,TO_TIMESTAMP('2021-01-21 17:41:02','YYYY-MM-DD HH24:MI:SS'),100,TO_TIMESTAMP('2021-01-21 17:41:02','YYYY-MM-DD HH24:MI:SS'),100,1153982,'Y',1000000,1,200000,'3b29ec95-ce7e-4ea9-a76c-c14a8776cfc8')
;

-- 21 de jan de 2021 17:41:32 BRT
UPDATE AD_Table SET TableName='LBR_HRSyndicate',Updated=TO_TIMESTAMP('2021-01-21 17:41:32','YYYY-MM-DD HH24:MI:SS'),UpdatedBy=100 WHERE AD_Table_ID=1120709
;

-- 21 de jan de 2021 17:41:33 BRT
INSERT INTO AD_Sequence (Name,CurrentNext,IsAudited,StartNewYear,Description,IsActive,IsTableID,AD_Client_ID,AD_Org_ID,Created,CreatedBy,Updated,UpdatedBy,AD_Sequence_ID,IsAutoSequence,StartNo,IncrementNo,CurrentNextSys,AD_Sequence_UU) VALUES ('LBR_HRSyndicate',1000000,'N','N','Table LBR_HRSyndicate','Y','Y',0,0,TO_TIMESTAMP('2021-01-21 17:41:32','YYYY-MM-DD HH24:MI:SS'),100,TO_TIMESTAMP('2021-01-21 17:41:32','YYYY-MM-DD HH24:MI:SS'),100,1153983,'Y',1000000,1,200000,'abc2d648-3a43-452e-a1b5-d3b3fd09101b')
;

-- 21 de jan de 2021 17:41:48 BRT
INSERT INTO AD_Column (AD_Column_ID,Version,Name,Description,Help,AD_Table_ID,AD_Val_Rule_ID,ColumnName,FieldLength,IsKey,IsParent,IsMandatory,IsTranslated,IsIdentifier,IsEncrypted,AD_Reference_ID,AD_Client_ID,AD_Org_ID,IsActive,Created,CreatedBy,Updated,UpdatedBy,AD_Element_ID,IsUpdateable,IsSelectionColumn,EntityType,IsSyncDatabase,IsAlwaysUpdateable,IsAutocomplete,IsAllowLogging,AD_Column_UU,IsAllowCopy,IsToolbarButton,IsSecure,FKConstraintType,IsHtml) VALUES (1132803,1,'Client','Client/Tenant for this installation.','A Client is a company or a legal entity. You cannot share data between Clients. Tenant is a synonym for Client.',1120709,129,'AD_Client_ID',22,'N','N','Y','N','N','N',19,0,0,'Y',TO_TIMESTAMP('2021-01-21 17:41:47','YYYY-MM-DD HH24:MI:SS'),100,TO_TIMESTAMP('2021-01-21 17:41:47','YYYY-MM-DD HH24:MI:SS'),100,102,'N','N','LBRA','N','N','N','Y','8906f722-6018-4b91-8169-043a86f7180b','N','N','N','N','N')
;

-- 21 de jan de 2021 17:41:48 BRT
INSERT INTO AD_Column (AD_Column_ID,Version,Name,Description,Help,AD_Table_ID,AD_Val_Rule_ID,ColumnName,FieldLength,IsKey,IsParent,IsMandatory,IsTranslated,IsIdentifier,IsEncrypted,AD_Reference_ID,AD_Client_ID,AD_Org_ID,IsActive,Created,CreatedBy,Updated,UpdatedBy,AD_Element_ID,IsUpdateable,IsSelectionColumn,EntityType,IsSyncDatabase,IsAlwaysUpdateable,IsAutocomplete,IsAllowLogging,AD_Column_UU,IsAllowCopy,IsToolbarButton,IsSecure,FKConstraintType,IsHtml) VALUES (1132804,1,'Organization','Organizational entity within client','An organization is a unit of your client or legal entity - examples are store, department. You can share data between organizations.',1120709,104,'AD_Org_ID',22,'N','N','Y','N','N','N',19,0,0,'Y',TO_TIMESTAMP('2021-01-21 17:41:48','YYYY-MM-DD HH24:MI:SS'),100,TO_TIMESTAMP('2021-01-21 17:41:48','YYYY-MM-DD HH24:MI:SS'),100,113,'N','N','LBRA','N','N','N','Y','b9910b06-0401-43e2-af15-ef6385428647','N','N','N','N','N')
;

-- 21 de jan de 2021 17:41:49 BRT
INSERT INTO AD_Column (AD_Column_ID,Version,Name,Description,Help,AD_Table_ID,ColumnName,FieldLength,IsKey,IsParent,IsMandatory,IsTranslated,IsIdentifier,IsEncrypted,AD_Reference_ID,AD_Client_ID,AD_Org_ID,IsActive,Created,CreatedBy,Updated,UpdatedBy,AD_Element_ID,IsUpdateable,IsSelectionColumn,EntityType,IsSyncDatabase,IsAlwaysUpdateable,IsAutocomplete,IsAllowLogging,AD_Column_UU,IsAllowCopy,IsToolbarButton,IsSecure,FKConstraintType,IsHtml) VALUES (1132805,1,'OS Task','Operation System Task','The Task field identifies a Operation System Task in the system.',1120709,'AD_Task_ID',22,'N','N','Y','N','N','N',13,0,0,'Y',TO_TIMESTAMP('2021-01-21 17:41:48','YYYY-MM-DD HH24:MI:SS'),100,TO_TIMESTAMP('2021-01-21 17:41:48','YYYY-MM-DD HH24:MI:SS'),100,128,'Y','N','LBRA','N','N','N','Y','8fc48dc3-a718-420d-98b5-57a36caeb26d','Y','N','N','C','N')
;

-- 21 de jan de 2021 17:41:49 BRT
INSERT INTO AD_Element (AD_Element_ID,AD_Client_ID,AD_Org_ID,IsActive,Created,CreatedBy,Updated,UpdatedBy,ColumnName,Name,PrintName,EntityType,AD_Element_UU) VALUES (1123258,0,0,'Y',TO_TIMESTAMP('2021-01-21 17:41:49','YYYY-MM-DD HH24:MI:SS'),100,TO_TIMESTAMP('2021-01-21 17:41:49','YYYY-MM-DD HH24:MI:SS'),100,'LBR_HRSyndicate_ID','Employee Syndicate','Employee Syndicate','LBRA','61282d47-3ed7-4d8c-bbc6-061d82b229bb')
;

-- 21 de jan de 2021 17:41:49 BRT
INSERT INTO AD_Column (AD_Column_ID,Version,Name,AD_Table_ID,ColumnName,FieldLength,IsKey,IsParent,IsMandatory,IsTranslated,IsIdentifier,SeqNo,IsEncrypted,AD_Reference_ID,AD_Client_ID,AD_Org_ID,IsActive,Created,CreatedBy,Updated,UpdatedBy,AD_Element_ID,IsUpdateable,IsSelectionColumn,EntityType,IsSyncDatabase,IsAlwaysUpdateable,IsAutocomplete,IsAllowLogging,AD_Column_UU,IsAllowCopy,IsToolbarButton,IsSecure,IsHtml) VALUES (1132806,1,'Employee Syndicate',1120709,'LBR_HRSyndicate_ID',22,'Y','N','Y','N','Y',1,'N',13,0,0,'Y',TO_TIMESTAMP('2021-01-21 17:41:49','YYYY-MM-DD HH24:MI:SS'),100,TO_TIMESTAMP('2021-01-21 17:41:49','YYYY-MM-DD HH24:MI:SS'),100,1123258,'N','N','LBRA','N','N','N','N','f0784194-93b8-48ae-91b5-dcd57ae939c0','N','N','N','N')
;

-- 21 de jan de 2021 17:41:49 BRT
INSERT INTO AD_Element (AD_Element_ID,AD_Client_ID,AD_Org_ID,IsActive,Created,CreatedBy,Updated,UpdatedBy,ColumnName,Name,PrintName,EntityType,AD_Element_UU) VALUES (1123259,0,0,'Y',TO_TIMESTAMP('2021-01-21 17:41:49','YYYY-MM-DD HH24:MI:SS'),100,TO_TIMESTAMP('2021-01-21 17:41:49','YYYY-MM-DD HH24:MI:SS'),100,'LBR_HRSyndicate_UU','LBR_HRSyndicate_UU','LBR_HRSyndicate_UU','LBRA','cacc1795-acf6-4c74-881a-ce04097eba54')
;

-- 21 de jan de 2021 17:41:50 BRT
INSERT INTO AD_Column (AD_Column_ID,Version,Name,AD_Table_ID,ColumnName,FieldLength,IsKey,IsParent,IsMandatory,IsTranslated,IsIdentifier,IsEncrypted,AD_Reference_ID,AD_Client_ID,AD_Org_ID,IsActive,Created,CreatedBy,Updated,UpdatedBy,AD_Element_ID,IsUpdateable,IsSelectionColumn,EntityType,IsSyncDatabase,IsAlwaysUpdateable,IsAutocomplete,IsAllowLogging,AD_Column_UU,IsAllowCopy,IsToolbarButton,IsSecure,IsHtml) VALUES (1132807,1.00,'LBR_HRSyndicate_UU',1120709,'LBR_HRSyndicate_UU',36,'N','N','N','N','N','N',10,0,0,'Y',TO_TIMESTAMP('2021-01-21 17:41:49','YYYY-MM-DD HH24:MI:SS'),100,TO_TIMESTAMP('2021-01-21 17:41:49','YYYY-MM-DD HH24:MI:SS'),100,1123259,'Y','N','LBRA','N','N','N','Y','93279792-7a3e-4879-b43e-3ccbbcf86af8','N','N','N','N')
;

-- 21 de jan de 2021 17:41:50 BRT
INSERT INTO AD_Column (AD_Column_ID,Version,Name,Description,Help,AD_Table_ID,ColumnName,DefaultValue,FieldLength,IsKey,IsParent,IsMandatory,IsTranslated,IsIdentifier,IsEncrypted,AD_Reference_ID,AD_Client_ID,AD_Org_ID,IsActive,Created,CreatedBy,Updated,UpdatedBy,AD_Element_ID,IsUpdateable,IsSelectionColumn,EntityType,IsSyncDatabase,IsAlwaysUpdateable,IsAutocomplete,IsAllowLogging,AD_Column_UU,IsAllowCopy,IsToolbarButton,IsSecure,IsHtml) VALUES (1132808,1,'Created','Date this record was created','The Created field indicates the date that this record was created.',1120709,'Created','SYSDATE',7,'N','N','Y','N','N','N',16,0,0,'Y',TO_TIMESTAMP('2021-01-21 17:41:50','YYYY-MM-DD HH24:MI:SS'),100,TO_TIMESTAMP('2021-01-21 17:41:50','YYYY-MM-DD HH24:MI:SS'),100,245,'N','N','LBRA','N','N','N','Y','d199839f-c47f-418d-8dac-f467069b9866','N','N','N','N')
;

-- 21 de jan de 2021 17:41:50 BRT
INSERT INTO AD_Column (AD_Column_ID,Version,Name,Description,Help,AD_Table_ID,ColumnName,FieldLength,IsKey,IsParent,IsMandatory,IsTranslated,IsIdentifier,IsEncrypted,AD_Reference_ID,AD_Reference_Value_ID,AD_Client_ID,AD_Org_ID,IsActive,Created,CreatedBy,Updated,UpdatedBy,AD_Element_ID,IsUpdateable,IsSelectionColumn,EntityType,IsSyncDatabase,IsAlwaysUpdateable,IsAutocomplete,IsAllowLogging,AD_Column_UU,IsAllowCopy,IsToolbarButton,IsSecure,FKConstraintType,IsHtml) VALUES (1132809,1,'Created By','User who created this records','The Created By field indicates the user who created this record.',1120709,'CreatedBy',22,'N','N','N','N','N','N',18,110,0,0,'Y',TO_TIMESTAMP('2021-01-21 17:41:50','YYYY-MM-DD HH24:MI:SS'),100,TO_TIMESTAMP('2021-01-21 17:41:50','YYYY-MM-DD HH24:MI:SS'),100,246,'N','N','LBRA','N','N','N','Y','b0ae9d5f-6cc0-4739-ae7f-130c764facf8','N','N','N','D','N')
;

-- 21 de jan de 2021 17:41:50 BRT
INSERT INTO AD_Column (AD_Column_ID,Version,Name,Description,Help,AD_Table_ID,ColumnName,DefaultValue,FieldLength,IsKey,IsParent,IsMandatory,IsTranslated,IsIdentifier,IsEncrypted,AD_Reference_ID,AD_Client_ID,AD_Org_ID,IsActive,Created,CreatedBy,Updated,UpdatedBy,AD_Element_ID,IsUpdateable,IsSelectionColumn,EntityType,IsSyncDatabase,IsAlwaysUpdateable,IsAutocomplete,IsAllowLogging,AD_Column_UU,IsAllowCopy,IsToolbarButton,IsSecure,IsHtml) VALUES (1132810,1,'Active','The record is active in the system','There are two methods of making records unavailable in the system: One is to delete the record, the other is to de-activate the record. A de-activated record is not available for selection, but available for reports.
There are two reasons for de-activating and not deleting records:
(1) The system requires the record for audit purposes.
(2) The record is referenced by other records. E.g., you cannot delete a Business Partner, if there are invoices for this partner record existing. You de-activate the Business Partner and prevent that this record is used for future entries.',1120709,'IsActive','Y',1,'N','N','Y','N','N','N',20,0,0,'Y',TO_TIMESTAMP('2021-01-21 17:41:50','YYYY-MM-DD HH24:MI:SS'),100,TO_TIMESTAMP('2021-01-21 17:41:50','YYYY-MM-DD HH24:MI:SS'),100,348,'Y','N','LBRA','N','N','N','Y','10c94761-726d-44fc-9b5b-f9498c39ffbe','N','N','N','N')
;

-- 21 de jan de 2021 17:41:51 BRT
INSERT INTO AD_Column (AD_Column_ID,Version,Name,Description,Help,AD_Table_ID,ColumnName,DefaultValue,FieldLength,IsKey,IsParent,IsMandatory,IsTranslated,IsIdentifier,IsEncrypted,AD_Reference_ID,AD_Client_ID,AD_Org_ID,IsActive,Created,CreatedBy,Updated,UpdatedBy,AD_Element_ID,IsUpdateable,IsSelectionColumn,EntityType,IsSyncDatabase,IsAlwaysUpdateable,IsAutocomplete,IsAllowLogging,AD_Column_UU,IsAllowCopy,IsToolbarButton,IsSecure,IsHtml) VALUES (1132811,1,'Updated','Date this record was updated','The Updated field indicates the date that this record was updated.',1120709,'Updated','SYSDATE',7,'N','N','Y','N','N','N',16,0,0,'Y',TO_TIMESTAMP('2021-01-21 17:41:50','YYYY-MM-DD HH24:MI:SS'),100,TO_TIMESTAMP('2021-01-21 17:41:50','YYYY-MM-DD HH24:MI:SS'),100,607,'N','N','LBRA','N','N','N','Y','fb2385ca-d107-48e2-bfee-7593f43036b1','N','N','N','N')
;

-- 21 de jan de 2021 17:41:51 BRT
INSERT INTO AD_Column (AD_Column_ID,Version,Name,Description,Help,AD_Table_ID,ColumnName,FieldLength,IsKey,IsParent,IsMandatory,IsTranslated,IsIdentifier,IsEncrypted,AD_Reference_ID,AD_Reference_Value_ID,AD_Client_ID,AD_Org_ID,IsActive,Created,CreatedBy,Updated,UpdatedBy,AD_Element_ID,IsUpdateable,IsSelectionColumn,EntityType,IsSyncDatabase,IsAlwaysUpdateable,IsAutocomplete,IsAllowLogging,AD_Column_UU,IsAllowCopy,IsToolbarButton,IsSecure,FKConstraintType,IsHtml) VALUES (1132812,1,'Updated By','User who updated this records','The Updated By field indicates the user who updated this record.',1120709,'UpdatedBy',22,'N','N','N','N','N','N',18,110,0,0,'Y',TO_TIMESTAMP('2021-01-21 17:41:51','YYYY-MM-DD HH24:MI:SS'),100,TO_TIMESTAMP('2021-01-21 17:41:51','YYYY-MM-DD HH24:MI:SS'),100,608,'N','N','LBRA','N','N','N','Y','742453be-bdf8-4abe-b0e8-03884f7e8381','N','N','N','D','N')
;

-- 21 de jan de 2021 17:42:02 BRT
DELETE FROM AD_Column_Trl WHERE AD_Column_ID=1132805
;

-- 21 de jan de 2021 17:42:02 BRT
DELETE FROM AD_Column WHERE AD_Column_ID=1132805
;

-- 21 de jan de 2021 17:42:26 BRT
INSERT INTO AD_Column (AD_Column_ID,Version,Name,Description,Help,AD_Table_ID,ColumnName,FieldLength,IsKey,IsParent,IsMandatory,IsTranslated,IsIdentifier,SeqNo,IsEncrypted,AD_Reference_ID,AD_Client_ID,AD_Org_ID,IsActive,Created,CreatedBy,Updated,UpdatedBy,AD_Element_ID,IsUpdateable,IsSelectionColumn,EntityType,IsSyncDatabase,IsAlwaysUpdateable,IsAutocomplete,IsAllowLogging,AD_Column_UU,IsAllowCopy,SeqNoSelection,IsToolbarButton,IsSecure,IsHtml) VALUES (1132813,0,'Name','Alphanumeric identifier of the entity','The name of an entity (record) is used as an default search option in addition to the search key. The name is up to 60 characters in length.',1120709,'Name',60,'N','N','N','N','Y',0,'N',10,0,0,'Y',TO_TIMESTAMP('2021-01-21 17:42:26','YYYY-MM-DD HH24:MI:SS'),100,TO_TIMESTAMP('2021-01-21 17:42:26','YYYY-MM-DD HH24:MI:SS'),100,469,'Y','Y','LBRA','N','N','N','Y','526fd6b1-5e8f-4a46-ab84-24f846b8efb4','Y',10,'N','N','N')
;

-- 21 de jan de 2021 17:42:38 BRT
INSERT INTO AD_Column (AD_Column_ID,Version,Name,Description,Help,AD_Table_ID,ColumnName,FieldLength,IsKey,IsParent,IsMandatory,IsTranslated,IsIdentifier,SeqNo,IsEncrypted,AD_Reference_ID,AD_Client_ID,AD_Org_ID,IsActive,Created,CreatedBy,Updated,UpdatedBy,AD_Element_ID,IsUpdateable,IsSelectionColumn,EntityType,IsSyncDatabase,IsAlwaysUpdateable,IsAutocomplete,IsAllowLogging,AD_Column_UU,IsAllowCopy,SeqNoSelection,IsToolbarButton,IsSecure,IsHtml) VALUES (1132814,0,'Business Partner ','Identifies a Business Partner','A Business Partner is anyone with whom you transact.  This can include Vendor, Customer, Employee or Salesperson',1120709,'C_BPartner_ID',22,'N','N','N','N','N',0,'N',30,0,0,'Y',TO_TIMESTAMP('2021-01-21 17:42:38','YYYY-MM-DD HH24:MI:SS'),100,TO_TIMESTAMP('2021-01-21 17:42:38','YYYY-MM-DD HH24:MI:SS'),100,187,'N','N','LBRA','N','N','N','Y','2cafe719-0c0f-414f-ac66-056bee32add1','Y',0,'N','N','N')
;

-- 21 de jan de 2021 17:42:54 BRT
UPDATE AD_Column SET EntityType='LBRA',Updated=TO_TIMESTAMP('2021-01-21 17:42:54','YYYY-MM-DD HH24:MI:SS'),UpdatedBy=100 WHERE AD_Column_ID=1132813
;

-- 21 de jan de 2021 17:43:28 BRT
INSERT INTO AD_Column (AD_Column_ID,Version,Name,Description,Help,AD_Table_ID,AD_Val_Rule_ID,ColumnName,FieldLength,IsKey,IsParent,IsMandatory,IsTranslated,IsIdentifier,SeqNo,IsEncrypted,AD_Reference_ID,AD_Client_ID,AD_Org_ID,IsActive,Created,CreatedBy,Updated,UpdatedBy,AD_Element_ID,IsUpdateable,IsSelectionColumn,EntityType,IsSyncDatabase,IsAlwaysUpdateable,IsAutocomplete,IsAllowLogging,AD_Column_UU,IsAllowCopy,SeqNoSelection,IsToolbarButton,IsSecure,IsHtml) VALUES (1132815,0,'Partner Location','Identifies the (ship to) address for this Business Partner','The Partner address indicates the location of a Business Partner',1120709,131,'C_BPartner_Location_ID',22,'N','N','N','N','N',0,'N',30,0,0,'Y',TO_TIMESTAMP('2021-01-21 17:43:28','YYYY-MM-DD HH24:MI:SS'),100,TO_TIMESTAMP('2021-01-21 17:43:28','YYYY-MM-DD HH24:MI:SS'),100,189,'N','N','LBRA','N','N','N','Y','56642742-76f0-429d-8b22-5ba1f3a8f0b5','Y',0,'N','N','N')
;

-- 21 de jan de 2021 17:43:36 BRT
UPDATE AD_Column SET AD_Reference_ID=19,Updated=TO_TIMESTAMP('2021-01-21 17:43:36','YYYY-MM-DD HH24:MI:SS'),UpdatedBy=100 WHERE AD_Column_ID=1132815
;

-- 21 de jan de 2021 17:44:50 BRT
UPDATE AD_Column SET FKConstraintName='ADClient_LBRHRSyndicate', FKConstraintType='N',Updated=TO_TIMESTAMP('2021-01-21 17:44:50','YYYY-MM-DD HH24:MI:SS'),UpdatedBy=100 WHERE AD_Column_ID=1132803
;

-- 21 de jan de 2021 17:44:50 BRT
UPDATE AD_Column SET FKConstraintName='ADOrg_LBRHRSyndicate', FKConstraintType='N',Updated=TO_TIMESTAMP('2021-01-21 17:44:50','YYYY-MM-DD HH24:MI:SS'),UpdatedBy=100 WHERE AD_Column_ID=1132804
;

-- 21 de jan de 2021 17:44:50 BRT
UPDATE AD_Column SET FKConstraintName='CBPartner_LBRHRSyndicate', FKConstraintType='N',Updated=TO_TIMESTAMP('2021-01-21 17:44:50','YYYY-MM-DD HH24:MI:SS'),UpdatedBy=100 WHERE AD_Column_ID=1132814
;

-- 21 de jan de 2021 17:44:50 BRT
UPDATE AD_Column SET FKConstraintName='CBPartnerLocation_LBRHRSindica', FKConstraintType='N',Updated=TO_TIMESTAMP('2021-01-21 17:44:50','YYYY-MM-DD HH24:MI:SS'),UpdatedBy=100 WHERE AD_Column_ID=1132815
;

-- 21 de jan de 2021 17:44:50 BRT
CREATE TABLE LBR_HRSyndicate (AD_Client_ID NUMERIC(10) NOT NULL, AD_Org_ID NUMERIC(10) NOT NULL, C_BPartner_ID NUMERIC(10) DEFAULT NULL , C_BPartner_Location_ID NUMERIC(10) DEFAULT NULL , Created TIMESTAMP DEFAULT statement_timestamp() NOT NULL, CreatedBy NUMERIC(10) DEFAULT NULL , IsActive CHAR(1) DEFAULT 'Y' CHECK (IsActive IN ('Y','N')) NOT NULL, LBR_HRSyndicate_ID NUMERIC(10) NOT NULL, LBR_HRSyndicate_UU VARCHAR(36) DEFAULT NULL , Name VARCHAR(60) DEFAULT NULL , Updated TIMESTAMP DEFAULT statement_timestamp() NOT NULL, UpdatedBy NUMERIC(10) DEFAULT NULL , CONSTRAINT LBR_HRSyndicate_Key PRIMARY KEY (LBR_HRSyndicate_ID), CONSTRAINT LBR_HRSyndicate_UU_idx UNIQUE (LBR_HRSyndicate_UU))
;

-- 21 de jan de 2021 17:44:52 BRT
ALTER TABLE LBR_HRSyndicate ADD CONSTRAINT ADClient_LBRHRSyndicate FOREIGN KEY (AD_Client_ID) REFERENCES ad_client(ad_client_id) DEFERRABLE INITIALLY DEFERRED
;

-- 21 de jan de 2021 17:44:52 BRT
ALTER TABLE LBR_HRSyndicate ADD CONSTRAINT ADOrg_LBRHRSyndicate FOREIGN KEY (AD_Org_ID) REFERENCES ad_org(ad_org_id) DEFERRABLE INITIALLY DEFERRED
;

-- 21 de jan de 2021 17:44:52 BRT
ALTER TABLE LBR_HRSyndicate ADD CONSTRAINT CBPartner_LBRHRSyndicate FOREIGN KEY (C_BPartner_ID) REFERENCES c_bpartner(c_bpartner_id) DEFERRABLE INITIALLY DEFERRED
;

-- 21 de jan de 2021 17:44:52 BRT
ALTER TABLE LBR_HRSyndicate ADD CONSTRAINT CBPartnerLocation_LBRHRSindica FOREIGN KEY (C_BPartner_Location_ID) REFERENCES c_bpartner_location(c_bpartner_location_id) DEFERRABLE INITIALLY DEFERRED
;

-- I forgot to set the DICTIONARY_ID_COMMENTS System Configurator
-- 25 de jan de 2021 01:04:05 BRT
INSERT INTO AD_Column (AD_Column_ID,Version,Name,Description,Help,AD_Table_ID,ColumnName,DefaultValue,FieldLength,IsKey,IsParent,IsMandatory,IsTranslated,IsIdentifier,SeqNo,IsEncrypted,AD_Reference_ID,AD_Client_ID,AD_Org_ID,IsActive,Created,CreatedBy,Updated,UpdatedBy,AD_Element_ID,IsUpdateable,IsSelectionColumn,EntityType,IsSyncDatabase,IsAlwaysUpdateable,IsAutocomplete,IsAllowLogging,AD_Column_UU,IsAllowCopy,SeqNoSelection,IsToolbarButton,IsSecure,FKConstraintType,IsHtml) VALUES (1132816,0,'Syndicate Member','Indicate if Employee is Member of a Syndicate','Indicate if Employee is Member of a Syndicate',53086,'LBR_IsSyndicateMember','N',1,'N','N','Y','N','N',0,'N',20,0,0,'Y',TO_TIMESTAMP('2021-01-25 01:04:05','YYYY-MM-DD HH24:MI:SS'),100,TO_TIMESTAMP('2021-01-25 01:04:05','YYYY-MM-DD HH24:MI:SS'),100,1123257,'Y','N','LBRA','N','N','N','Y','f66d21b0-2f65-4e94-bfc7-9ce02733c40b','Y',0,'N','N','N','N')
;

-- 25 de jan de 2021 01:04:15 BRT
ALTER TABLE HR_Employee ADD COLUMN LBR_IsSyndicateMember CHAR(1) DEFAULT 'N' CHECK (LBR_IsSyndicateMember IN ('Y','N')) NOT NULL
;

-- 25 de jan de 2021 01:04:41 BRT
INSERT INTO AD_Column (AD_Column_ID,Version,Name,Description,Help,AD_Table_ID,ColumnName,DefaultValue,FieldLength,IsKey,IsParent,IsMandatory,IsTranslated,IsIdentifier,SeqNo,IsEncrypted,AD_Reference_ID,AD_Client_ID,AD_Org_ID,IsActive,Created,CreatedBy,Updated,UpdatedBy,AD_Element_ID,IsUpdateable,IsSelectionColumn,EntityType,IsSyncDatabase,IsAlwaysUpdateable,IsAutocomplete,IsAllowLogging,AD_Column_UU,IsAllowCopy,SeqNoSelection,IsToolbarButton,IsSecure,FKConstraintType,IsHtml) VALUES (1132817,0,'Has Motor Disability','Indicate if person has Motor Disability','Indicate if person has Motor Disability',53086,'LBR_HasMotorDisability','N',1,'N','N','Y','N','N',0,'N',20,0,0,'Y',TO_TIMESTAMP('2021-01-25 01:04:40','YYYY-MM-DD HH24:MI:SS'),100,TO_TIMESTAMP('2021-01-25 01:04:40','YYYY-MM-DD HH24:MI:SS'),100,1123242,'Y','N','LBRA','N','N','N','Y','b6eefd32-7c10-4d4f-9f3b-c3754cdad9a3','Y',0,'N','N','N','N')
;

-- 25 de jan de 2021 01:04:45 BRT
ALTER TABLE HR_Employee ADD COLUMN LBR_HasMotorDisability CHAR(1) DEFAULT 'N' CHECK (LBR_HasMotorDisability IN ('Y','N')) NOT NULL
;

-- 25 de jan de 2021 01:05:06 BRT
INSERT INTO AD_Column (AD_Column_ID,Version,Name,Description,Help,AD_Table_ID,ColumnName,DefaultValue,FieldLength,IsKey,IsParent,IsMandatory,IsTranslated,IsIdentifier,SeqNo,IsEncrypted,AD_Reference_ID,AD_Client_ID,AD_Org_ID,IsActive,Created,CreatedBy,Updated,UpdatedBy,AD_Element_ID,IsUpdateable,IsSelectionColumn,EntityType,IsSyncDatabase,IsAlwaysUpdateable,IsAutocomplete,IsAllowLogging,AD_Column_UU,IsAllowCopy,SeqNoSelection,IsToolbarButton,IsSecure,FKConstraintType,IsHtml) VALUES (1132818,0,'Has Vision Disability','Indicate if person has Vision Disability','Indicate if person has Vision Disability',53086,'LBR_HasVisionDisability','N',1,'N','N','Y','N','N',0,'N',20,0,0,'Y',TO_TIMESTAMP('2021-01-25 01:05:06','YYYY-MM-DD HH24:MI:SS'),100,TO_TIMESTAMP('2021-01-25 01:05:06','YYYY-MM-DD HH24:MI:SS'),100,1123243,'Y','N','LBRA','N','N','N','Y','22a8510c-96e8-4a06-87e6-20fbaca32565','Y',0,'N','N','N','N')
;

-- 25 de jan de 2021 01:05:10 BRT
ALTER TABLE HR_Employee ADD COLUMN LBR_HasVisionDisability CHAR(1) DEFAULT 'N' CHECK (LBR_HasVisionDisability IN ('Y','N')) NOT NULL
;

-- 25 de jan de 2021 01:05:23 BRT
INSERT INTO AD_Column (AD_Column_ID,Version,Name,Description,Help,AD_Table_ID,ColumnName,DefaultValue,FieldLength,IsKey,IsParent,IsMandatory,IsTranslated,IsIdentifier,SeqNo,IsEncrypted,AD_Reference_ID,AD_Client_ID,AD_Org_ID,IsActive,Created,CreatedBy,Updated,UpdatedBy,AD_Element_ID,IsUpdateable,IsSelectionColumn,EntityType,IsSyncDatabase,IsAlwaysUpdateable,IsAutocomplete,IsAllowLogging,AD_Column_UU,IsAllowCopy,SeqNoSelection,IsToolbarButton,IsSecure,FKConstraintType,IsHtml) VALUES (1132819,0,'Has Hearing Disability','Indicate if person has Hearing Disability','Indicate if person has Hearing Disability',53086,'LBR_HasHearingDisability','N',1,'N','N','Y','N','N',0,'N',20,0,0,'Y',TO_TIMESTAMP('2021-01-25 01:05:23','YYYY-MM-DD HH24:MI:SS'),100,TO_TIMESTAMP('2021-01-25 01:05:23','YYYY-MM-DD HH24:MI:SS'),100,1123244,'Y','N','LBRA','N','N','N','Y','532ec90c-4cec-4644-94fc-35157fd07f71','Y',0,'N','N','N','N')
;

-- 25 de jan de 2021 01:05:27 BRT
ALTER TABLE HR_Employee ADD COLUMN LBR_HasHearingDisability CHAR(1) DEFAULT 'N' CHECK (LBR_HasHearingDisability IN ('Y','N')) NOT NULL
;

-- 25 de jan de 2021 01:05:38 BRT
INSERT INTO AD_Column (AD_Column_ID,Version,Name,Description,Help,AD_Table_ID,ColumnName,DefaultValue,FieldLength,IsKey,IsParent,IsMandatory,IsTranslated,IsIdentifier,SeqNo,IsEncrypted,AD_Reference_ID,AD_Client_ID,AD_Org_ID,IsActive,Created,CreatedBy,Updated,UpdatedBy,AD_Element_ID,IsUpdateable,IsSelectionColumn,EntityType,IsSyncDatabase,IsAlwaysUpdateable,IsAutocomplete,IsAllowLogging,AD_Column_UU,IsAllowCopy,SeqNoSelection,IsToolbarButton,IsSecure,FKConstraintType,IsHtml) VALUES (1132820,0,'Has Others Disability','Indicate if person has Others Disability','Indicate if person has Others Disability. Use disability description to specify',53086,'LBR_HasOthersDisability','N',1,'N','N','Y','N','N',0,'N',20,0,0,'Y',TO_TIMESTAMP('2021-01-25 01:05:37','YYYY-MM-DD HH24:MI:SS'),100,TO_TIMESTAMP('2021-01-25 01:05:37','YYYY-MM-DD HH24:MI:SS'),100,1123245,'Y','N','LBRA','N','N','N','Y','0578cad8-5719-4d26-8aab-4ebe3d70a566','Y',0,'N','N','N','N')
;

-- 25 de jan de 2021 01:05:42 BRT
ALTER TABLE HR_Employee ADD COLUMN LBR_HasOthersDisability CHAR(1) DEFAULT 'N' CHECK (LBR_HasOthersDisability IN ('Y','N')) NOT NULL
;

-- 25 de jan de 2021 01:05:53 BRT
INSERT INTO AD_Column (AD_Column_ID,Version,Name,Description,Help,AD_Table_ID,ColumnName,DefaultValue,FieldLength,IsKey,IsParent,IsMandatory,IsTranslated,IsIdentifier,SeqNo,IsEncrypted,AD_Reference_ID,AD_Client_ID,AD_Org_ID,IsActive,Created,CreatedBy,Updated,UpdatedBy,AD_Element_ID,IsUpdateable,IsSelectionColumn,EntityType,IsSyncDatabase,IsAlwaysUpdateable,IsAutocomplete,IsAllowLogging,AD_Column_UU,IsAllowCopy,SeqNoSelection,IsToolbarButton,IsSecure,FKConstraintType,IsHtml) VALUES (1132821,0,'Has Rehabilitated Disability','Indicate if person Rehabilitated Disability','Indicate if person Rehabilitated Disability',53086,'LBR_HasRehabilitatedDisability','N',1,'N','N','Y','N','N',0,'N',20,0,0,'Y',TO_TIMESTAMP('2021-01-25 01:05:52','YYYY-MM-DD HH24:MI:SS'),100,TO_TIMESTAMP('2021-01-25 01:05:52','YYYY-MM-DD HH24:MI:SS'),100,1123246,'Y','N','LBRA','N','N','N','Y','63de42e9-794b-4647-90f0-45c13aecfd84','Y',0,'N','N','N','N')
;

-- 25 de jan de 2021 01:05:57 BRT
ALTER TABLE HR_Employee ADD COLUMN LBR_HasRehabilitatedDisability CHAR(1) DEFAULT 'N' CHECK (LBR_HasRehabilitatedDisability IN ('Y','N')) NOT NULL
;

-- 25 de jan de 2021 01:06:35 BRT
INSERT INTO AD_Column (AD_Column_ID,Version,Name,Description,Help,AD_Table_ID,ColumnName,DefaultValue,FieldLength,IsKey,IsParent,IsMandatory,IsTranslated,IsIdentifier,SeqNo,IsEncrypted,AD_Reference_ID,AD_Client_ID,AD_Org_ID,IsActive,Created,CreatedBy,Updated,UpdatedBy,AD_Element_ID,IsUpdateable,IsSelectionColumn,EntityType,IsSyncDatabase,IsAlwaysUpdateable,IsAutocomplete,IsAllowLogging,AD_Column_UU,IsAllowCopy,SeqNoSelection,IsToolbarButton,IsSecure,FKConstraintType,IsHtml) VALUES (1132822,0,'Has Mentally Disability','Indicate if person has Mentally Disability','Indicate if person has Mentally Disability',53086,'LBR_HasMentallyDisability','N',1,'N','N','Y','N','N',0,'N',20,0,0,'Y',TO_TIMESTAMP('2021-01-25 01:06:34','YYYY-MM-DD HH24:MI:SS'),100,TO_TIMESTAMP('2021-01-25 01:06:34','YYYY-MM-DD HH24:MI:SS'),100,1123247,'Y','N','LBRA','N','N','N','Y','b9b97475-c781-4886-a5d6-bf8c73d72963','Y',0,'N','N','N','N')
;

-- 25 de jan de 2021 01:12:44 BRT
INSERT INTO AD_Column (AD_Column_ID,Version,Name,Description,Help,AD_Table_ID,ColumnName,FieldLength,IsKey,IsParent,IsMandatory,IsTranslated,IsIdentifier,SeqNo,IsEncrypted,AD_Reference_ID,AD_Client_ID,AD_Org_ID,IsActive,Created,CreatedBy,Updated,UpdatedBy,AD_Element_ID,IsUpdateable,IsSelectionColumn,EntityType,IsSyncDatabase,IsAlwaysUpdateable,IsAutocomplete,IsAllowLogging,AD_Column_UU,IsAllowCopy,SeqNoSelection,IsToolbarButton,IsSecure,FKConstraintType,IsHtml) VALUES (1132823,0,'E-Social Code','E-Social Code','E-Social Code identify E-Social Event',53086,'LBR_ESocialCode',40,'N','N','N','N','N',0,'N',10,0,0,'Y',TO_TIMESTAMP('2021-01-25 01:12:43','YYYY-MM-DD HH24:MI:SS'),100,TO_TIMESTAMP('2021-01-25 01:12:43','YYYY-MM-DD HH24:MI:SS'),100,1123238,'Y','N','LBRA','N','N','N','Y','6aa6034a-dd8d-4ecd-a910-263decd61144','Y',0,'N','N','N','N')
;

-- 25 de jan de 2021 01:12:47 BRT
ALTER TABLE HR_Employee ADD COLUMN LBR_ESocialCode VARCHAR(40) DEFAULT NULL 
;

-- 25 de jan de 2021 01:13:46 BRT
INSERT INTO AD_Reference (AD_Reference_ID,Name,ValidationType,AD_Client_ID,AD_Org_ID,IsActive,Created,CreatedBy,Updated,UpdatedBy,EntityType,IsOrderByValue,AD_Reference_UU) VALUES (1120375,'LBR_HRPaymentRule List','L',0,0,'Y',TO_TIMESTAMP('2021-01-25 01:13:45','YYYY-MM-DD HH24:MI:SS'),100,TO_TIMESTAMP('2021-01-25 01:13:45','YYYY-MM-DD HH24:MI:SS'),100,'LBRA','N','083aad3b-e9b5-4ec7-a26a-670543397cea')
;

-- 25 de jan de 2021 01:14:16 BRT
INSERT INTO AD_Ref_List (AD_Ref_List_ID,Name,AD_Reference_ID,Value,AD_Client_ID,AD_Org_ID,IsActive,Created,CreatedBy,Updated,UpdatedBy,EntityType,AD_Ref_List_UU) VALUES (1122902,'Month',1120375,'1',0,0,'Y',TO_TIMESTAMP('2021-01-25 01:14:16','YYYY-MM-DD HH24:MI:SS'),100,TO_TIMESTAMP('2021-01-25 01:14:16','YYYY-MM-DD HH24:MI:SS'),100,'LBRA','f5f00e23-0a02-4843-b7d0-54140ecb72cd')
;

-- 25 de jan de 2021 01:14:48 BRT
INSERT INTO AD_Ref_List (AD_Ref_List_ID,Name,AD_Reference_ID,Value,AD_Client_ID,AD_Org_ID,IsActive,Created,CreatedBy,Updated,UpdatedBy,EntityType,AD_Ref_List_UU) VALUES (1122903,'Week',1120375,'2',0,0,'Y',TO_TIMESTAMP('2021-01-25 01:14:47','YYYY-MM-DD HH24:MI:SS'),100,TO_TIMESTAMP('2021-01-25 01:14:47','YYYY-MM-DD HH24:MI:SS'),100,'LBRA','bfe0fca1-3d73-44fd-9d3d-378a250a81bf')
;

-- 25 de jan de 2021 01:15:04 BRT
INSERT INTO AD_Column (AD_Column_ID,Version,Name,Help,AD_Table_ID,ColumnName,FieldLength,IsKey,IsParent,IsMandatory,IsTranslated,IsIdentifier,SeqNo,IsEncrypted,AD_Reference_ID,AD_Reference_Value_ID,AD_Client_ID,AD_Org_ID,IsActive,Created,CreatedBy,Updated,UpdatedBy,AD_Element_ID,IsUpdateable,IsSelectionColumn,EntityType,IsSyncDatabase,IsAlwaysUpdateable,IsAutocomplete,IsAllowLogging,AD_Column_UU,IsAllowCopy,SeqNoSelection,IsToolbarButton,IsSecure,FKConstraintType,IsHtml) VALUES (1132824,0,'HR Payment Rule','Payment Rule used on Human Resource
1=Month
2=Week',53086,'LBR_HRPaymentRule',1,'N','N','N','N','N',0,'N',17,1120375,0,0,'Y',TO_TIMESTAMP('2021-01-25 01:15:04','YYYY-MM-DD HH24:MI:SS'),100,TO_TIMESTAMP('2021-01-25 01:15:04','YYYY-MM-DD HH24:MI:SS'),100,1123249,'Y','N','LBRA','N','N','N','Y','400152d8-2fad-4378-9f5d-b88fd26e418e','Y',0,'N','N','N','N')
;

-- 25 de jan de 2021 01:15:19 BRT
ALTER TABLE HR_Employee ADD COLUMN LBR_HRPaymentRule CHAR(1) DEFAULT NULL 
;

-- 25 de jan de 2021 01:15:44 BRT
INSERT INTO AD_Column (AD_Column_ID,Version,Name,Description,Help,AD_Table_ID,ColumnName,DefaultValue,FieldLength,IsKey,IsParent,IsMandatory,IsTranslated,IsIdentifier,SeqNo,IsEncrypted,AD_Reference_ID,AD_Client_ID,AD_Org_ID,IsActive,Created,CreatedBy,Updated,UpdatedBy,AD_Element_ID,IsUpdateable,IsSelectionColumn,EntityType,IsSyncDatabase,IsAlwaysUpdateable,IsAutocomplete,IsAllowLogging,AD_Column_UU,IsAllowCopy,SeqNoSelection,IsToolbarButton,IsSecure,FKConstraintType,IsHtml) VALUES (1132825,0,'Has Intellectual Disability','Indicate if person has Intellectual Disability','Indicate if person has Intellectual Disability',53086,'LBR_HasIntellectualDisability','N',1,'N','N','Y','N','N',0,'N',20,0,0,'Y',TO_TIMESTAMP('2021-01-25 01:15:43','YYYY-MM-DD HH24:MI:SS'),100,TO_TIMESTAMP('2021-01-25 01:15:43','YYYY-MM-DD HH24:MI:SS'),100,1123251,'Y','N','LBRA','N','N','N','Y','b86109fc-5f04-47fc-b2ca-96b18a4922cc','Y',0,'N','N','N','N')
;

-- 25 de jan de 2021 01:15:47 BRT
ALTER TABLE HR_Employee ADD COLUMN LBR_HasIntellectualDisability CHAR(1) DEFAULT 'N' CHECK (LBR_HasIntellectualDisability IN ('Y','N')) NOT NULL
;

-- 25 de jan de 2021 01:16:05 BRT
INSERT INTO AD_Column (AD_Column_ID,Version,Name,Description,Help,AD_Table_ID,ColumnName,DefaultValue,FieldLength,IsKey,IsParent,IsMandatory,IsTranslated,IsIdentifier,SeqNo,IsEncrypted,AD_Reference_ID,AD_Client_ID,AD_Org_ID,IsActive,Created,CreatedBy,Updated,UpdatedBy,AD_Element_ID,IsUpdateable,IsSelectionColumn,EntityType,IsSyncDatabase,IsAlwaysUpdateable,IsAutocomplete,IsAllowLogging,AD_Column_UU,IsAllowCopy,SeqNoSelection,IsToolbarButton,IsSecure,FKConstraintType,IsHtml) VALUES (1132826,0,'Disability Quote','Indicate if employee is included on Disability Quote','Indicate if employee is included on Disability Quote',53086,'LBR_IsDisabilityQuote','N',1,'N','N','Y','N','N',0,'N',20,0,0,'Y',TO_TIMESTAMP('2021-01-25 01:16:05','YYYY-MM-DD HH24:MI:SS'),100,TO_TIMESTAMP('2021-01-25 01:16:05','YYYY-MM-DD HH24:MI:SS'),100,1123252,'Y','N','LBRA','N','N','N','Y','3801fb98-f74f-440f-a19a-9b2eb03cfd74','Y',0,'N','N','N','N')
;

-- 25 de jan de 2021 01:16:09 BRT
ALTER TABLE HR_Employee ADD COLUMN LBR_IsDisabilityQuote CHAR(1) DEFAULT 'N' CHECK (LBR_IsDisabilityQuote IN ('Y','N')) NOT NULL
;

-- 25 de jan de 2021 01:19:14 BRT
INSERT INTO AD_Column (AD_Column_ID,Version,Name,Description,Help,AD_Table_ID,ColumnName,DefaultValue,FieldLength,IsKey,IsParent,IsMandatory,IsTranslated,IsIdentifier,SeqNo,IsEncrypted,AD_Reference_ID,AD_Client_ID,AD_Org_ID,IsActive,Created,CreatedBy,Updated,UpdatedBy,AD_Element_ID,IsUpdateable,IsSelectionColumn,EntityType,IsSyncDatabase,IsAlwaysUpdateable,IsAutocomplete,IsAllowLogging,AD_Column_UU,IsAllowCopy,SeqNoSelection,IsToolbarButton,IsSecure,FKConstraintType,IsHtml) VALUES (1132827,0,'Wage Advance Percent','Indicate which percent must be applicated on Wage Advance Calculation','Indicate which percent must be applicated on Wage Advance Calculation',53086,'LBR_WageAdvancePercent','0',22,'N','N','N','N','N',0,'N',22,0,0,'Y',TO_TIMESTAMP('2021-01-25 01:19:14','YYYY-MM-DD HH24:MI:SS'),100,TO_TIMESTAMP('2021-01-25 01:19:14','YYYY-MM-DD HH24:MI:SS'),100,1123253,'Y','N','LBRA','N','N','N','Y','1dd3de86-0ac1-4c14-a78d-d996058a48a0','Y',0,'N','N','N','N')
;

-- 25 de jan de 2021 01:19:19 BRT
ALTER TABLE HR_Employee ADD COLUMN LBR_WageAdvancePercent NUMERIC DEFAULT '0' 
;

-- 25 de jan de 2021 01:19:32 BRT
INSERT INTO AD_Column (AD_Column_ID,Version,Name,Description,Help,AD_Table_ID,ColumnName,DefaultValue,FieldLength,IsKey,IsParent,IsMandatory,IsTranslated,IsIdentifier,SeqNo,IsEncrypted,AD_Reference_ID,AD_Client_ID,AD_Org_ID,IsActive,Created,CreatedBy,Updated,UpdatedBy,AD_Element_ID,IsUpdateable,IsSelectionColumn,EntityType,IsSyncDatabase,IsAlwaysUpdateable,IsAutocomplete,IsAllowLogging,AD_Column_UU,IsAllowCopy,SeqNoSelection,IsToolbarButton,IsSecure,FKConstraintType,IsHtml) VALUES (1132828,0,'Opts Health Plan','Indicate if employee Opts to Health Plan','Indicate if employee Opts to Health Plan',53086,'LBR_OptsHealthPlan','N',1,'N','N','Y','N','N',0,'N',20,0,0,'Y',TO_TIMESTAMP('2021-01-25 01:19:31','YYYY-MM-DD HH24:MI:SS'),100,TO_TIMESTAMP('2021-01-25 01:19:31','YYYY-MM-DD HH24:MI:SS'),100,1123254,'Y','N','LBRA','N','N','N','Y','e1aa20d8-438e-4580-9963-808990028b0c','Y',0,'N','N','N','N')
;

-- 25 de jan de 2021 01:19:35 BRT
ALTER TABLE HR_Employee ADD COLUMN LBR_OptsHealthPlan CHAR(1) DEFAULT 'N' CHECK (LBR_OptsHealthPlan IN ('Y','N')) NOT NULL
;

-- 25 de jan de 2021 01:36:40 BRT
INSERT INTO AD_Field (AD_Field_ID,Name,Description,Help,AD_Tab_ID,AD_Column_ID,IsDisplayed,DisplayLength,SeqNo,IsSameLine,IsHeading,IsFieldOnly,IsEncrypted,AD_Client_ID,AD_Org_ID,IsActive,Created,CreatedBy,Updated,UpdatedBy,IsReadOnly,IsCentrallyMaintained,EntityType,AD_Field_UU,IsDisplayedGrid,SeqNoGrid,XPosition,ColumnSpan) VALUES (1130207,'Syndicate Member','Indicate if Employee is Member of a Syndicate','Indicate if Employee is Member of a Syndicate',53102,1132816,'Y',1,490,'N','N','N','N',0,0,'Y',TO_TIMESTAMP('2021-01-25 01:36:39','YYYY-MM-DD HH24:MI:SS'),100,TO_TIMESTAMP('2021-01-25 01:36:39','YYYY-MM-DD HH24:MI:SS'),100,'N','Y','LBRA','92890f2b-fd24-48f3-a5aa-9b618d6b0993','Y',121,2,2)
;

-- 25 de jan de 2021 01:36:40 BRT
INSERT INTO AD_Field (AD_Field_ID,Name,Description,Help,AD_Tab_ID,AD_Column_ID,IsDisplayed,DisplayLength,SeqNo,IsSameLine,IsHeading,IsFieldOnly,IsEncrypted,AD_Client_ID,AD_Org_ID,IsActive,Created,CreatedBy,Updated,UpdatedBy,IsReadOnly,IsCentrallyMaintained,EntityType,AD_Field_UU,IsDisplayedGrid,SeqNoGrid,XPosition,ColumnSpan) VALUES (1130208,'Has Motor Disability','Indicate if person has Motor Disability','Indicate if person has Motor Disability',53102,1132817,'Y',1,500,'N','N','N','N',0,0,'Y',TO_TIMESTAMP('2021-01-25 01:36:40','YYYY-MM-DD HH24:MI:SS'),100,TO_TIMESTAMP('2021-01-25 01:36:40','YYYY-MM-DD HH24:MI:SS'),100,'N','Y','LBRA','d19b899f-c273-48b9-b9dd-6b86717f5612','Y',131,2,2)
;

-- 25 de jan de 2021 01:36:40 BRT
INSERT INTO AD_Field (AD_Field_ID,Name,Description,Help,AD_Tab_ID,AD_Column_ID,IsDisplayed,DisplayLength,SeqNo,IsSameLine,IsHeading,IsFieldOnly,IsEncrypted,AD_Client_ID,AD_Org_ID,IsActive,Created,CreatedBy,Updated,UpdatedBy,IsReadOnly,IsCentrallyMaintained,EntityType,AD_Field_UU,IsDisplayedGrid,SeqNoGrid,XPosition,ColumnSpan) VALUES (1130209,'Has Vision Disability','Indicate if person has Vision Disability','Indicate if person has Vision Disability',53102,1132818,'Y',1,510,'N','N','N','N',0,0,'Y',TO_TIMESTAMP('2021-01-25 01:36:40','YYYY-MM-DD HH24:MI:SS'),100,TO_TIMESTAMP('2021-01-25 01:36:40','YYYY-MM-DD HH24:MI:SS'),100,'N','Y','LBRA','96477631-bc71-4182-98ac-44b4d25949c6','Y',141,2,2)
;

-- 25 de jan de 2021 01:36:41 BRT
INSERT INTO AD_Field (AD_Field_ID,Name,Description,Help,AD_Tab_ID,AD_Column_ID,IsDisplayed,DisplayLength,SeqNo,IsSameLine,IsHeading,IsFieldOnly,IsEncrypted,AD_Client_ID,AD_Org_ID,IsActive,Created,CreatedBy,Updated,UpdatedBy,IsReadOnly,IsCentrallyMaintained,EntityType,AD_Field_UU,IsDisplayedGrid,SeqNoGrid,XPosition,ColumnSpan) VALUES (1130210,'Has Hearing Disability','Indicate if person has Hearing Disability','Indicate if person has Hearing Disability',53102,1132819,'Y',1,520,'N','N','N','N',0,0,'Y',TO_TIMESTAMP('2021-01-25 01:36:41','YYYY-MM-DD HH24:MI:SS'),100,TO_TIMESTAMP('2021-01-25 01:36:41','YYYY-MM-DD HH24:MI:SS'),100,'N','Y','LBRA','89189ddd-4968-40c9-a552-265434f8188c','Y',151,2,2)
;

-- 25 de jan de 2021 01:36:41 BRT
INSERT INTO AD_Field (AD_Field_ID,Name,Description,Help,AD_Tab_ID,AD_Column_ID,IsDisplayed,DisplayLength,SeqNo,IsSameLine,IsHeading,IsFieldOnly,IsEncrypted,AD_Client_ID,AD_Org_ID,IsActive,Created,CreatedBy,Updated,UpdatedBy,IsReadOnly,IsCentrallyMaintained,EntityType,AD_Field_UU,IsDisplayedGrid,SeqNoGrid,XPosition,ColumnSpan) VALUES (1130211,'Has Others Disability','Indicate if person has Others Disability','Indicate if person has Others Disability. Use disability description to specify',53102,1132820,'Y',1,530,'N','N','N','N',0,0,'Y',TO_TIMESTAMP('2021-01-25 01:36:41','YYYY-MM-DD HH24:MI:SS'),100,TO_TIMESTAMP('2021-01-25 01:36:41','YYYY-MM-DD HH24:MI:SS'),100,'N','Y','LBRA','7e86250c-a9ae-465d-8c50-d72adf0fa98c','Y',161,2,2)
;

-- 25 de jan de 2021 01:36:42 BRT
INSERT INTO AD_Field (AD_Field_ID,Name,Description,Help,AD_Tab_ID,AD_Column_ID,IsDisplayed,DisplayLength,SeqNo,IsSameLine,IsHeading,IsFieldOnly,IsEncrypted,AD_Client_ID,AD_Org_ID,IsActive,Created,CreatedBy,Updated,UpdatedBy,IsReadOnly,IsCentrallyMaintained,EntityType,AD_Field_UU,IsDisplayedGrid,SeqNoGrid,XPosition,ColumnSpan) VALUES (1130212,'Has Rehabilitated Disability','Indicate if person Rehabilitated Disability','Indicate if person Rehabilitated Disability',53102,1132821,'Y',1,540,'N','N','N','N',0,0,'Y',TO_TIMESTAMP('2021-01-25 01:36:41','YYYY-MM-DD HH24:MI:SS'),100,TO_TIMESTAMP('2021-01-25 01:36:41','YYYY-MM-DD HH24:MI:SS'),100,'N','Y','LBRA','fb7d10e4-a691-4f88-ac43-337ec9404408','Y',171,2,2)
;

-- 25 de jan de 2021 01:36:42 BRT
INSERT INTO AD_Field (AD_Field_ID,Name,Description,Help,AD_Tab_ID,AD_Column_ID,IsDisplayed,DisplayLength,SeqNo,IsSameLine,IsHeading,IsFieldOnly,IsEncrypted,AD_Client_ID,AD_Org_ID,IsActive,Created,CreatedBy,Updated,UpdatedBy,IsReadOnly,IsCentrallyMaintained,EntityType,AD_Field_UU,IsDisplayedGrid,SeqNoGrid,XPosition,ColumnSpan) VALUES (1130213,'Has Mentally Disability','Indicate if person has Mentally Disability','Indicate if person has Mentally Disability',53102,1132822,'Y',1,550,'N','N','N','N',0,0,'Y',TO_TIMESTAMP('2021-01-25 01:36:42','YYYY-MM-DD HH24:MI:SS'),100,TO_TIMESTAMP('2021-01-25 01:36:42','YYYY-MM-DD HH24:MI:SS'),100,'N','Y','LBRA','979d4035-66c1-4970-8813-8a69bdcffa5b','Y',181,2,2)
;

-- 25 de jan de 2021 01:36:42 BRT
INSERT INTO AD_Field (AD_Field_ID,Name,Description,Help,AD_Tab_ID,AD_Column_ID,IsDisplayed,DisplayLength,SeqNo,IsSameLine,IsHeading,IsFieldOnly,IsEncrypted,AD_Client_ID,AD_Org_ID,IsActive,Created,CreatedBy,Updated,UpdatedBy,IsReadOnly,IsCentrallyMaintained,EntityType,AD_Field_UU,IsDisplayedGrid,SeqNoGrid,ColumnSpan) VALUES (1130214,'E-Social Code','E-Social Code','E-Social Code identify E-Social Event',53102,1132823,'Y',40,560,'N','N','N','N',0,0,'Y',TO_TIMESTAMP('2021-01-25 01:36:42','YYYY-MM-DD HH24:MI:SS'),100,TO_TIMESTAMP('2021-01-25 01:36:42','YYYY-MM-DD HH24:MI:SS'),100,'N','Y','LBRA','deb4be33-c31a-4893-99c6-02325fdb0793','Y',191,2)
;

-- 25 de jan de 2021 01:36:43 BRT
INSERT INTO AD_Field (AD_Field_ID,Name,Help,AD_Tab_ID,AD_Column_ID,IsDisplayed,DisplayLength,SeqNo,IsSameLine,IsHeading,IsFieldOnly,IsEncrypted,AD_Client_ID,AD_Org_ID,IsActive,Created,CreatedBy,Updated,UpdatedBy,IsReadOnly,IsCentrallyMaintained,EntityType,AD_Field_UU,IsDisplayedGrid,SeqNoGrid,ColumnSpan) VALUES (1130215,'HR Payment Rule','Payment Rule used on Human Resource
1=Month
2=Week',53102,1132824,'Y',1,570,'N','N','N','N',0,0,'Y',TO_TIMESTAMP('2021-01-25 01:36:42','YYYY-MM-DD HH24:MI:SS'),100,TO_TIMESTAMP('2021-01-25 01:36:42','YYYY-MM-DD HH24:MI:SS'),100,'N','Y','LBRA','516f44b2-9565-4fa1-9935-c7c383708414','Y',201,2)
;

-- 25 de jan de 2021 01:36:43 BRT
INSERT INTO AD_Field (AD_Field_ID,Name,Description,Help,AD_Tab_ID,AD_Column_ID,IsDisplayed,DisplayLength,SeqNo,IsSameLine,IsHeading,IsFieldOnly,IsEncrypted,AD_Client_ID,AD_Org_ID,IsActive,Created,CreatedBy,Updated,UpdatedBy,IsReadOnly,IsCentrallyMaintained,EntityType,AD_Field_UU,IsDisplayedGrid,SeqNoGrid,XPosition,ColumnSpan) VALUES (1130216,'Disability Quote','Indicate if employee is included on Disability Quote','Indicate if employee is included on Disability Quote',53102,1132826,'Y',1,580,'N','N','N','N',0,0,'Y',TO_TIMESTAMP('2021-01-25 01:36:43','YYYY-MM-DD HH24:MI:SS'),100,TO_TIMESTAMP('2021-01-25 01:36:43','YYYY-MM-DD HH24:MI:SS'),100,'N','Y','LBRA','08c3b1a5-774a-4a2d-ba2a-35612f7773c4','Y',211,2,2)
;

-- 25 de jan de 2021 01:36:43 BRT
INSERT INTO AD_Field (AD_Field_ID,Name,Description,Help,AD_Tab_ID,AD_Column_ID,IsDisplayed,DisplayLength,SeqNo,IsSameLine,IsHeading,IsFieldOnly,IsEncrypted,AD_Client_ID,AD_Org_ID,IsActive,Created,CreatedBy,Updated,UpdatedBy,IsReadOnly,IsCentrallyMaintained,EntityType,AD_Field_UU,IsDisplayedGrid,SeqNoGrid,ColumnSpan) VALUES (1130217,'Wage Advance Percent','Indicate which percent must be applicated on Wage Advance Calculation','Indicate which percent must be applicated on Wage Advance Calculation',53102,1132827,'Y',22,590,'N','N','N','N',0,0,'Y',TO_TIMESTAMP('2021-01-25 01:36:43','YYYY-MM-DD HH24:MI:SS'),100,TO_TIMESTAMP('2021-01-25 01:36:43','YYYY-MM-DD HH24:MI:SS'),100,'N','Y','LBRA','3529b6ba-3e2f-41e9-a421-26921d109fd9','Y',221,2)
;

-- I forgot to set the DICTIONARY_ID_COMMENTS System Configurator
-- 26 de jan de 2021 11:52:37 BRT
UPDATE AD_Field SET SeqNo=10, AD_Reference_Value_ID=NULL, AD_Val_Rule_ID=NULL, ColumnSpan=2, IsToolbarButton=NULL,Updated=TO_TIMESTAMP('2021-01-26 11:52:37','YYYY-MM-DD HH24:MI:SS'),UpdatedBy=100 WHERE AD_Field_ID=54780
;

-- 26 de jan de 2021 11:52:37 BRT
UPDATE AD_Field SET IsDisplayed='Y', SeqNo=20, AD_Reference_Value_ID=NULL, AD_Val_Rule_ID=NULL, XPosition=4, ColumnSpan=2, IsToolbarButton=NULL,Updated=TO_TIMESTAMP('2021-01-26 11:52:37','YYYY-MM-DD HH24:MI:SS'),UpdatedBy=100 WHERE AD_Field_ID=54781
;

-- 26 de jan de 2021 11:52:37 BRT
UPDATE AD_Field SET IsDisplayed='Y', SeqNo=30, AD_Reference_Value_ID=NULL, AD_Val_Rule_ID=NULL, XPosition=1, ColumnSpan=2, IsToolbarButton=NULL,Updated=TO_TIMESTAMP('2021-01-26 11:52:37','YYYY-MM-DD HH24:MI:SS'),UpdatedBy=100 WHERE AD_Field_ID=1128038
;

-- 26 de jan de 2021 11:52:37 BRT
UPDATE AD_Field SET SeqNo=40, AD_Reference_Value_ID=NULL, AD_Val_Rule_ID=NULL, IsToolbarButton=NULL,Updated=TO_TIMESTAMP('2021-01-26 11:52:37','YYYY-MM-DD HH24:MI:SS'),UpdatedBy=100 WHERE AD_Field_ID=1128128
;

-- 26 de jan de 2021 11:52:37 BRT
UPDATE AD_Field SET IsDisplayed='Y', SeqNo=50, AD_Reference_Value_ID=NULL, AD_Val_Rule_ID=NULL, XPosition=1, ColumnSpan=2, IsToolbarButton=NULL,Updated=TO_TIMESTAMP('2021-01-26 11:52:37','YYYY-MM-DD HH24:MI:SS'),UpdatedBy=100 WHERE AD_Field_ID=1130214
;

-- 26 de jan de 2021 11:52:37 BRT
UPDATE AD_Field SET SeqNo=60, AD_Reference_Value_ID=NULL, AD_Val_Rule_ID=NULL, ColumnSpan=2, IsToolbarButton=NULL,Updated=TO_TIMESTAMP('2021-01-26 11:52:37','YYYY-MM-DD HH24:MI:SS'),UpdatedBy=100 WHERE AD_Field_ID=1128032
;

-- 26 de jan de 2021 11:52:37 BRT
UPDATE AD_Field SET SeqNo=70, AD_Reference_Value_ID=NULL, AD_Val_Rule_ID=NULL, ColumnSpan=2, IsToolbarButton=NULL,Updated=TO_TIMESTAMP('2021-01-26 11:52:37','YYYY-MM-DD HH24:MI:SS'),UpdatedBy=100 WHERE AD_Field_ID=1128033
;

-- 26 de jan de 2021 11:52:37 BRT
UPDATE AD_Field SET IsDisplayed='Y', SeqNo=80, AD_Reference_Value_ID=NULL, AD_Val_Rule_ID=NULL, XPosition=1, IsToolbarButton=NULL,Updated=TO_TIMESTAMP('2021-01-26 11:52:37','YYYY-MM-DD HH24:MI:SS'),UpdatedBy=100 WHERE AD_Field_ID=1128168
;

-- 26 de jan de 2021 11:52:37 BRT
UPDATE AD_Field SET IsDisplayed='Y', SeqNo=90, AD_Reference_Value_ID=NULL, AD_Val_Rule_ID=NULL, XPosition=1, IsToolbarButton=NULL,Updated=TO_TIMESTAMP('2021-01-26 11:52:37','YYYY-MM-DD HH24:MI:SS'),UpdatedBy=100 WHERE AD_Field_ID=1128037
;

-- 26 de jan de 2021 11:52:37 BRT
UPDATE AD_Field SET IsDisplayed='Y', SeqNo=100, AD_Reference_Value_ID=NULL, AD_Val_Rule_ID=NULL, XPosition=4, IsToolbarButton=NULL,Updated=TO_TIMESTAMP('2021-01-26 11:52:37','YYYY-MM-DD HH24:MI:SS'),UpdatedBy=100 WHERE AD_Field_ID=1128010
;

-- 26 de jan de 2021 11:52:37 BRT
UPDATE AD_Field SET IsDisplayed='Y', SeqNo=110, AD_Reference_Value_ID=NULL, AD_Val_Rule_ID=NULL, XPosition=1, IsToolbarButton=NULL,Updated=TO_TIMESTAMP('2021-01-26 11:52:37','YYYY-MM-DD HH24:MI:SS'),UpdatedBy=100 WHERE AD_Field_ID=1128016
;

-- 26 de jan de 2021 11:52:37 BRT
UPDATE AD_Field SET IsDisplayed='Y', SeqNo=120, AD_Reference_Value_ID=NULL, AD_Val_Rule_ID=NULL, XPosition=1, IsToolbarButton=NULL,Updated=TO_TIMESTAMP('2021-01-26 11:52:37','YYYY-MM-DD HH24:MI:SS'),UpdatedBy=100 WHERE AD_Field_ID=1128014
;

-- 26 de jan de 2021 11:52:37 BRT
UPDATE AD_Field SET IsDisplayed='Y', SeqNo=130, AD_Reference_Value_ID=NULL, AD_Val_Rule_ID=NULL, XPosition=4, IsToolbarButton=NULL,Updated=TO_TIMESTAMP('2021-01-26 11:52:37','YYYY-MM-DD HH24:MI:SS'),UpdatedBy=100 WHERE AD_Field_ID=1128013
;

-- 26 de jan de 2021 11:52:37 BRT
UPDATE AD_Field SET IsDisplayed='Y', SeqNo=140, AD_Reference_Value_ID=NULL, AD_Val_Rule_ID=NULL, XPosition=1, IsToolbarButton=NULL,Updated=TO_TIMESTAMP('2021-01-26 11:52:37','YYYY-MM-DD HH24:MI:SS'),UpdatedBy=100 WHERE AD_Field_ID=1128015
;

-- 26 de jan de 2021 11:52:37 BRT
UPDATE AD_Field SET IsDisplayed='Y', SeqNo=150, AD_Reference_Value_ID=NULL, AD_Val_Rule_ID=NULL, XPosition=4, IsToolbarButton=NULL,Updated=TO_TIMESTAMP('2021-01-26 11:52:37','YYYY-MM-DD HH24:MI:SS'),UpdatedBy=100 WHERE AD_Field_ID=1128034
;

-- 26 de jan de 2021 11:52:37 BRT
UPDATE AD_Field SET IsDisplayed='Y', SeqNo=160, AD_Reference_Value_ID=NULL, AD_Val_Rule_ID=NULL, XPosition=1, IsToolbarButton=NULL,Updated=TO_TIMESTAMP('2021-01-26 11:52:37','YYYY-MM-DD HH24:MI:SS'),UpdatedBy=100 WHERE AD_Field_ID=1128026
;

-- 26 de jan de 2021 11:52:37 BRT
UPDATE AD_Field SET IsDisplayed='Y', SeqNo=170, AD_Reference_Value_ID=NULL, AD_Val_Rule_ID=NULL, XPosition=4, IsToolbarButton=NULL,Updated=TO_TIMESTAMP('2021-01-26 11:52:37','YYYY-MM-DD HH24:MI:SS'),UpdatedBy=100 WHERE AD_Field_ID=1128030
;

-- 26 de jan de 2021 11:52:37 BRT
UPDATE AD_Field SET IsDisplayed='Y', SeqNo=180, AD_Reference_Value_ID=NULL, AD_Val_Rule_ID=NULL, XPosition=1, IsToolbarButton=NULL,Updated=TO_TIMESTAMP('2021-01-26 11:52:37','YYYY-MM-DD HH24:MI:SS'),UpdatedBy=100 WHERE AD_Field_ID=1128024
;

-- 26 de jan de 2021 11:52:37 BRT
UPDATE AD_Field SET IsDisplayed='Y', SeqNo=190, AD_Reference_Value_ID=NULL, AD_Val_Rule_ID=NULL, XPosition=4, IsToolbarButton=NULL,Updated=TO_TIMESTAMP('2021-01-26 11:52:37','YYYY-MM-DD HH24:MI:SS'),UpdatedBy=100 WHERE AD_Field_ID=1128031
;

-- 26 de jan de 2021 11:52:37 BRT
UPDATE AD_Field SET IsDisplayed='Y', SeqNo=200, AD_Reference_Value_ID=NULL, AD_Val_Rule_ID=NULL, XPosition=1, ColumnSpan=2, IsToolbarButton=NULL,Updated=TO_TIMESTAMP('2021-01-26 11:52:37','YYYY-MM-DD HH24:MI:SS'),UpdatedBy=100 WHERE AD_Field_ID=1128040
;

-- 26 de jan de 2021 11:52:37 BRT
UPDATE AD_Field SET IsDisplayed='Y', SeqNo=210, AD_Reference_Value_ID=NULL, AD_Val_Rule_ID=NULL, XPosition=4, IsToolbarButton=NULL,Updated=TO_TIMESTAMP('2021-01-26 11:52:37','YYYY-MM-DD HH24:MI:SS'),UpdatedBy=100 WHERE AD_Field_ID=1128042
;

-- 26 de jan de 2021 11:52:37 BRT
UPDATE AD_Field SET IsDisplayed='Y', SeqNo=220, AD_Reference_Value_ID=NULL, AD_Val_Rule_ID=NULL, XPosition=1, IsToolbarButton=NULL,Updated=TO_TIMESTAMP('2021-01-26 11:52:37','YYYY-MM-DD HH24:MI:SS'),UpdatedBy=100 WHERE AD_Field_ID=1128044
;

-- 26 de jan de 2021 11:52:37 BRT
UPDATE AD_Field SET IsDisplayed='Y', SeqNo=230, AD_Reference_Value_ID=NULL, AD_Val_Rule_ID=NULL, XPosition=4, IsToolbarButton=NULL,Updated=TO_TIMESTAMP('2021-01-26 11:52:37','YYYY-MM-DD HH24:MI:SS'),UpdatedBy=100 WHERE AD_Field_ID=1128045
;

-- 26 de jan de 2021 11:52:37 BRT
UPDATE AD_Field SET IsDisplayed='Y', SeqNo=240, AD_Reference_Value_ID=NULL, AD_Val_Rule_ID=NULL, XPosition=1, IsToolbarButton=NULL,Updated=TO_TIMESTAMP('2021-01-26 11:52:37','YYYY-MM-DD HH24:MI:SS'),UpdatedBy=100 WHERE AD_Field_ID=1128047
;

-- 26 de jan de 2021 11:52:37 BRT
UPDATE AD_Field SET IsDisplayed='Y', SeqNo=250, AD_Reference_Value_ID=NULL, AD_Val_Rule_ID=NULL, XPosition=4, IsToolbarButton=NULL,Updated=TO_TIMESTAMP('2021-01-26 11:52:37','YYYY-MM-DD HH24:MI:SS'),UpdatedBy=100 WHERE AD_Field_ID=1128048
;

-- 26 de jan de 2021 11:52:37 BRT
UPDATE AD_Field SET IsDisplayed='Y', SeqNo=260, AD_Reference_Value_ID=NULL, AD_Val_Rule_ID=NULL, XPosition=1, IsToolbarButton=NULL,Updated=TO_TIMESTAMP('2021-01-26 11:52:37','YYYY-MM-DD HH24:MI:SS'),UpdatedBy=100 WHERE AD_Field_ID=1128126
;

-- 26 de jan de 2021 11:52:38 BRT
UPDATE AD_Field SET IsDisplayed='Y', SeqNo=270, AD_Reference_Value_ID=NULL, AD_Val_Rule_ID=NULL, XPosition=4, IsToolbarButton=NULL,Updated=TO_TIMESTAMP('2021-01-26 11:52:38','YYYY-MM-DD HH24:MI:SS'),UpdatedBy=100 WHERE AD_Field_ID=1128043
;

-- 26 de jan de 2021 11:52:38 BRT
UPDATE AD_Field SET IsDisplayed='Y', SeqNo=280, AD_Reference_Value_ID=NULL, AD_Val_Rule_ID=NULL, XPosition=1, IsToolbarButton=NULL,Updated=TO_TIMESTAMP('2021-01-26 11:52:38','YYYY-MM-DD HH24:MI:SS'),UpdatedBy=100 WHERE AD_Field_ID=1128050
;

-- 26 de jan de 2021 11:52:38 BRT
UPDATE AD_Field SET IsDisplayed='Y', SeqNo=290, AD_Reference_Value_ID=NULL, AD_Val_Rule_ID=NULL, XPosition=4, IsToolbarButton=NULL,Updated=TO_TIMESTAMP('2021-01-26 11:52:38','YYYY-MM-DD HH24:MI:SS'),UpdatedBy=100 WHERE AD_Field_ID=1128046
;

-- 26 de jan de 2021 11:52:38 BRT
UPDATE AD_Field SET IsDisplayed='Y', SeqNo=300, AD_Reference_Value_ID=NULL, AD_Val_Rule_ID=NULL, XPosition=1, IsToolbarButton=NULL,Updated=TO_TIMESTAMP('2021-01-26 11:52:38','YYYY-MM-DD HH24:MI:SS'),UpdatedBy=100 WHERE AD_Field_ID=1128020
;

-- 26 de jan de 2021 11:52:38 BRT
UPDATE AD_Field SET IsDisplayed='Y', SeqNo=310, AD_Reference_Value_ID=NULL, AD_Val_Rule_ID=NULL, XPosition=2, IsToolbarButton=NULL,Updated=TO_TIMESTAMP('2021-01-26 11:52:38','YYYY-MM-DD HH24:MI:SS'),UpdatedBy=100 WHERE AD_Field_ID=1128027
;

-- 26 de jan de 2021 11:52:38 BRT
UPDATE AD_Field SET IsDisplayed='Y', SeqNo=320, AD_Reference_Value_ID=NULL, AD_Val_Rule_ID=NULL, XPosition=4, IsToolbarButton=NULL,Updated=TO_TIMESTAMP('2021-01-26 11:52:38','YYYY-MM-DD HH24:MI:SS'),UpdatedBy=100 WHERE AD_Field_ID=1130216
;

-- 26 de jan de 2021 11:52:38 BRT
UPDATE AD_Field SET IsDisplayed='Y', SeqNo=330, AD_Reference_Value_ID=NULL, AD_Val_Rule_ID=NULL, XPosition=2, ColumnSpan=1, IsToolbarButton=NULL,Updated=TO_TIMESTAMP('2021-01-26 11:52:38','YYYY-MM-DD HH24:MI:SS'),UpdatedBy=100 WHERE AD_Field_ID=1130208
;

-- 26 de jan de 2021 11:52:38 BRT
UPDATE AD_Field SET IsDisplayed='Y', SeqNo=340, AD_Reference_Value_ID=NULL, AD_Val_Rule_ID=NULL, XPosition=4, ColumnSpan=1, IsToolbarButton=NULL,Updated=TO_TIMESTAMP('2021-01-26 11:52:38','YYYY-MM-DD HH24:MI:SS'),UpdatedBy=100 WHERE AD_Field_ID=1130209
;

-- 26 de jan de 2021 11:52:38 BRT
UPDATE AD_Field SET IsDisplayed='Y', SeqNo=350, AD_Reference_Value_ID=NULL, AD_Val_Rule_ID=NULL, XPosition=2, ColumnSpan=1, IsToolbarButton=NULL,Updated=TO_TIMESTAMP('2021-01-26 11:52:38','YYYY-MM-DD HH24:MI:SS'),UpdatedBy=100 WHERE AD_Field_ID=1130210
;

-- 26 de jan de 2021 11:52:38 BRT
UPDATE AD_Field SET IsDisplayed='Y', SeqNo=360, AD_Reference_Value_ID=NULL, AD_Val_Rule_ID=NULL, XPosition=4, ColumnSpan=1, IsToolbarButton=NULL,Updated=TO_TIMESTAMP('2021-01-26 11:52:38','YYYY-MM-DD HH24:MI:SS'),UpdatedBy=100 WHERE AD_Field_ID=1130213
;

-- 26 de jan de 2021 11:52:38 BRT
UPDATE AD_Field SET IsDisplayed='Y', SeqNo=370, AD_Reference_Value_ID=NULL, AD_Val_Rule_ID=NULL, XPosition=2, ColumnSpan=1, IsToolbarButton=NULL,Updated=TO_TIMESTAMP('2021-01-26 11:52:38','YYYY-MM-DD HH24:MI:SS'),UpdatedBy=100 WHERE AD_Field_ID=1130211
;

-- 26 de jan de 2021 11:52:38 BRT
UPDATE AD_Field SET IsDisplayed='Y', SeqNo=380, AD_Reference_Value_ID=NULL, AD_Val_Rule_ID=NULL, XPosition=4, ColumnSpan=1, IsToolbarButton=NULL,Updated=TO_TIMESTAMP('2021-01-26 11:52:38','YYYY-MM-DD HH24:MI:SS'),UpdatedBy=100 WHERE AD_Field_ID=1130212
;

-- 26 de jan de 2021 11:52:38 BRT
UPDATE AD_Field SET IsDisplayed='Y', SeqNo=390, AD_Reference_Value_ID=NULL, AD_Val_Rule_ID=NULL, XPosition=1, IsToolbarButton=NULL,Updated=TO_TIMESTAMP('2021-01-26 11:52:38','YYYY-MM-DD HH24:MI:SS'),UpdatedBy=100 WHERE AD_Field_ID=1128019
;

-- 26 de jan de 2021 11:52:38 BRT
UPDATE AD_Field SET SeqNo=400, AD_Reference_Value_ID=NULL, AD_Val_Rule_ID=NULL, IsToolbarButton=NULL,Updated=TO_TIMESTAMP('2021-01-26 11:52:38','YYYY-MM-DD HH24:MI:SS'),UpdatedBy=100 WHERE AD_Field_ID=1128011
;

-- 26 de jan de 2021 11:52:38 BRT
UPDATE AD_Field SET IsDisplayed='Y', SeqNo=410, AD_Reference_Value_ID=NULL, AD_Val_Rule_ID=NULL, XPosition=5, ColumnSpan=1, IsToolbarButton=NULL,Updated=TO_TIMESTAMP('2021-01-26 11:52:38','YYYY-MM-DD HH24:MI:SS'),UpdatedBy=100 WHERE AD_Field_ID=1128025
;

-- 26 de jan de 2021 11:52:38 BRT
UPDATE AD_Field SET IsDisplayed='Y', SeqNo=420, AD_Reference_Value_ID=NULL, AD_Val_Rule_ID=NULL, XPosition=1, IsToolbarButton=NULL,Updated=TO_TIMESTAMP('2021-01-26 11:52:38','YYYY-MM-DD HH24:MI:SS'),UpdatedBy=100 WHERE AD_Field_ID=54786
;

-- 26 de jan de 2021 11:52:38 BRT
UPDATE AD_Field SET IsDisplayed='Y', SeqNo=430, AD_Reference_Value_ID=NULL, AD_Val_Rule_ID=NULL, XPosition=4, IsToolbarButton=NULL,Updated=TO_TIMESTAMP('2021-01-26 11:52:38','YYYY-MM-DD HH24:MI:SS'),UpdatedBy=100 WHERE AD_Field_ID=54787
;

-- 26 de jan de 2021 11:52:38 BRT
UPDATE AD_Field SET IsDisplayed='Y', SeqNo=450, AD_Reference_Value_ID=NULL, AD_Val_Rule_ID=NULL, XPosition=4, IsToolbarButton=NULL,Updated=TO_TIMESTAMP('2021-01-26 11:52:38','YYYY-MM-DD HH24:MI:SS'),UpdatedBy=100 WHERE AD_Field_ID=1128039
;

-- 26 de jan de 2021 11:52:38 BRT
UPDATE AD_Field SET IsDisplayed='Y', SeqNo=460, AD_Reference_Value_ID=NULL, AD_Val_Rule_ID=NULL, XPosition=1, IsToolbarButton=NULL,Updated=TO_TIMESTAMP('2021-01-26 11:52:38','YYYY-MM-DD HH24:MI:SS'),UpdatedBy=100 WHERE AD_Field_ID=1130217
;

-- 26 de jan de 2021 11:52:38 BRT
UPDATE AD_Field SET IsDisplayed='Y', SeqNo=470, AD_Reference_Value_ID=NULL, AD_Val_Rule_ID=NULL, XPosition=4, IsToolbarButton=NULL,Updated=TO_TIMESTAMP('2021-01-26 11:52:38','YYYY-MM-DD HH24:MI:SS'),UpdatedBy=100 WHERE AD_Field_ID=1130215
;

-- 26 de jan de 2021 11:52:38 BRT
UPDATE AD_Field SET SeqNo=480, AD_Reference_Value_ID=NULL, AD_Val_Rule_ID=NULL, IsToolbarButton=NULL,Updated=TO_TIMESTAMP('2021-01-26 11:52:38','YYYY-MM-DD HH24:MI:SS'),UpdatedBy=100 WHERE AD_Field_ID=1128028
;

-- 26 de jan de 2021 11:52:38 BRT
UPDATE AD_Field SET SeqNo=490, AD_Reference_Value_ID=NULL, AD_Val_Rule_ID=NULL, XPosition=4, IsToolbarButton=NULL,Updated=TO_TIMESTAMP('2021-01-26 11:52:38','YYYY-MM-DD HH24:MI:SS'),UpdatedBy=100 WHERE AD_Field_ID=1128029
;

-- 26 de jan de 2021 11:52:38 BRT
UPDATE AD_Field SET SeqNo=500, AD_Reference_Value_ID=NULL, AD_Val_Rule_ID=NULL, IsToolbarButton=NULL,Updated=TO_TIMESTAMP('2021-01-26 11:52:38','YYYY-MM-DD HH24:MI:SS'),UpdatedBy=100 WHERE AD_Field_ID=1128018
;

-- 26 de jan de 2021 11:52:38 BRT
UPDATE AD_Field SET SeqNo=510, AD_Reference_Value_ID=NULL, AD_Val_Rule_ID=NULL, XPosition=4, IsToolbarButton=NULL,Updated=TO_TIMESTAMP('2021-01-26 11:52:38','YYYY-MM-DD HH24:MI:SS'),UpdatedBy=100 WHERE AD_Field_ID=1128017
;

-- 26 de jan de 2021 11:52:38 BRT
UPDATE AD_Field SET SeqNo=520, AD_Reference_Value_ID=NULL, AD_Val_Rule_ID=NULL, IsToolbarButton=NULL,Updated=TO_TIMESTAMP('2021-01-26 11:52:38','YYYY-MM-DD HH24:MI:SS'),UpdatedBy=100 WHERE AD_Field_ID=1128021
;

-- 26 de jan de 2021 11:52:38 BRT
UPDATE AD_Field SET SeqNo=530, AD_Reference_Value_ID=NULL, AD_Val_Rule_ID=NULL, IsToolbarButton=NULL,Updated=TO_TIMESTAMP('2021-01-26 11:52:38','YYYY-MM-DD HH24:MI:SS'),UpdatedBy=100 WHERE AD_Field_ID=1128022
;

-- 26 de jan de 2021 11:52:39 BRT
UPDATE AD_Field SET SeqNo=540, AD_Reference_Value_ID=NULL, AD_Val_Rule_ID=NULL, IsToolbarButton=NULL,Updated=TO_TIMESTAMP('2021-01-26 11:52:39','YYYY-MM-DD HH24:MI:SS'),UpdatedBy=100 WHERE AD_Field_ID=1128023
;

-- 26 de jan de 2021 11:52:39 BRT
UPDATE AD_Field SET SeqNo=550, AD_Reference_Value_ID=NULL, AD_Val_Rule_ID=NULL, IsToolbarButton=NULL,Updated=TO_TIMESTAMP('2021-01-26 11:52:39','YYYY-MM-DD HH24:MI:SS'),UpdatedBy=100 WHERE AD_Field_ID=1128035
;

-- 26 de jan de 2021 11:52:39 BRT
UPDATE AD_Field SET SeqNo=560, AD_Reference_Value_ID=NULL, AD_Val_Rule_ID=NULL, IsToolbarButton=NULL,Updated=TO_TIMESTAMP('2021-01-26 11:52:39','YYYY-MM-DD HH24:MI:SS'),UpdatedBy=100 WHERE AD_Field_ID=1128036
;

-- 26 de jan de 2021 11:52:39 BRT
UPDATE AD_Field SET IsDisplayed='Y', SeqNo=570, AD_Reference_Value_ID=NULL, AD_Val_Rule_ID=NULL, XPosition=2, IsToolbarButton=NULL,Updated=TO_TIMESTAMP('2021-01-26 11:52:39','YYYY-MM-DD HH24:MI:SS'),UpdatedBy=100 WHERE AD_Field_ID=1130207
;

-- 26 de jan de 2021 11:52:39 BRT
UPDATE AD_Field SET SeqNo=580, AD_Reference_Value_ID=NULL, AD_Val_Rule_ID=NULL, XPosition=5, ColumnSpan=1, IsToolbarButton=NULL,Updated=TO_TIMESTAMP('2021-01-26 11:52:39','YYYY-MM-DD HH24:MI:SS'),UpdatedBy=100 WHERE AD_Field_ID=1128041
;

-- 26 de jan de 2021 11:52:39 BRT
UPDATE AD_Field SET IsDisplayed='Y', SeqNo=590, AD_Reference_Value_ID=NULL, AD_Val_Rule_ID=NULL, XPosition=5, ColumnSpan=1, IsToolbarButton=NULL,Updated=TO_TIMESTAMP('2021-01-26 11:52:39','YYYY-MM-DD HH24:MI:SS'),UpdatedBy=100 WHERE AD_Field_ID=1128049
;

-- 26 de jan de 2021 11:52:39 BRT
UPDATE AD_Field SET IsDisplayed='Y', SeqNo=600, AD_Reference_Value_ID=NULL, AD_Val_Rule_ID=NULL, XPosition=5, IsToolbarButton=NULL,Updated=TO_TIMESTAMP('2021-01-26 11:52:39','YYYY-MM-DD HH24:MI:SS'),UpdatedBy=100 WHERE AD_Field_ID=54783
;

-- 26 de jan de 2021 11:57:48 BRT
INSERT INTO AD_FieldGroup (AD_FieldGroup_ID,AD_Client_ID,AD_Org_ID,IsActive,Created,CreatedBy,Updated,UpdatedBy,Name,EntityType,FieldGroupType,IsCollapsedByDefault,AD_FieldGroup_UU) VALUES (1120092,0,0,'Y',TO_TIMESTAMP('2021-01-26 11:57:48','YYYY-MM-DD HH24:MI:SS'),100,TO_TIMESTAMP('2021-01-26 11:57:48','YYYY-MM-DD HH24:MI:SS'),100,'Personal Information','LBRA','C','N','2c3d87c4-8849-4ede-93ef-ed2c69acd12a')
;

-- 26 de jan de 2021 11:58:03 BRT
UPDATE AD_Field SET AD_FieldGroup_ID=1120092, AD_Reference_Value_ID=NULL, AD_Val_Rule_ID=NULL, IsToolbarButton=NULL,Updated=TO_TIMESTAMP('2021-01-26 11:58:03','YYYY-MM-DD HH24:MI:SS'),UpdatedBy=100 WHERE AD_Field_ID=1128128
;

-- 26 de jan de 2021 11:59:04 BRT
INSERT INTO AD_FieldGroup (AD_FieldGroup_ID,AD_Client_ID,AD_Org_ID,IsActive,Created,CreatedBy,Updated,UpdatedBy,Name,EntityType,FieldGroupType,IsCollapsedByDefault,AD_FieldGroup_UU) VALUES (1120093,0,0,'Y',TO_TIMESTAMP('2021-01-26 11:59:03','YYYY-MM-DD HH24:MI:SS'),100,TO_TIMESTAMP('2021-01-26 11:59:03','YYYY-MM-DD HH24:MI:SS'),100,'Employee Information','LBRA','C','N','af178f07-2267-4f96-8282-37e0f96d5cf0')
;

-- 26 de jan de 2021 11:59:27 BRT
UPDATE AD_Field SET AD_FieldGroup_ID=1120093, AD_Reference_Value_ID=NULL, AD_Val_Rule_ID=NULL, IsToolbarButton=NULL,Updated=TO_TIMESTAMP('2021-01-26 11:59:27','YYYY-MM-DD HH24:MI:SS'),UpdatedBy=100 WHERE AD_Field_ID=1128011
;

-- 26 de jan de 2021 12:26:15 BRT
UPDATE AD_Field SET AD_FieldGroup_ID=1120092, AD_Reference_Value_ID=NULL, AD_Val_Rule_ID=NULL, IsToolbarButton=NULL,Updated=TO_TIMESTAMP('2021-01-26 12:26:15','YYYY-MM-DD HH24:MI:SS'),UpdatedBy=100 WHERE AD_Field_ID=1128032
;

-- 26 de jan de 2021 12:28:32 BRT
UPDATE AD_Field SET SeqNo=180, AD_Reference_Value_ID=NULL, AD_Val_Rule_ID=NULL, ColumnSpan=2, IsToolbarButton=NULL,Updated=TO_TIMESTAMP('2021-01-26 12:28:32','YYYY-MM-DD HH24:MI:SS'),UpdatedBy=100 WHERE AD_Field_ID=1128042
;

-- 26 de jan de 2021 12:28:41 BRT
UPDATE AD_Field SET SeqNo=180, AD_Reference_Value_ID=NULL, AD_Val_Rule_ID=NULL, ColumnSpan=1, IsToolbarButton=NULL,Updated=TO_TIMESTAMP('2021-01-26 12:28:41','YYYY-MM-DD HH24:MI:SS'),UpdatedBy=100 WHERE AD_Field_ID=1128042
;

-- 26 de jan de 2021 12:30:00 BRT
UPDATE AD_Field SET SeqNo=90, AD_Reference_Value_ID=NULL, AD_Val_Rule_ID=NULL, XPosition=2, IsToolbarButton=NULL,Updated=TO_TIMESTAMP('2021-01-26 12:30:00','YYYY-MM-DD HH24:MI:SS'),UpdatedBy=100 WHERE AD_Field_ID=1128037
;

-- 26 de jan de 2021 12:30:00 BRT
UPDATE AD_Field SET SeqNo=100, AD_Reference_Value_ID=NULL, AD_Val_Rule_ID=NULL, XPosition=4, IsToolbarButton=NULL,Updated=TO_TIMESTAMP('2021-01-26 12:30:00','YYYY-MM-DD HH24:MI:SS'),UpdatedBy=100 WHERE AD_Field_ID=1128010
;

-- 26 de jan de 2021 12:30:00 BRT
UPDATE AD_Field SET SeqNo=130, AD_Reference_Value_ID=NULL, AD_Val_Rule_ID=NULL, XPosition=2, IsToolbarButton=NULL,Updated=TO_TIMESTAMP('2021-01-26 12:30:00','YYYY-MM-DD HH24:MI:SS'),UpdatedBy=100 WHERE AD_Field_ID=1128013
;

-- 26 de jan de 2021 12:30:00 BRT
UPDATE AD_Field SET SeqNo=140, AD_Reference_Value_ID=NULL, AD_Val_Rule_ID=NULL, XPosition=4, IsToolbarButton=NULL,Updated=TO_TIMESTAMP('2021-01-26 12:30:00','YYYY-MM-DD HH24:MI:SS'),UpdatedBy=100 WHERE AD_Field_ID=1128034
;

-- 26 de jan de 2021 12:30:00 BRT
UPDATE AD_Field SET SeqNo=150, AD_Reference_Value_ID=NULL, AD_Val_Rule_ID=NULL, XPosition=2, IsToolbarButton=NULL,Updated=TO_TIMESTAMP('2021-01-26 12:30:00','YYYY-MM-DD HH24:MI:SS'),UpdatedBy=100 WHERE AD_Field_ID=1128015
;

-- 26 de jan de 2021 12:30:00 BRT
UPDATE AD_Field SET SeqNo=160, AD_Reference_Value_ID=NULL, AD_Val_Rule_ID=NULL, XPosition=4, IsToolbarButton=NULL,Updated=TO_TIMESTAMP('2021-01-26 12:30:00','YYYY-MM-DD HH24:MI:SS'),UpdatedBy=100 WHERE AD_Field_ID=1128030
;

-- 26 de jan de 2021 12:30:00 BRT
UPDATE AD_Field SET SeqNo=170, AD_Reference_Value_ID=NULL, AD_Val_Rule_ID=NULL, XPosition=2, IsToolbarButton=NULL,Updated=TO_TIMESTAMP('2021-01-26 12:30:00','YYYY-MM-DD HH24:MI:SS'),UpdatedBy=100 WHERE AD_Field_ID=1128026
;

-- 26 de jan de 2021 12:30:00 BRT
UPDATE AD_Field SET SeqNo=180, AD_Reference_Value_ID=NULL, AD_Val_Rule_ID=NULL, XPosition=4, IsToolbarButton=NULL,Updated=TO_TIMESTAMP('2021-01-26 12:30:00','YYYY-MM-DD HH24:MI:SS'),UpdatedBy=100 WHERE AD_Field_ID=1128042
;

-- 26 de jan de 2021 12:30:43 BRT
UPDATE AD_Field SET SeqNo=90, AD_Reference_Value_ID=NULL, AD_Val_Rule_ID=NULL, XPosition=1, IsToolbarButton=NULL,Updated=TO_TIMESTAMP('2021-01-26 12:30:43','YYYY-MM-DD HH24:MI:SS'),UpdatedBy=100 WHERE AD_Field_ID=1128037
;

-- 26 de jan de 2021 12:30:43 BRT
UPDATE AD_Field SET SeqNo=100, AD_Reference_Value_ID=NULL, AD_Val_Rule_ID=NULL, XPosition=3, IsToolbarButton=NULL,Updated=TO_TIMESTAMP('2021-01-26 12:30:43','YYYY-MM-DD HH24:MI:SS'),UpdatedBy=100 WHERE AD_Field_ID=1128010
;

-- 26 de jan de 2021 12:30:43 BRT
UPDATE AD_Field SET SeqNo=130, AD_Reference_Value_ID=NULL, AD_Val_Rule_ID=NULL, XPosition=1, IsToolbarButton=NULL,Updated=TO_TIMESTAMP('2021-01-26 12:30:43','YYYY-MM-DD HH24:MI:SS'),UpdatedBy=100 WHERE AD_Field_ID=1128013
;

-- 26 de jan de 2021 12:30:43 BRT
UPDATE AD_Field SET SeqNo=140, AD_Reference_Value_ID=NULL, AD_Val_Rule_ID=NULL, XPosition=3, IsToolbarButton=NULL,Updated=TO_TIMESTAMP('2021-01-26 12:30:43','YYYY-MM-DD HH24:MI:SS'),UpdatedBy=100 WHERE AD_Field_ID=1128034
;

-- 26 de jan de 2021 12:30:43 BRT
UPDATE AD_Field SET SeqNo=150, AD_Reference_Value_ID=NULL, AD_Val_Rule_ID=NULL, XPosition=1, IsToolbarButton=NULL,Updated=TO_TIMESTAMP('2021-01-26 12:30:43','YYYY-MM-DD HH24:MI:SS'),UpdatedBy=100 WHERE AD_Field_ID=1128015
;

-- 26 de jan de 2021 12:30:43 BRT
UPDATE AD_Field SET SeqNo=160, AD_Reference_Value_ID=NULL, AD_Val_Rule_ID=NULL, XPosition=3, IsToolbarButton=NULL,Updated=TO_TIMESTAMP('2021-01-26 12:30:43','YYYY-MM-DD HH24:MI:SS'),UpdatedBy=100 WHERE AD_Field_ID=1128030
;

-- 26 de jan de 2021 12:30:44 BRT
UPDATE AD_Field SET SeqNo=170, AD_Reference_Value_ID=NULL, AD_Val_Rule_ID=NULL, XPosition=1, IsToolbarButton=NULL,Updated=TO_TIMESTAMP('2021-01-26 12:30:44','YYYY-MM-DD HH24:MI:SS'),UpdatedBy=100 WHERE AD_Field_ID=1128026
;

-- 26 de jan de 2021 12:30:44 BRT
UPDATE AD_Field SET SeqNo=180, AD_Reference_Value_ID=NULL, AD_Val_Rule_ID=NULL, XPosition=3, IsToolbarButton=NULL,Updated=TO_TIMESTAMP('2021-01-26 12:30:44','YYYY-MM-DD HH24:MI:SS'),UpdatedBy=100 WHERE AD_Field_ID=1128042
;

-- 26 de jan de 2021 12:49:17 BRT
UPDATE AD_Field SET SeqNo=10, AD_Reference_Value_ID=NULL, AD_Val_Rule_ID=NULL, ColumnSpan=1, IsToolbarButton=NULL,Updated=TO_TIMESTAMP('2021-01-26 12:49:17','YYYY-MM-DD HH24:MI:SS'),UpdatedBy=100 WHERE AD_Field_ID=54780
;

-- 26 de jan de 2021 12:49:17 BRT
UPDATE AD_Field SET SeqNo=20, AD_Reference_Value_ID=NULL, AD_Val_Rule_ID=NULL, XPosition=3, ColumnSpan=1, IsToolbarButton=NULL,Updated=TO_TIMESTAMP('2021-01-26 12:49:17','YYYY-MM-DD HH24:MI:SS'),UpdatedBy=100 WHERE AD_Field_ID=54781
;

-- 26 de jan de 2021 12:49:17 BRT
UPDATE AD_Field SET IsDisplayed='Y', SeqNo=30, AD_Reference_Value_ID=NULL, AD_Val_Rule_ID=NULL, XPosition=5, IsToolbarButton=NULL,Updated=TO_TIMESTAMP('2021-01-26 12:49:17','YYYY-MM-DD HH24:MI:SS'),UpdatedBy=100 WHERE AD_Field_ID=54783
;

-- 26 de jan de 2021 12:49:17 BRT
UPDATE AD_Field SET SeqNo=40, AD_Reference_Value_ID=NULL, AD_Val_Rule_ID=NULL, ColumnSpan=1, IsToolbarButton=NULL,Updated=TO_TIMESTAMP('2021-01-26 12:49:17','YYYY-MM-DD HH24:MI:SS'),UpdatedBy=100 WHERE AD_Field_ID=1128038
;

-- 26 de jan de 2021 12:49:17 BRT
UPDATE AD_Field SET SeqNo=50, AD_Reference_Value_ID=NULL, AD_Val_Rule_ID=NULL, XPosition=3, ColumnSpan=1, IsToolbarButton=NULL,Updated=TO_TIMESTAMP('2021-01-26 12:49:17','YYYY-MM-DD HH24:MI:SS'),UpdatedBy=100 WHERE AD_Field_ID=1130214
;

-- 26 de jan de 2021 12:49:17 BRT
UPDATE AD_Field SET SeqNo=60, AD_Reference_Value_ID=NULL, AD_Val_Rule_ID=NULL, ColumnSpan=2, IsToolbarButton=NULL,Updated=TO_TIMESTAMP('2021-01-26 12:49:17','YYYY-MM-DD HH24:MI:SS'),UpdatedBy=100 WHERE AD_Field_ID=1128032
;

-- 26 de jan de 2021 12:49:17 BRT
UPDATE AD_Field SET IsDisplayed='Y', SeqNo=70, AD_Reference_Value_ID=NULL, AD_Val_Rule_ID=NULL, XPosition=5, IsToolbarButton=NULL,Updated=TO_TIMESTAMP('2021-01-26 12:49:17','YYYY-MM-DD HH24:MI:SS'),UpdatedBy=100 WHERE AD_Field_ID=1128041
;

-- 26 de jan de 2021 12:49:17 BRT
UPDATE AD_Field SET IsDisplayed='Y', SeqNo=80, AD_Reference_Value_ID=NULL, AD_Val_Rule_ID=NULL, XPosition=1, IsToolbarButton=NULL,Updated=TO_TIMESTAMP('2021-01-26 12:49:17','YYYY-MM-DD HH24:MI:SS'),UpdatedBy=100 WHERE AD_Field_ID=1128033
;

-- 26 de jan de 2021 12:49:17 BRT
UPDATE AD_Field SET IsDisplayed='Y', SeqNo=90, AD_Reference_Value_ID=NULL, AD_Val_Rule_ID=NULL, XPosition=5, IsToolbarButton=NULL,Updated=TO_TIMESTAMP('2021-01-26 12:49:17','YYYY-MM-DD HH24:MI:SS'),UpdatedBy=100 WHERE AD_Field_ID=1128049
;

-- 26 de jan de 2021 12:49:17 BRT
UPDATE AD_Field SET IsDisplayed='Y', SeqNo=100, AD_Reference_Value_ID=NULL, AD_Val_Rule_ID=NULL, XPosition=1, IsToolbarButton=NULL,Updated=TO_TIMESTAMP('2021-01-26 12:49:17','YYYY-MM-DD HH24:MI:SS'),UpdatedBy=100 WHERE AD_Field_ID=1128168
;

-- 26 de jan de 2021 12:49:17 BRT
UPDATE AD_Field SET SeqNo=110, AD_Reference_Value_ID=NULL, AD_Val_Rule_ID=NULL, IsToolbarButton=NULL,Updated=TO_TIMESTAMP('2021-01-26 12:49:17','YYYY-MM-DD HH24:MI:SS'),UpdatedBy=100 WHERE AD_Field_ID=1128128
;

-- 26 de jan de 2021 12:49:17 BRT
UPDATE AD_Field SET SeqNo=130, AD_Reference_Value_ID=NULL, AD_Val_Rule_ID=NULL, IsToolbarButton=NULL,Updated=TO_TIMESTAMP('2021-01-26 12:49:17','YYYY-MM-DD HH24:MI:SS'),UpdatedBy=100 WHERE AD_Field_ID=1128037
;

-- 26 de jan de 2021 12:49:17 BRT
UPDATE AD_Field SET SeqNo=140, AD_Reference_Value_ID=NULL, AD_Val_Rule_ID=NULL, IsToolbarButton=NULL,Updated=TO_TIMESTAMP('2021-01-26 12:49:17','YYYY-MM-DD HH24:MI:SS'),UpdatedBy=100 WHERE AD_Field_ID=1128010
;

-- 26 de jan de 2021 12:49:17 BRT
UPDATE AD_Field SET SeqNo=150, AD_Reference_Value_ID=NULL, AD_Val_Rule_ID=NULL, IsToolbarButton=NULL,Updated=TO_TIMESTAMP('2021-01-26 12:49:17','YYYY-MM-DD HH24:MI:SS'),UpdatedBy=100 WHERE AD_Field_ID=1128016
;

-- 26 de jan de 2021 12:49:17 BRT
UPDATE AD_Field SET SeqNo=160, AD_Reference_Value_ID=NULL, AD_Val_Rule_ID=NULL, IsToolbarButton=NULL,Updated=TO_TIMESTAMP('2021-01-26 12:49:17','YYYY-MM-DD HH24:MI:SS'),UpdatedBy=100 WHERE AD_Field_ID=1128013
;

-- 26 de jan de 2021 12:49:17 BRT
UPDATE AD_Field SET SeqNo=170, AD_Reference_Value_ID=NULL, AD_Val_Rule_ID=NULL, IsToolbarButton=NULL,Updated=TO_TIMESTAMP('2021-01-26 12:49:17','YYYY-MM-DD HH24:MI:SS'),UpdatedBy=100 WHERE AD_Field_ID=1128034
;

-- 26 de jan de 2021 12:49:17 BRT
UPDATE AD_Field SET IsDisplayed='Y', SeqNo=180, AD_Reference_Value_ID=NULL, AD_Val_Rule_ID=NULL, XPosition=5, IsToolbarButton=NULL,Updated=TO_TIMESTAMP('2021-01-26 12:49:17','YYYY-MM-DD HH24:MI:SS'),UpdatedBy=100 WHERE AD_Field_ID=1128026
;

-- 26 de jan de 2021 12:49:17 BRT
UPDATE AD_Field SET SeqNo=190, AD_Reference_Value_ID=NULL, AD_Val_Rule_ID=NULL, IsToolbarButton=NULL,Updated=TO_TIMESTAMP('2021-01-26 12:49:17','YYYY-MM-DD HH24:MI:SS'),UpdatedBy=100 WHERE AD_Field_ID=1128015
;

-- 26 de jan de 2021 12:49:18 BRT
UPDATE AD_Field SET SeqNo=200, AD_Reference_Value_ID=NULL, AD_Val_Rule_ID=NULL, IsToolbarButton=NULL,Updated=TO_TIMESTAMP('2021-01-26 12:49:17','YYYY-MM-DD HH24:MI:SS'),UpdatedBy=100 WHERE AD_Field_ID=1128030
;

-- 26 de jan de 2021 12:49:18 BRT
UPDATE AD_Field SET IsDisplayed='Y', SeqNo=210, AD_Reference_Value_ID=NULL, AD_Val_Rule_ID=NULL, XPosition=5, IsToolbarButton=NULL,Updated=TO_TIMESTAMP('2021-01-26 12:49:18','YYYY-MM-DD HH24:MI:SS'),UpdatedBy=100 WHERE AD_Field_ID=1128042
;

-- 26 de jan de 2021 12:49:18 BRT
UPDATE AD_Field SET SeqNo=220, AD_Reference_Value_ID=NULL, AD_Val_Rule_ID=NULL, ColumnSpan=2, IsToolbarButton=NULL,Updated=TO_TIMESTAMP('2021-01-26 12:49:18','YYYY-MM-DD HH24:MI:SS'),UpdatedBy=100 WHERE AD_Field_ID=1128024
;

-- 26 de jan de 2021 12:49:18 BRT
UPDATE AD_Field SET IsDisplayed='Y', SeqNo=230, AD_Reference_Value_ID=NULL, AD_Val_Rule_ID=NULL, XPosition=1, IsToolbarButton=NULL,Updated=TO_TIMESTAMP('2021-01-26 12:49:18','YYYY-MM-DD HH24:MI:SS'),UpdatedBy=100 WHERE AD_Field_ID=1128031
;

-- 26 de jan de 2021 12:49:18 BRT
UPDATE AD_Field SET SeqNo=240, AD_Reference_Value_ID=NULL, AD_Val_Rule_ID=NULL, ColumnSpan=1, IsToolbarButton=NULL,Updated=TO_TIMESTAMP('2021-01-26 12:49:18','YYYY-MM-DD HH24:MI:SS'),UpdatedBy=100 WHERE AD_Field_ID=1128040
;

-- 26 de jan de 2021 12:49:18 BRT
UPDATE AD_Field SET IsDisplayed='Y', SeqNo=250, AD_Reference_Value_ID=NULL, AD_Val_Rule_ID=NULL, XPosition=3, ColumnSpan=1, IsToolbarButton=NULL,Updated=TO_TIMESTAMP('2021-01-26 12:49:18','YYYY-MM-DD HH24:MI:SS'),UpdatedBy=100 WHERE AD_Field_ID=1128045
;

-- 26 de jan de 2021 12:49:18 BRT
UPDATE AD_Field SET IsDisplayed='Y', SeqNo=260, AD_Reference_Value_ID=NULL, AD_Val_Rule_ID=NULL, XPosition=5, ColumnSpan=1, IsToolbarButton=NULL,Updated=TO_TIMESTAMP('2021-01-26 12:49:18','YYYY-MM-DD HH24:MI:SS'),UpdatedBy=100 WHERE AD_Field_ID=1128047
;

-- 26 de jan de 2021 12:49:18 BRT
UPDATE AD_Field SET SeqNo=270, AD_Reference_Value_ID=NULL, AD_Val_Rule_ID=NULL, ColumnSpan=1, IsToolbarButton=NULL,Updated=TO_TIMESTAMP('2021-01-26 12:49:18','YYYY-MM-DD HH24:MI:SS'),UpdatedBy=100 WHERE AD_Field_ID=1128044
;

-- 26 de jan de 2021 12:49:18 BRT
UPDATE AD_Field SET IsDisplayed='Y', SeqNo=280, AD_Reference_Value_ID=NULL, AD_Val_Rule_ID=NULL, XPosition=3, ColumnSpan=1, IsToolbarButton=NULL,Updated=TO_TIMESTAMP('2021-01-26 12:49:18','YYYY-MM-DD HH24:MI:SS'),UpdatedBy=100 WHERE AD_Field_ID=1128048
;

-- 26 de jan de 2021 12:49:18 BRT
UPDATE AD_Field SET IsDisplayed='Y', SeqNo=290, AD_Reference_Value_ID=NULL, AD_Val_Rule_ID=NULL, XPosition=5, ColumnSpan=1, IsToolbarButton=NULL,Updated=TO_TIMESTAMP('2021-01-26 12:49:18','YYYY-MM-DD HH24:MI:SS'),UpdatedBy=100 WHERE AD_Field_ID=1128126
;

-- 26 de jan de 2021 12:49:18 BRT
UPDATE AD_Field SET IsDisplayed='Y', SeqNo=300, AD_Reference_Value_ID=NULL, AD_Val_Rule_ID=NULL, XPosition=1, ColumnSpan=1, IsToolbarButton=NULL,Updated=TO_TIMESTAMP('2021-01-26 12:49:18','YYYY-MM-DD HH24:MI:SS'),UpdatedBy=100 WHERE AD_Field_ID=1128050
;

-- 26 de jan de 2021 12:49:18 BRT
UPDATE AD_Field SET IsDisplayed='Y', SeqNo=310, AD_Reference_Value_ID=NULL, AD_Val_Rule_ID=NULL, XPosition=3, ColumnSpan=1, IsToolbarButton=NULL,Updated=TO_TIMESTAMP('2021-01-26 12:49:18','YYYY-MM-DD HH24:MI:SS'),UpdatedBy=100 WHERE AD_Field_ID=1128046
;

-- 26 de jan de 2021 12:49:18 BRT
UPDATE AD_Field SET SeqNo=320, AD_Reference_Value_ID=NULL, AD_Val_Rule_ID=NULL, XPosition=5, ColumnSpan=1, IsToolbarButton=NULL,Updated=TO_TIMESTAMP('2021-01-26 12:49:18','YYYY-MM-DD HH24:MI:SS'),UpdatedBy=100 WHERE AD_Field_ID=1128043
;

-- 26 de jan de 2021 12:49:18 BRT
UPDATE AD_Field SET SeqNo=330, AD_Reference_Value_ID=NULL, AD_Val_Rule_ID=NULL, ColumnSpan=1, IsToolbarButton=NULL,Updated=TO_TIMESTAMP('2021-01-26 12:49:18','YYYY-MM-DD HH24:MI:SS'),UpdatedBy=100 WHERE AD_Field_ID=1128020
;

-- 26 de jan de 2021 12:49:18 BRT
UPDATE AD_Field SET SeqNo=340, AD_Reference_Value_ID=NULL, AD_Val_Rule_ID=NULL, IsToolbarButton=NULL,Updated=TO_TIMESTAMP('2021-01-26 12:49:18','YYYY-MM-DD HH24:MI:SS'),UpdatedBy=100 WHERE AD_Field_ID=1128027
;

-- 26 de jan de 2021 12:49:18 BRT
UPDATE AD_Field SET SeqNo=350, AD_Reference_Value_ID=NULL, AD_Val_Rule_ID=NULL, IsToolbarButton=NULL,Updated=TO_TIMESTAMP('2021-01-26 12:49:18','YYYY-MM-DD HH24:MI:SS'),UpdatedBy=100 WHERE AD_Field_ID=1130216
;

-- 26 de jan de 2021 12:49:18 BRT
UPDATE AD_Field SET SeqNo=360, AD_Reference_Value_ID=NULL, AD_Val_Rule_ID=NULL, IsToolbarButton=NULL,Updated=TO_TIMESTAMP('2021-01-26 12:49:18','YYYY-MM-DD HH24:MI:SS'),UpdatedBy=100 WHERE AD_Field_ID=1130208
;

-- 26 de jan de 2021 12:49:18 BRT
UPDATE AD_Field SET SeqNo=370, AD_Reference_Value_ID=NULL, AD_Val_Rule_ID=NULL, IsToolbarButton=NULL,Updated=TO_TIMESTAMP('2021-01-26 12:49:18','YYYY-MM-DD HH24:MI:SS'),UpdatedBy=100 WHERE AD_Field_ID=1130209
;

-- 26 de jan de 2021 12:49:18 BRT
UPDATE AD_Field SET SeqNo=380, AD_Reference_Value_ID=NULL, AD_Val_Rule_ID=NULL, IsToolbarButton=NULL,Updated=TO_TIMESTAMP('2021-01-26 12:49:18','YYYY-MM-DD HH24:MI:SS'),UpdatedBy=100 WHERE AD_Field_ID=1130210
;

-- 26 de jan de 2021 12:49:18 BRT
UPDATE AD_Field SET SeqNo=390, AD_Reference_Value_ID=NULL, AD_Val_Rule_ID=NULL, IsToolbarButton=NULL,Updated=TO_TIMESTAMP('2021-01-26 12:49:18','YYYY-MM-DD HH24:MI:SS'),UpdatedBy=100 WHERE AD_Field_ID=1130213
;

-- 26 de jan de 2021 12:49:18 BRT
UPDATE AD_Field SET SeqNo=400, AD_Reference_Value_ID=NULL, AD_Val_Rule_ID=NULL, IsToolbarButton=NULL,Updated=TO_TIMESTAMP('2021-01-26 12:49:18','YYYY-MM-DD HH24:MI:SS'),UpdatedBy=100 WHERE AD_Field_ID=1130211
;

-- 26 de jan de 2021 12:49:18 BRT
UPDATE AD_Field SET SeqNo=410, AD_Reference_Value_ID=NULL, AD_Val_Rule_ID=NULL, IsToolbarButton=NULL,Updated=TO_TIMESTAMP('2021-01-26 12:49:18','YYYY-MM-DD HH24:MI:SS'),UpdatedBy=100 WHERE AD_Field_ID=1130212
;

-- 26 de jan de 2021 12:49:18 BRT
UPDATE AD_Field SET SeqNo=420, AD_Reference_Value_ID=NULL, AD_Val_Rule_ID=NULL, IsToolbarButton=NULL,Updated=TO_TIMESTAMP('2021-01-26 12:49:18','YYYY-MM-DD HH24:MI:SS'),UpdatedBy=100 WHERE AD_Field_ID=1128019
;

-- 26 de jan de 2021 12:49:18 BRT
UPDATE AD_Field SET SeqNo=430, AD_Reference_Value_ID=NULL, AD_Val_Rule_ID=NULL, IsToolbarButton=NULL,Updated=TO_TIMESTAMP('2021-01-26 12:49:18','YYYY-MM-DD HH24:MI:SS'),UpdatedBy=100 WHERE AD_Field_ID=1128011
;

-- 26 de jan de 2021 12:49:18 BRT
UPDATE AD_Field SET IsDisplayed='Y', SeqNo=440, AD_Reference_Value_ID=NULL, AD_Val_Rule_ID=NULL, XPosition=4, IsToolbarButton=NULL,Updated=TO_TIMESTAMP('2021-01-26 12:49:18','YYYY-MM-DD HH24:MI:SS'),UpdatedBy=100 WHERE AD_Field_ID=1128025
;

-- 26 de jan de 2021 12:49:18 BRT
UPDATE AD_Field SET SeqNo=450, AD_Reference_Value_ID=NULL, AD_Val_Rule_ID=NULL, IsToolbarButton=NULL,Updated=TO_TIMESTAMP('2021-01-26 12:49:18','YYYY-MM-DD HH24:MI:SS'),UpdatedBy=100 WHERE AD_Field_ID=54786
;

-- 26 de jan de 2021 12:49:18 BRT
UPDATE AD_Field SET IsDisplayed='Y', SeqNo=460, AD_Reference_Value_ID=NULL, AD_Val_Rule_ID=NULL, XPosition=3, IsToolbarButton=NULL,Updated=TO_TIMESTAMP('2021-01-26 12:49:18','YYYY-MM-DD HH24:MI:SS'),UpdatedBy=100 WHERE AD_Field_ID=54787
;

-- 26 de jan de 2021 12:49:18 BRT
UPDATE AD_Field SET SeqNo=470, AD_Reference_Value_ID=NULL, AD_Val_Rule_ID=NULL, ColumnSpan=1, IsToolbarButton=NULL,Updated=TO_TIMESTAMP('2021-01-26 12:49:18','YYYY-MM-DD HH24:MI:SS'),UpdatedBy=100 WHERE AD_Field_ID=1128012
;

-- 26 de jan de 2021 12:49:18 BRT
UPDATE AD_Field SET SeqNo=480, AD_Reference_Value_ID=NULL, AD_Val_Rule_ID=NULL, XPosition=3, ColumnSpan=1, IsToolbarButton=NULL,Updated=TO_TIMESTAMP('2021-01-26 12:49:18','YYYY-MM-DD HH24:MI:SS'),UpdatedBy=100 WHERE AD_Field_ID=1128039
;

-- 26 de jan de 2021 12:49:18 BRT
UPDATE AD_Field SET SeqNo=490, AD_Reference_Value_ID=NULL, AD_Val_Rule_ID=NULL, XPosition=5, ColumnSpan=1, IsToolbarButton=NULL,Updated=TO_TIMESTAMP('2021-01-26 12:49:18','YYYY-MM-DD HH24:MI:SS'),UpdatedBy=100 WHERE AD_Field_ID=1130217
;

-- 26 de jan de 2021 12:49:18 BRT
UPDATE AD_Field SET IsDisplayed='Y', SeqNo=500, AD_Reference_Value_ID=NULL, AD_Val_Rule_ID=NULL, XPosition=1, IsToolbarButton=NULL,Updated=TO_TIMESTAMP('2021-01-26 12:49:18','YYYY-MM-DD HH24:MI:SS'),UpdatedBy=100 WHERE AD_Field_ID=1130215
;

-- 26 de jan de 2021 12:49:18 BRT
UPDATE AD_Field SET SeqNo=510, AD_Reference_Value_ID=NULL, AD_Val_Rule_ID=NULL, IsToolbarButton=NULL,Updated=TO_TIMESTAMP('2021-01-26 12:49:18','YYYY-MM-DD HH24:MI:SS'),UpdatedBy=100 WHERE AD_Field_ID=1128028
;

-- 26 de jan de 2021 12:49:19 BRT
UPDATE AD_Field SET IsDisplayed='Y', SeqNo=520, AD_Reference_Value_ID=NULL, AD_Val_Rule_ID=NULL, XPosition=3, IsToolbarButton=NULL,Updated=TO_TIMESTAMP('2021-01-26 12:49:19','YYYY-MM-DD HH24:MI:SS'),UpdatedBy=100 WHERE AD_Field_ID=1128018
;

-- 26 de jan de 2021 12:49:19 BRT
UPDATE AD_Field SET IsDisplayed='Y', SeqNo=530, AD_Reference_Value_ID=NULL, AD_Val_Rule_ID=NULL, XPosition=5, IsToolbarButton=NULL,Updated=TO_TIMESTAMP('2021-01-26 12:49:19','YYYY-MM-DD HH24:MI:SS'),UpdatedBy=100 WHERE AD_Field_ID=1128017
;

-- 26 de jan de 2021 12:49:19 BRT
UPDATE AD_Field SET IsDisplayed='Y', SeqNo=540, AD_Reference_Value_ID=NULL, AD_Val_Rule_ID=NULL, XPosition=1, IsToolbarButton=NULL,Updated=TO_TIMESTAMP('2021-01-26 12:49:19','YYYY-MM-DD HH24:MI:SS'),UpdatedBy=100 WHERE AD_Field_ID=1128029
;

-- 26 de jan de 2021 12:49:19 BRT
UPDATE AD_Field SET SeqNo=550, AD_Reference_Value_ID=NULL, AD_Val_Rule_ID=NULL, IsToolbarButton=NULL,Updated=TO_TIMESTAMP('2021-01-26 12:49:19','YYYY-MM-DD HH24:MI:SS'),UpdatedBy=100 WHERE AD_Field_ID=1128021
;

-- 26 de jan de 2021 12:49:19 BRT
UPDATE AD_Field SET SeqNo=560, AD_Reference_Value_ID=NULL, AD_Val_Rule_ID=NULL, IsToolbarButton=NULL,Updated=TO_TIMESTAMP('2021-01-26 12:49:19','YYYY-MM-DD HH24:MI:SS'),UpdatedBy=100 WHERE AD_Field_ID=1128022
;

-- 26 de jan de 2021 12:49:19 BRT
UPDATE AD_Field SET SeqNo=570, AD_Reference_Value_ID=NULL, AD_Val_Rule_ID=NULL, IsToolbarButton=NULL,Updated=TO_TIMESTAMP('2021-01-26 12:49:19','YYYY-MM-DD HH24:MI:SS'),UpdatedBy=100 WHERE AD_Field_ID=1128023
;

-- 26 de jan de 2021 12:49:19 BRT
UPDATE AD_Field SET SeqNo=580, AD_Reference_Value_ID=NULL, AD_Val_Rule_ID=NULL, IsToolbarButton=NULL,Updated=TO_TIMESTAMP('2021-01-26 12:49:19','YYYY-MM-DD HH24:MI:SS'),UpdatedBy=100 WHERE AD_Field_ID=1128035
;

-- 26 de jan de 2021 12:49:19 BRT
UPDATE AD_Field SET SeqNo=590, AD_Reference_Value_ID=NULL, AD_Val_Rule_ID=NULL, IsToolbarButton=NULL,Updated=TO_TIMESTAMP('2021-01-26 12:49:19','YYYY-MM-DD HH24:MI:SS'),UpdatedBy=100 WHERE AD_Field_ID=1128036
;

-- 26 de jan de 2021 12:49:19 BRT
UPDATE AD_Field SET SeqNo=600, AD_Reference_Value_ID=NULL, AD_Val_Rule_ID=NULL, IsToolbarButton=NULL,Updated=TO_TIMESTAMP('2021-01-26 12:49:19','YYYY-MM-DD HH24:MI:SS'),UpdatedBy=100 WHERE AD_Field_ID=1130207
;

-- 26 de jan de 2021 12:50:26 BRT
UPDATE AD_Field SET DisplayLogic='@LBR_HasDisability@', AD_Reference_Value_ID=NULL, AD_Val_Rule_ID=NULL, IsToolbarButton=NULL,Updated=TO_TIMESTAMP('2021-01-26 12:50:26','YYYY-MM-DD HH24:MI:SS'),UpdatedBy=100 WHERE AD_Field_ID=1130216
;

-- 26 de jan de 2021 12:50:28 BRT
UPDATE AD_Field SET DisplayLogic='@LBR_HasDisability@', AD_Reference_Value_ID=NULL, AD_Val_Rule_ID=NULL, IsToolbarButton=NULL,Updated=TO_TIMESTAMP('2021-01-26 12:50:28','YYYY-MM-DD HH24:MI:SS'),UpdatedBy=100 WHERE AD_Field_ID=1130208
;

-- 26 de jan de 2021 12:50:30 BRT
UPDATE AD_Field SET DisplayLogic='@LBR_HasDisability@', AD_Reference_Value_ID=NULL, AD_Val_Rule_ID=NULL, IsToolbarButton=NULL,Updated=TO_TIMESTAMP('2021-01-26 12:50:30','YYYY-MM-DD HH24:MI:SS'),UpdatedBy=100 WHERE AD_Field_ID=1130209
;

-- 26 de jan de 2021 12:50:34 BRT
UPDATE AD_Field SET DisplayLogic='@LBR_HasDisability@', AD_Reference_Value_ID=NULL, AD_Val_Rule_ID=NULL, IsToolbarButton=NULL,Updated=TO_TIMESTAMP('2021-01-26 12:50:34','YYYY-MM-DD HH24:MI:SS'),UpdatedBy=100 WHERE AD_Field_ID=1130210
;

-- 26 de jan de 2021 12:50:38 BRT
UPDATE AD_Field SET DisplayLogic='@LBR_HasDisability@', AD_Reference_Value_ID=NULL, AD_Val_Rule_ID=NULL, IsToolbarButton=NULL,Updated=TO_TIMESTAMP('2021-01-26 12:50:38','YYYY-MM-DD HH24:MI:SS'),UpdatedBy=100 WHERE AD_Field_ID=1130213
;

-- 26 de jan de 2021 12:50:40 BRT
UPDATE AD_Field SET DisplayLogic='@LBR_HasDisability@', AD_Reference_Value_ID=NULL, AD_Val_Rule_ID=NULL, IsToolbarButton=NULL,Updated=TO_TIMESTAMP('2021-01-26 12:50:40','YYYY-MM-DD HH24:MI:SS'),UpdatedBy=100 WHERE AD_Field_ID=1130211
;

-- 26 de jan de 2021 12:50:43 BRT
UPDATE AD_Field SET DisplayLogic='@LBR_HasDisability@', AD_Reference_Value_ID=NULL, AD_Val_Rule_ID=NULL, IsToolbarButton=NULL,Updated=TO_TIMESTAMP('2021-01-26 12:50:43','YYYY-MM-DD HH24:MI:SS'),UpdatedBy=100 WHERE AD_Field_ID=1130212
;

-- 26 de jan de 2021 12:50:54 BRT
UPDATE AD_Field SET DisplayLogic='@LBR_HasDisability@=Y', AD_Reference_Value_ID=NULL, AD_Val_Rule_ID=NULL, IsToolbarButton=NULL,Updated=TO_TIMESTAMP('2021-01-26 12:50:54','YYYY-MM-DD HH24:MI:SS'),UpdatedBy=100 WHERE AD_Field_ID=1130212
;

-- 26 de jan de 2021 12:50:56 BRT
UPDATE AD_Field SET DisplayLogic='@LBR_HasDisability@=Y', AD_Reference_Value_ID=NULL, AD_Val_Rule_ID=NULL, IsToolbarButton=NULL,Updated=TO_TIMESTAMP('2021-01-26 12:50:56','YYYY-MM-DD HH24:MI:SS'),UpdatedBy=100 WHERE AD_Field_ID=1130211
;

-- 26 de jan de 2021 12:50:58 BRT
UPDATE AD_Field SET DisplayLogic='@LBR_HasDisability@=Y', AD_Reference_Value_ID=NULL, AD_Val_Rule_ID=NULL, IsToolbarButton=NULL,Updated=TO_TIMESTAMP('2021-01-26 12:50:58','YYYY-MM-DD HH24:MI:SS'),UpdatedBy=100 WHERE AD_Field_ID=1130213
;

-- 26 de jan de 2021 12:51:01 BRT
UPDATE AD_Field SET DisplayLogic='@LBR_HasDisability@=Y', AD_Reference_Value_ID=NULL, AD_Val_Rule_ID=NULL, IsToolbarButton=NULL,Updated=TO_TIMESTAMP('2021-01-26 12:51:01','YYYY-MM-DD HH24:MI:SS'),UpdatedBy=100 WHERE AD_Field_ID=1130210
;

-- 26 de jan de 2021 12:51:03 BRT
UPDATE AD_Field SET DisplayLogic='@LBR_HasDisability@=Y', AD_Reference_Value_ID=NULL, AD_Val_Rule_ID=NULL, IsToolbarButton=NULL,Updated=TO_TIMESTAMP('2021-01-26 12:51:03','YYYY-MM-DD HH24:MI:SS'),UpdatedBy=100 WHERE AD_Field_ID=1130209
;

-- 26 de jan de 2021 12:51:05 BRT
UPDATE AD_Field SET DisplayLogic='@LBR_HasDisability@=Y', AD_Reference_Value_ID=NULL, AD_Val_Rule_ID=NULL, IsToolbarButton=NULL,Updated=TO_TIMESTAMP('2021-01-26 12:51:05','YYYY-MM-DD HH24:MI:SS'),UpdatedBy=100 WHERE AD_Field_ID=1130208
;

-- 26 de jan de 2021 12:51:08 BRT
UPDATE AD_Field SET DisplayLogic='@LBR_HasDisability@=Y', AD_Reference_Value_ID=NULL, AD_Val_Rule_ID=NULL, IsToolbarButton=NULL,Updated=TO_TIMESTAMP('2021-01-26 12:51:08','YYYY-MM-DD HH24:MI:SS'),UpdatedBy=100 WHERE AD_Field_ID=1130216
;

-- 26 de jan de 2021 12:53:20 BRT
UPDATE AD_Menu SET IsActive='Y',Updated=TO_TIMESTAMP('2021-01-26 12:53:20','YYYY-MM-DD HH24:MI:SS'),UpdatedBy=100 WHERE AD_Menu_ID=53112
;

-- 26 de jan de 2021 12:53:31 BRT
UPDATE AD_Window SET IsActive='Y',Updated=TO_TIMESTAMP('2021-01-26 12:53:31','YYYY-MM-DD HH24:MI:SS'),UpdatedBy=100 WHERE AD_Window_ID=53034
;

-- 26 de jan de 2021 12:53:31 BRT
UPDATE AD_WF_Node SET IsActive='Y',Updated=TO_TIMESTAMP('2021-01-26 12:53:31','YYYY-MM-DD HH24:MI:SS'),UpdatedBy=100 WHERE AD_WF_Node_ID=50079
;

-- 26 de jan de 2021 12:54:34 BRT
INSERT INTO AD_Column (AD_Column_ID,Version,Name,Description,Help,AD_Table_ID,ColumnName,FieldLength,IsKey,IsParent,IsMandatory,IsTranslated,IsIdentifier,SeqNo,IsEncrypted,AD_Reference_ID,AD_Client_ID,AD_Org_ID,IsActive,Created,CreatedBy,Updated,UpdatedBy,AD_Element_ID,IsUpdateable,IsSelectionColumn,EntityType,IsSyncDatabase,IsAlwaysUpdateable,IsAutocomplete,IsAllowLogging,AD_Column_UU,IsAllowCopy,SeqNoSelection,IsToolbarButton,IsSecure,IsHtml) VALUES (1132829,0,'Start Date','First effective day (inclusive)','The Start Date indicates the first or starting date',53088,'StartDate',7,'N','N','N','N','N',0,'N',15,0,0,'Y',TO_TIMESTAMP('2021-01-26 12:54:33','YYYY-MM-DD HH24:MI:SS'),100,TO_TIMESTAMP('2021-01-26 12:54:33','YYYY-MM-DD HH24:MI:SS'),100,574,'Y','N','LBRA','N','N','N','Y','8ed6c73b-8b85-4cd3-921e-0f3e4471f35f','Y',0,'N','N','N')
;

-- 26 de jan de 2021 12:54:49 BRT
ALTER TABLE HR_Department ADD COLUMN StartDate TIMESTAMP DEFAULT NULL 
;

-- 26 de jan de 2021 12:55:28 BRT
INSERT INTO AD_Field (AD_Field_ID,Name,Description,Help,AD_Tab_ID,AD_Column_ID,IsDisplayed,DisplayLength,SeqNo,SortNo,IsSameLine,IsHeading,IsFieldOnly,IsEncrypted,AD_Client_ID,AD_Org_ID,IsActive,Created,CreatedBy,Updated,UpdatedBy,IsReadOnly,IsCentrallyMaintained,EntityType,AD_Field_UU,IsDisplayedGrid,SeqNoGrid,XPosition,ColumnSpan,NumLines,IsQuickEntry,IsDefaultFocus,IsAdvancedField) VALUES (1130218,'Start Date','First effective day (inclusive)','The Start Date indicates the first or starting date',53109,1132829,'Y',0,80,0,'N','N','N','N',0,0,'Y',TO_TIMESTAMP('2021-01-26 12:55:28','YYYY-MM-DD HH24:MI:SS'),100,TO_TIMESTAMP('2021-01-26 12:55:28','YYYY-MM-DD HH24:MI:SS'),100,'N','Y','LBRA','0581f592-3a5e-463c-b011-a8924221d706','Y',80,1,1,1,'N','N','N')
;

-- 26 de jan de 2021 12:57:26 BRT
INSERT INTO AD_Column (AD_Column_ID,Version,Name,Description,Help,AD_Table_ID,ColumnName,FieldLength,IsKey,IsParent,IsMandatory,IsTranslated,IsIdentifier,SeqNo,IsEncrypted,AD_Reference_ID,AD_Client_ID,AD_Org_ID,IsActive,Created,CreatedBy,Updated,UpdatedBy,AD_Element_ID,IsUpdateable,IsSelectionColumn,EntityType,IsSyncDatabase,IsAlwaysUpdateable,IsAutocomplete,IsAllowLogging,AD_Column_UU,IsAllowCopy,SeqNoSelection,IsToolbarButton,IsSecure,IsHtml) VALUES (1132830,0,'Start Date','First effective day (inclusive)','The Start Date indicates the first or starting date',1120647,'StartDate',7,'N','N','N','N','N',0,'N',15,0,0,'Y',TO_TIMESTAMP('2021-01-26 12:57:25','YYYY-MM-DD HH24:MI:SS'),100,TO_TIMESTAMP('2021-01-26 12:57:25','YYYY-MM-DD HH24:MI:SS'),100,574,'Y','N','LBRA','N','N','N','Y','cb5789f8-24b5-4bb7-af89-86f9917c25b6','Y',0,'N','N','N')
;

-- 26 de jan de 2021 12:57:29 BRT
ALTER TABLE LBR_JobRole ADD COLUMN StartDate TIMESTAMP DEFAULT NULL 
;

-- 26 de jan de 2021 13:56:48 BRT
UPDATE AD_Field SET SeqNo=70, AD_Reference_Value_ID=NULL, AD_Val_Rule_ID=NULL, XPosition=4, IsToolbarButton=NULL,Updated=TO_TIMESTAMP('2021-01-26 13:56:48','YYYY-MM-DD HH24:MI:SS'),UpdatedBy=100 WHERE AD_Field_ID=1128041
;

-- 26 de jan de 2021 13:56:48 BRT
UPDATE AD_Field SET SeqNo=90, AD_Reference_Value_ID=NULL, AD_Val_Rule_ID=NULL, XPosition=4, IsToolbarButton=NULL,Updated=TO_TIMESTAMP('2021-01-26 13:56:48','YYYY-MM-DD HH24:MI:SS'),UpdatedBy=100 WHERE AD_Field_ID=1128049
;

-- 26 de jan de 2021 13:56:48 BRT
UPDATE AD_Field SET SeqNo=180, AD_Reference_Value_ID=NULL, AD_Val_Rule_ID=NULL, IsToolbarButton=NULL,Updated=TO_TIMESTAMP('2021-01-26 13:56:48','YYYY-MM-DD HH24:MI:SS'),UpdatedBy=100 WHERE AD_Field_ID=1128015
;

-- 26 de jan de 2021 13:56:48 BRT
UPDATE AD_Field SET SeqNo=190, AD_Reference_Value_ID=NULL, AD_Val_Rule_ID=NULL, IsToolbarButton=NULL,Updated=TO_TIMESTAMP('2021-01-26 13:56:48','YYYY-MM-DD HH24:MI:SS'),UpdatedBy=100 WHERE AD_Field_ID=1128030
;

-- 26 de jan de 2021 13:56:48 BRT
UPDATE AD_Field SET IsDisplayed='Y', SeqNo=200, AD_Reference_Value_ID=NULL, AD_Val_Rule_ID=NULL, XPosition=1, IsToolbarButton=NULL,Updated=TO_TIMESTAMP('2021-01-26 13:56:48','YYYY-MM-DD HH24:MI:SS'),UpdatedBy=100 WHERE AD_Field_ID=1128026
;

-- 26 de jan de 2021 13:56:48 BRT
UPDATE AD_Field SET IsDisplayed='Y', SeqNo=210, AD_Reference_Value_ID=NULL, AD_Val_Rule_ID=NULL, XPosition=3, IsToolbarButton=NULL,Updated=TO_TIMESTAMP('2021-01-26 13:56:48','YYYY-MM-DD HH24:MI:SS'),UpdatedBy=100 WHERE AD_Field_ID=1128042
;

-- 26 de jan de 2021 14:00:38 BRT
UPDATE AD_Field SET SeqNo=500, AD_Reference_Value_ID=NULL, AD_Val_Rule_ID=NULL, ColumnSpan=1, IsToolbarButton=NULL,Updated=TO_TIMESTAMP('2021-01-26 14:00:38','YYYY-MM-DD HH24:MI:SS'),UpdatedBy=100 WHERE AD_Field_ID=1130215
;

-- 26 de jan de 2021 14:00:38 BRT
UPDATE AD_Field SET IsDisplayed='Y', SeqNo=510, AD_Reference_Value_ID=NULL, AD_Val_Rule_ID=NULL, XPosition=3, IsToolbarButton=NULL,Updated=TO_TIMESTAMP('2021-01-26 14:00:38','YYYY-MM-DD HH24:MI:SS'),UpdatedBy=100 WHERE AD_Field_ID=1128028
;

-- 26 de jan de 2021 14:00:38 BRT
UPDATE AD_Field SET IsDisplayed='Y', SeqNo=520, AD_Reference_Value_ID=NULL, AD_Val_Rule_ID=NULL, XPosition=5, IsToolbarButton=NULL,Updated=TO_TIMESTAMP('2021-01-26 14:00:38','YYYY-MM-DD HH24:MI:SS'),UpdatedBy=100 WHERE AD_Field_ID=1128029
;

-- 26 de jan de 2021 14:00:38 BRT
UPDATE AD_Field SET SeqNo=530, AD_Reference_Value_ID=NULL, AD_Val_Rule_ID=NULL, IsToolbarButton=NULL,Updated=TO_TIMESTAMP('2021-01-26 14:00:38','YYYY-MM-DD HH24:MI:SS'),UpdatedBy=100 WHERE AD_Field_ID=1128018
;

-- 26 de jan de 2021 14:00:38 BRT
UPDATE AD_Field SET SeqNo=540, AD_Reference_Value_ID=NULL, AD_Val_Rule_ID=NULL, IsToolbarButton=NULL,Updated=TO_TIMESTAMP('2021-01-26 14:00:38','YYYY-MM-DD HH24:MI:SS'),UpdatedBy=100 WHERE AD_Field_ID=1128017
;

-- 26 de jan de 2021 16:18:57 BRT
INSERT INTO AD_Window (AD_Window_ID,Name,AD_Client_ID,AD_Org_ID,IsActive,Created,CreatedBy,Updated,UpdatedBy,WindowType,Processing,EntityType,IsSOTrx,IsDefault,WinHeight,WinWidth,IsBetaFunctionality,AD_Window_UU) VALUES (1120174,'Syndicate',0,0,'Y',TO_TIMESTAMP('2021-01-26 16:18:57','YYYY-MM-DD HH24:MI:SS'),100,TO_TIMESTAMP('2021-01-26 16:18:57','YYYY-MM-DD HH24:MI:SS'),100,'M','N','LBRA','Y','N',0,0,'N','660584d9-698f-4526-84f5-41107bc27c28')
;

-- 26 de jan de 2021 16:19:01 BRT
UPDATE AD_Window SET IsSOTrx='N',Updated=TO_TIMESTAMP('2021-01-26 16:19:01','YYYY-MM-DD HH24:MI:SS'),UpdatedBy=100 WHERE AD_Window_ID=1120174
;

-- 26 de jan de 2021 16:19:22 BRT
INSERT INTO AD_Tab (AD_Tab_ID,Name,AD_Window_ID,SeqNo,IsSingleRow,AD_Table_ID,AD_Client_ID,AD_Org_ID,IsActive,Created,CreatedBy,Updated,UpdatedBy,HasTree,IsInfoTab,IsTranslationTab,IsReadOnly,Processing,ImportFields,TabLevel,IsSortTab,EntityType,IsInsertRecord,IsAdvancedTab,AD_Tab_UU,TreeDisplayedOn) VALUES (1120416,'Syndicate',1120174,10,'Y',1120709,0,0,'Y',TO_TIMESTAMP('2021-01-26 16:19:22','YYYY-MM-DD HH24:MI:SS'),100,TO_TIMESTAMP('2021-01-26 16:19:22','YYYY-MM-DD HH24:MI:SS'),100,'N','N','N','N','N','N',0,'N','LBRA','Y','N','8628fb84-632d-4194-b7eb-0b485e91b96a','B')
;

-- 26 de jan de 2021 16:19:29 BRT
INSERT INTO AD_Field (AD_Field_ID,Name,Description,Help,AD_Tab_ID,AD_Column_ID,IsDisplayed,DisplayLength,SeqNo,IsSameLine,IsHeading,IsFieldOnly,IsEncrypted,AD_Client_ID,AD_Org_ID,IsActive,Created,CreatedBy,Updated,UpdatedBy,IsReadOnly,IsCentrallyMaintained,EntityType,AD_Field_UU,IsDisplayedGrid,ColumnSpan) VALUES (1130220,'Client','Client/Tenant for this installation.','A Client is a company or a legal entity. You cannot share data between Clients. Tenant is a synonym for Client.',1120416,1132803,'Y',22,10,'N','N','N','N',0,0,'Y',TO_TIMESTAMP('2021-01-26 16:19:28','YYYY-MM-DD HH24:MI:SS'),100,TO_TIMESTAMP('2021-01-26 16:19:28','YYYY-MM-DD HH24:MI:SS'),100,'N','Y','LBRA','cfe79b17-b006-468b-9376-ecb38eee6075','N',2)
;

-- 26 de jan de 2021 16:19:29 BRT
INSERT INTO AD_Field (AD_Field_ID,Name,Description,Help,AD_Tab_ID,AD_Column_ID,IsDisplayed,DisplayLength,SeqNo,IsSameLine,IsHeading,IsFieldOnly,IsEncrypted,AD_Client_ID,AD_Org_ID,IsActive,Created,CreatedBy,Updated,UpdatedBy,IsReadOnly,IsCentrallyMaintained,EntityType,AD_Field_UU,IsAllowCopy,IsDisplayedGrid,SeqNoGrid,XPosition,ColumnSpan) VALUES (1130221,'Organization','Organizational entity within client','An organization is a unit of your client or legal entity - examples are store, department. You can share data between organizations.',1120416,1132804,'Y',22,20,'N','N','N','N',0,0,'Y',TO_TIMESTAMP('2021-01-26 16:19:29','YYYY-MM-DD HH24:MI:SS'),100,TO_TIMESTAMP('2021-01-26 16:19:29','YYYY-MM-DD HH24:MI:SS'),100,'N','Y','LBRA','9f4f641b-a9da-42ee-b22f-11de22b367bf','Y','Y',10,4,2)
;

-- 26 de jan de 2021 16:19:30 BRT
INSERT INTO AD_Field (AD_Field_ID,Name,Description,Help,AD_Tab_ID,AD_Column_ID,IsDisplayed,DisplayLength,SeqNo,IsSameLine,IsHeading,IsFieldOnly,IsEncrypted,AD_Client_ID,AD_Org_ID,IsActive,Created,CreatedBy,Updated,UpdatedBy,IsReadOnly,IsCentrallyMaintained,EntityType,AD_Field_UU,IsDisplayedGrid,SeqNoGrid,ColumnSpan) VALUES (1130222,'Name','Alphanumeric identifier of the entity','The name of an entity (record) is used as an default search option in addition to the search key. The name is up to 60 characters in length.',1120416,1132813,'Y',60,30,'N','N','N','N',0,0,'Y',TO_TIMESTAMP('2021-01-26 16:19:29','YYYY-MM-DD HH24:MI:SS'),100,TO_TIMESTAMP('2021-01-26 16:19:29','YYYY-MM-DD HH24:MI:SS'),100,'N','Y','LBRA','bd419d0a-6706-47c9-bca7-47f4eab1fdfb','Y',20,5)
;

-- 26 de jan de 2021 16:19:30 BRT
INSERT INTO AD_Field (AD_Field_ID,Name,AD_Tab_ID,AD_Column_ID,IsDisplayed,DisplayLength,IsSameLine,IsHeading,IsFieldOnly,IsEncrypted,AD_Client_ID,AD_Org_ID,IsActive,Created,CreatedBy,Updated,UpdatedBy,IsReadOnly,IsCentrallyMaintained,EntityType,AD_Field_UU,IsDisplayedGrid,ColumnSpan) VALUES (1130223,'Employee Syndicate',1120416,1132806,'N',22,'N','N','N','N',0,0,'Y',TO_TIMESTAMP('2021-01-26 16:19:30','YYYY-MM-DD HH24:MI:SS'),100,TO_TIMESTAMP('2021-01-26 16:19:30','YYYY-MM-DD HH24:MI:SS'),100,'N','Y','LBRA','877341c3-d858-402c-8243-8f6fcfce150d','N',2)
;

-- 26 de jan de 2021 16:19:30 BRT
INSERT INTO AD_Field (AD_Field_ID,Name,AD_Tab_ID,AD_Column_ID,IsDisplayed,DisplayLength,IsSameLine,IsHeading,IsFieldOnly,IsEncrypted,AD_Client_ID,AD_Org_ID,IsActive,Created,CreatedBy,Updated,UpdatedBy,IsReadOnly,IsCentrallyMaintained,EntityType,AD_Field_UU,IsDisplayedGrid,ColumnSpan) VALUES (1130224,'LBR_HRSyndicate_UU',1120416,1132807,'N',36,'N','N','N','N',0,0,'Y',TO_TIMESTAMP('2021-01-26 16:19:30','YYYY-MM-DD HH24:MI:SS'),100,TO_TIMESTAMP('2021-01-26 16:19:30','YYYY-MM-DD HH24:MI:SS'),100,'N','Y','LBRA','3dc108e1-62a3-4eb5-b743-a4c3026ff178','N',2)
;

-- 26 de jan de 2021 16:19:31 BRT
INSERT INTO AD_Field (AD_Field_ID,Name,Description,Help,AD_Tab_ID,AD_Column_ID,IsDisplayed,DisplayLength,SeqNo,IsSameLine,IsHeading,IsFieldOnly,IsEncrypted,AD_Client_ID,AD_Org_ID,IsActive,Created,CreatedBy,Updated,UpdatedBy,IsReadOnly,IsCentrallyMaintained,EntityType,AD_Field_UU,IsDisplayedGrid,SeqNoGrid,ColumnSpan) VALUES (1130225,'Business Partner ','Identifies a Business Partner','A Business Partner is anyone with whom you transact.  This can include Vendor, Customer, Employee or Salesperson',1120416,1132814,'Y',22,40,'N','N','N','N',0,0,'Y',TO_TIMESTAMP('2021-01-26 16:19:30','YYYY-MM-DD HH24:MI:SS'),100,TO_TIMESTAMP('2021-01-26 16:19:30','YYYY-MM-DD HH24:MI:SS'),100,'N','Y','LBRA','8269c590-5e1a-4e6b-9e08-6acfc248c3fc','Y',30,2)
;

-- 26 de jan de 2021 16:19:31 BRT
INSERT INTO AD_Field (AD_Field_ID,Name,Description,Help,AD_Tab_ID,AD_Column_ID,IsDisplayed,DisplayLength,SeqNo,IsSameLine,IsHeading,IsFieldOnly,IsEncrypted,AD_Client_ID,AD_Org_ID,IsActive,Created,CreatedBy,Updated,UpdatedBy,IsReadOnly,IsCentrallyMaintained,EntityType,AD_Field_UU,IsDisplayedGrid,SeqNoGrid,XPosition,ColumnSpan) VALUES (1130226,'Active','The record is active in the system','There are two methods of making records unavailable in the system: One is to delete the record, the other is to de-activate the record. A de-activated record is not available for selection, but available for reports.
There are two reasons for de-activating and not deleting records:
(1) The system requires the record for audit purposes.
(2) The record is referenced by other records. E.g., you cannot delete a Business Partner, if there are invoices for this partner record existing. You de-activate the Business Partner and prevent that this record is used for future entries.',1120416,1132810,'Y',1,50,'N','N','N','N',0,0,'Y',TO_TIMESTAMP('2021-01-26 16:19:31','YYYY-MM-DD HH24:MI:SS'),100,TO_TIMESTAMP('2021-01-26 16:19:31','YYYY-MM-DD HH24:MI:SS'),100,'N','Y','LBRA','94c54100-e77b-406a-8690-c634d1ada4dd','Y',40,2,2)
;

-- 26 de jan de 2021 16:20:11 BRT
UPDATE AD_Field SET SeqNo=30, AD_Reference_Value_ID=NULL, AD_Val_Rule_ID=NULL, ColumnSpan=2, IsToolbarButton=NULL,Updated=TO_TIMESTAMP('2021-01-26 16:20:11','YYYY-MM-DD HH24:MI:SS'),UpdatedBy=100 WHERE AD_Field_ID=1130222
;

-- 26 de jan de 2021 16:20:12 BRT
UPDATE AD_Field SET IsDisplayed='Y', SeqNo=40, AD_Reference_Value_ID=NULL, AD_Val_Rule_ID=NULL, XPosition=5, IsToolbarButton=NULL,Updated=TO_TIMESTAMP('2021-01-26 16:20:12','YYYY-MM-DD HH24:MI:SS'),UpdatedBy=100 WHERE AD_Field_ID=1130226
;

-- 26 de jan de 2021 16:20:12 BRT
UPDATE AD_Field SET SeqNo=50, AD_Reference_Value_ID=NULL, AD_Val_Rule_ID=NULL, IsToolbarButton=NULL,Updated=TO_TIMESTAMP('2021-01-26 16:20:12','YYYY-MM-DD HH24:MI:SS'),UpdatedBy=100 WHERE AD_Field_ID=1130225
;

-- 26 de jan de 2021 16:20:12 BRT
UPDATE AD_Field SET SeqNo=0, AD_Reference_Value_ID=NULL, AD_Val_Rule_ID=NULL, IsToolbarButton=NULL,Updated=TO_TIMESTAMP('2021-01-26 16:20:12','YYYY-MM-DD HH24:MI:SS'),UpdatedBy=100 WHERE AD_Field_ID=1130223
;

-- 26 de jan de 2021 16:20:12 BRT
UPDATE AD_Field SET SeqNo=0, AD_Reference_Value_ID=NULL, AD_Val_Rule_ID=NULL, IsToolbarButton=NULL,Updated=TO_TIMESTAMP('2021-01-26 16:20:12','YYYY-MM-DD HH24:MI:SS'),UpdatedBy=100 WHERE AD_Field_ID=1130224
;

-- 26 de jan de 2021 16:20:32 BRT
UPDATE AD_Field SET IsReadOnly='Y', AD_Reference_Value_ID=NULL, AD_Val_Rule_ID=NULL, IsToolbarButton=NULL,Updated=TO_TIMESTAMP('2021-01-26 16:20:32','YYYY-MM-DD HH24:MI:SS'),UpdatedBy=100 WHERE AD_Field_ID=1130220
;

-- I forgot to set the DICTIONARY_ID_COMMENTS System Configurator
-- 26 de jan de 2021 18:10:51 BRT
INSERT INTO AD_Table (AD_Table_ID,Name,TableName,LoadSeq,AccessLevel,AD_Client_ID,AD_Org_ID,IsActive,Created,CreatedBy,Updated,UpdatedBy,IsSecurityEnabled,IsDeleteable,IsHighVolume,IsView,EntityType,ImportTable,IsChangeLog,ReplicationType,CopyColumnsFromTable,IsCentrallyMaintained,AD_Table_UU,Processing,DatabaseViewDrop,CopyComponentsFromView,IsSystemLanguage) VALUES (1120711,'Work Interval','LBR_HRWorkInterval',0,'3',0,0,'Y',TO_TIMESTAMP('2021-01-26 18:10:50','YYYY-MM-DD HH24:MI:SS'),100,TO_TIMESTAMP('2021-01-26 18:10:50','YYYY-MM-DD HH24:MI:SS'),100,'N','Y','N','N','LBRA','N','Y','L','N','Y','bc5c1457-b35f-4f22-8c24-374459e1bc7c','N','N','N','N')
;

-- 26 de jan de 2021 18:10:51 BRT
INSERT INTO AD_Sequence (Name,CurrentNext,IsAudited,StartNewYear,Description,IsActive,IsTableID,AD_Client_ID,AD_Org_ID,Created,CreatedBy,Updated,UpdatedBy,AD_Sequence_ID,IsAutoSequence,StartNo,IncrementNo,CurrentNextSys,AD_Sequence_UU) VALUES ('LBR_HRWorkInterval',1000000,'N','N','Table LBR_HRWorkInterval','Y','Y',0,0,TO_TIMESTAMP('2021-01-26 18:10:51','YYYY-MM-DD HH24:MI:SS'),100,TO_TIMESTAMP('2021-01-26 18:10:51','YYYY-MM-DD HH24:MI:SS'),100,1153984,'Y',1000000,1,200000,'05b457cc-e4bb-4bb8-ac0a-266367f2c499')
;

-- 26 de jan de 2021 18:11:32 BRT
INSERT INTO AD_Column (AD_Column_ID,Version,Name,Description,Help,AD_Table_ID,AD_Val_Rule_ID,ColumnName,FieldLength,IsKey,IsParent,IsMandatory,IsTranslated,IsIdentifier,IsEncrypted,AD_Reference_ID,AD_Client_ID,AD_Org_ID,IsActive,Created,CreatedBy,Updated,UpdatedBy,AD_Element_ID,IsUpdateable,IsSelectionColumn,EntityType,IsSyncDatabase,IsAlwaysUpdateable,IsAutocomplete,IsAllowLogging,AD_Column_UU,IsAllowCopy,IsToolbarButton,IsSecure,FKConstraintType,IsHtml) VALUES (1132834,1,'Client','Client/Tenant for this installation.','A Client is a company or a legal entity. You cannot share data between Clients. Tenant is a synonym for Client.',1120711,129,'AD_Client_ID',22,'N','N','Y','N','N','N',19,0,0,'Y',TO_TIMESTAMP('2021-01-26 18:11:32','YYYY-MM-DD HH24:MI:SS'),100,TO_TIMESTAMP('2021-01-26 18:11:32','YYYY-MM-DD HH24:MI:SS'),100,102,'N','N','LBRA','N','N','N','Y','a130aaa4-f660-4916-865b-8b28128d8ea9','N','N','N','N','N')
;

-- 26 de jan de 2021 18:11:33 BRT
INSERT INTO AD_Column (AD_Column_ID,Version,Name,Description,Help,AD_Table_ID,AD_Val_Rule_ID,ColumnName,FieldLength,IsKey,IsParent,IsMandatory,IsTranslated,IsIdentifier,IsEncrypted,AD_Reference_ID,AD_Client_ID,AD_Org_ID,IsActive,Created,CreatedBy,Updated,UpdatedBy,AD_Element_ID,IsUpdateable,IsSelectionColumn,EntityType,IsSyncDatabase,IsAlwaysUpdateable,IsAutocomplete,IsAllowLogging,AD_Column_UU,IsAllowCopy,IsToolbarButton,IsSecure,FKConstraintType,IsHtml) VALUES (1132835,1,'Organization','Organizational entity within client','An organization is a unit of your client or legal entity - examples are store, department. You can share data between organizations.',1120711,104,'AD_Org_ID',22,'N','N','Y','N','N','N',19,0,0,'Y',TO_TIMESTAMP('2021-01-26 18:11:32','YYYY-MM-DD HH24:MI:SS'),100,TO_TIMESTAMP('2021-01-26 18:11:32','YYYY-MM-DD HH24:MI:SS'),100,113,'N','N','LBRA','N','N','N','Y','90cc7ab0-dfed-40f9-bc8f-f29efb711048','N','N','N','N','N')
;

-- 26 de jan de 2021 18:11:33 BRT
INSERT INTO AD_Column (AD_Column_ID,Version,Name,Description,Help,AD_Table_ID,ColumnName,FieldLength,IsKey,IsParent,IsMandatory,IsTranslated,IsIdentifier,IsEncrypted,AD_Reference_ID,AD_Client_ID,AD_Org_ID,IsActive,Created,CreatedBy,Updated,UpdatedBy,AD_Element_ID,IsUpdateable,IsSelectionColumn,EntityType,IsSyncDatabase,IsAlwaysUpdateable,IsAutocomplete,IsAllowLogging,AD_Column_UU,IsAllowCopy,IsToolbarButton,IsSecure,FKConstraintType,IsHtml) VALUES (1132836,1,'OS Task','Operation System Task','The Task field identifies a Operation System Task in the system.',1120711,'AD_Task_ID',22,'N','N','Y','N','N','N',13,0,0,'Y',TO_TIMESTAMP('2021-01-26 18:11:33','YYYY-MM-DD HH24:MI:SS'),100,TO_TIMESTAMP('2021-01-26 18:11:33','YYYY-MM-DD HH24:MI:SS'),100,128,'Y','N','LBRA','N','N','N','Y','acbeda70-b893-437d-beb2-cc3f24c41ab7','Y','N','N','C','N')
;

-- 26 de jan de 2021 18:11:34 BRT
INSERT INTO AD_Element (AD_Element_ID,AD_Client_ID,AD_Org_ID,IsActive,Created,CreatedBy,Updated,UpdatedBy,ColumnName,Name,PrintName,EntityType,AD_Element_UU) VALUES (1123260,0,0,'Y',TO_TIMESTAMP('2021-01-26 18:11:33','YYYY-MM-DD HH24:MI:SS'),100,TO_TIMESTAMP('2021-01-26 18:11:33','YYYY-MM-DD HH24:MI:SS'),100,'LBR_HRWorkInterval_ID','Work Interval','Work Interval','LBRA','b34094fc-8941-4e35-9c67-7ff08c8f2942')
;

-- 26 de jan de 2021 18:11:34 BRT
INSERT INTO AD_Column (AD_Column_ID,Version,Name,AD_Table_ID,ColumnName,FieldLength,IsKey,IsParent,IsMandatory,IsTranslated,IsIdentifier,SeqNo,IsEncrypted,AD_Reference_ID,AD_Client_ID,AD_Org_ID,IsActive,Created,CreatedBy,Updated,UpdatedBy,AD_Element_ID,IsUpdateable,IsSelectionColumn,EntityType,IsSyncDatabase,IsAlwaysUpdateable,IsAutocomplete,IsAllowLogging,AD_Column_UU,IsAllowCopy,IsToolbarButton,IsSecure,IsHtml) VALUES (1132837,1,'Work Interval',1120711,'LBR_HRWorkInterval_ID',22,'Y','N','Y','N','Y',1,'N',13,0,0,'Y',TO_TIMESTAMP('2021-01-26 18:11:33','YYYY-MM-DD HH24:MI:SS'),100,TO_TIMESTAMP('2021-01-26 18:11:33','YYYY-MM-DD HH24:MI:SS'),100,1123260,'N','N','LBRA','N','N','N','N','36305b83-77dd-4d35-a0ac-aa08e8b9987d','N','N','N','N')
;

-- 26 de jan de 2021 18:11:35 BRT
INSERT INTO AD_Element (AD_Element_ID,AD_Client_ID,AD_Org_ID,IsActive,Created,CreatedBy,Updated,UpdatedBy,ColumnName,Name,PrintName,EntityType,AD_Element_UU) VALUES (1123261,0,0,'Y',TO_TIMESTAMP('2021-01-26 18:11:35','YYYY-MM-DD HH24:MI:SS'),100,TO_TIMESTAMP('2021-01-26 18:11:35','YYYY-MM-DD HH24:MI:SS'),100,'LBR_HRWorkInterval_UU','LBR_HRWorkInterval_UU','LBR_HRWorkInterval_UU','LBRA','9f1bb574-0427-43f9-b035-60170129437a')
;

-- 26 de jan de 2021 18:11:36 BRT
INSERT INTO AD_Column (AD_Column_ID,Version,Name,AD_Table_ID,ColumnName,FieldLength,IsKey,IsParent,IsMandatory,IsTranslated,IsIdentifier,IsEncrypted,AD_Reference_ID,AD_Client_ID,AD_Org_ID,IsActive,Created,CreatedBy,Updated,UpdatedBy,AD_Element_ID,IsUpdateable,IsSelectionColumn,EntityType,IsSyncDatabase,IsAlwaysUpdateable,IsAutocomplete,IsAllowLogging,AD_Column_UU,IsAllowCopy,IsToolbarButton,IsSecure,IsHtml) VALUES (1132838,1.00,'LBR_HRWorkInterval_UU',1120711,'LBR_HRWorkInterval_UU',36,'N','N','N','N','N','N',10,0,0,'Y',TO_TIMESTAMP('2021-01-26 18:11:35','YYYY-MM-DD HH24:MI:SS'),100,TO_TIMESTAMP('2021-01-26 18:11:35','YYYY-MM-DD HH24:MI:SS'),100,1123261,'Y','N','LBRA','N','N','N','Y','42c1da34-a9be-4e66-afcf-967c08a5e355','N','N','N','N')
;

-- 26 de jan de 2021 18:11:36 BRT
INSERT INTO AD_Column (AD_Column_ID,Version,Name,Description,Help,AD_Table_ID,ColumnName,DefaultValue,FieldLength,IsKey,IsParent,IsMandatory,IsTranslated,IsIdentifier,IsEncrypted,AD_Reference_ID,AD_Client_ID,AD_Org_ID,IsActive,Created,CreatedBy,Updated,UpdatedBy,AD_Element_ID,IsUpdateable,IsSelectionColumn,EntityType,IsSyncDatabase,IsAlwaysUpdateable,IsAutocomplete,IsAllowLogging,AD_Column_UU,IsAllowCopy,IsToolbarButton,IsSecure,IsHtml) VALUES (1132839,1,'Created','Date this record was created','The Created field indicates the date that this record was created.',1120711,'Created','SYSDATE',7,'N','N','Y','N','N','N',16,0,0,'Y',TO_TIMESTAMP('2021-01-26 18:11:36','YYYY-MM-DD HH24:MI:SS'),100,TO_TIMESTAMP('2021-01-26 18:11:36','YYYY-MM-DD HH24:MI:SS'),100,245,'N','N','LBRA','N','N','N','Y','dbb4be52-4187-4356-8ec6-76faf5e8f89e','N','N','N','N')
;

-- 26 de jan de 2021 18:11:36 BRT
INSERT INTO AD_Column (AD_Column_ID,Version,Name,Description,Help,AD_Table_ID,ColumnName,FieldLength,IsKey,IsParent,IsMandatory,IsTranslated,IsIdentifier,IsEncrypted,AD_Reference_ID,AD_Reference_Value_ID,AD_Client_ID,AD_Org_ID,IsActive,Created,CreatedBy,Updated,UpdatedBy,AD_Element_ID,IsUpdateable,IsSelectionColumn,EntityType,IsSyncDatabase,IsAlwaysUpdateable,IsAutocomplete,IsAllowLogging,AD_Column_UU,IsAllowCopy,IsToolbarButton,IsSecure,FKConstraintType,IsHtml) VALUES (1132840,1,'Created By','User who created this records','The Created By field indicates the user who created this record.',1120711,'CreatedBy',22,'N','N','N','N','N','N',18,110,0,0,'Y',TO_TIMESTAMP('2021-01-26 18:11:36','YYYY-MM-DD HH24:MI:SS'),100,TO_TIMESTAMP('2021-01-26 18:11:36','YYYY-MM-DD HH24:MI:SS'),100,246,'N','N','LBRA','N','N','N','Y','e87e6cf0-790d-490e-bf7b-c8c3fe9cfa3d','N','N','N','D','N')
;

-- 26 de jan de 2021 18:11:37 BRT
INSERT INTO AD_Column (AD_Column_ID,Version,Name,Description,Help,AD_Table_ID,ColumnName,DefaultValue,FieldLength,IsKey,IsParent,IsMandatory,IsTranslated,IsIdentifier,IsEncrypted,AD_Reference_ID,AD_Client_ID,AD_Org_ID,IsActive,Created,CreatedBy,Updated,UpdatedBy,AD_Element_ID,IsUpdateable,IsSelectionColumn,EntityType,IsSyncDatabase,IsAlwaysUpdateable,IsAutocomplete,IsAllowLogging,AD_Column_UU,IsAllowCopy,IsToolbarButton,IsSecure,IsHtml) VALUES (1132841,1,'Active','The record is active in the system','There are two methods of making records unavailable in the system: One is to delete the record, the other is to de-activate the record. A de-activated record is not available for selection, but available for reports.
There are two reasons for de-activating and not deleting records:
(1) The system requires the record for audit purposes.
(2) The record is referenced by other records. E.g., you cannot delete a Business Partner, if there are invoices for this partner record existing. You de-activate the Business Partner and prevent that this record is used for future entries.',1120711,'IsActive','Y',1,'N','N','Y','N','N','N',20,0,0,'Y',TO_TIMESTAMP('2021-01-26 18:11:36','YYYY-MM-DD HH24:MI:SS'),100,TO_TIMESTAMP('2021-01-26 18:11:36','YYYY-MM-DD HH24:MI:SS'),100,348,'Y','N','LBRA','N','N','N','Y','111d1644-a03c-4acb-8c1a-8d34f1b06536','N','N','N','N')
;

-- 26 de jan de 2021 18:11:37 BRT
INSERT INTO AD_Column (AD_Column_ID,Version,Name,Description,Help,AD_Table_ID,ColumnName,DefaultValue,FieldLength,IsKey,IsParent,IsMandatory,IsTranslated,IsIdentifier,IsEncrypted,AD_Reference_ID,AD_Client_ID,AD_Org_ID,IsActive,Created,CreatedBy,Updated,UpdatedBy,AD_Element_ID,IsUpdateable,IsSelectionColumn,EntityType,IsSyncDatabase,IsAlwaysUpdateable,IsAutocomplete,IsAllowLogging,AD_Column_UU,IsAllowCopy,IsToolbarButton,IsSecure,IsHtml) VALUES (1132842,1,'Updated','Date this record was updated','The Updated field indicates the date that this record was updated.',1120711,'Updated','SYSDATE',7,'N','N','Y','N','N','N',16,0,0,'Y',TO_TIMESTAMP('2021-01-26 18:11:37','YYYY-MM-DD HH24:MI:SS'),100,TO_TIMESTAMP('2021-01-26 18:11:37','YYYY-MM-DD HH24:MI:SS'),100,607,'N','N','LBRA','N','N','N','Y','29c86189-4096-4ec8-87ea-a48580dfc38f','N','N','N','N')
;

-- 26 de jan de 2021 18:11:38 BRT
INSERT INTO AD_Column (AD_Column_ID,Version,Name,Description,Help,AD_Table_ID,ColumnName,FieldLength,IsKey,IsParent,IsMandatory,IsTranslated,IsIdentifier,IsEncrypted,AD_Reference_ID,AD_Reference_Value_ID,AD_Client_ID,AD_Org_ID,IsActive,Created,CreatedBy,Updated,UpdatedBy,AD_Element_ID,IsUpdateable,IsSelectionColumn,EntityType,IsSyncDatabase,IsAlwaysUpdateable,IsAutocomplete,IsAllowLogging,AD_Column_UU,IsAllowCopy,IsToolbarButton,IsSecure,FKConstraintType,IsHtml) VALUES (1132843,1,'Updated By','User who updated this records','The Updated By field indicates the user who updated this record.',1120711,'UpdatedBy',22,'N','N','N','N','N','N',18,110,0,0,'Y',TO_TIMESTAMP('2021-01-26 18:11:37','YYYY-MM-DD HH24:MI:SS'),100,TO_TIMESTAMP('2021-01-26 18:11:37','YYYY-MM-DD HH24:MI:SS'),100,608,'N','N','LBRA','N','N','N','Y','bd422272-f178-4313-9a58-fef9111227db','N','N','N','D','N')
;

-- 26 de jan de 2021 18:12:09 BRT
DELETE FROM AD_Column_Trl WHERE AD_Column_ID=1132836
;

-- 26 de jan de 2021 18:12:09 BRT
DELETE FROM AD_Column WHERE AD_Column_ID=1132836
;

-- 26 de jan de 2021 18:12:28 BRT
INSERT INTO AD_Column (AD_Column_ID,Version,Name,Description,AD_Table_ID,ColumnName,FieldLength,IsKey,IsParent,IsMandatory,IsTranslated,IsIdentifier,SeqNo,IsEncrypted,AD_Reference_ID,AD_Client_ID,AD_Org_ID,IsActive,Created,CreatedBy,Updated,UpdatedBy,AD_Element_ID,IsUpdateable,IsSelectionColumn,EntityType,IsSyncDatabase,IsAlwaysUpdateable,IsAutocomplete,IsAllowLogging,AD_Column_UU,IsAllowCopy,SeqNoSelection,IsToolbarButton,IsSecure,IsHtml) VALUES (1132844,0,'Start Time','Time started',1120711,'StartTime',7,'N','N','N','N','N',0,'N',16,0,0,'Y',TO_TIMESTAMP('2021-01-26 18:12:28','YYYY-MM-DD HH24:MI:SS'),100,TO_TIMESTAMP('2021-01-26 18:12:28','YYYY-MM-DD HH24:MI:SS'),100,2713,'Y','N','LBRA','N','N','N','Y','d5e06df5-791a-47fd-aa74-420b5928cb8c','Y',0,'N','N','N')
;

-- 26 de jan de 2021 18:12:48 BRT
INSERT INTO AD_Column (AD_Column_ID,Version,Name,Description,AD_Table_ID,ColumnName,FieldLength,IsKey,IsParent,IsMandatory,IsTranslated,IsIdentifier,SeqNo,IsEncrypted,AD_Reference_ID,AD_Client_ID,AD_Org_ID,IsActive,Created,CreatedBy,Updated,UpdatedBy,AD_Element_ID,IsUpdateable,IsSelectionColumn,EntityType,IsSyncDatabase,IsAlwaysUpdateable,IsAutocomplete,IsAllowLogging,AD_Column_UU,IsAllowCopy,SeqNoSelection,IsToolbarButton,IsSecure,IsHtml) VALUES (1132845,0,'End Time','End of the time span',1120711,'EndTime',7,'N','N','N','N','N',0,'N',16,0,0,'Y',TO_TIMESTAMP('2021-01-26 18:12:48','YYYY-MM-DD HH24:MI:SS'),100,TO_TIMESTAMP('2021-01-26 18:12:48','YYYY-MM-DD HH24:MI:SS'),100,2714,'Y','N','LBRA','N','N','N','Y','1717f721-66a6-4600-8410-c028726616ba','Y',0,'N','N','N')
;

-- 26 de jan de 2021 18:13:11 BRT
UPDATE AD_Column SET AD_Reference_ID=24,Updated=TO_TIMESTAMP('2021-01-26 18:13:11','YYYY-MM-DD HH24:MI:SS'),UpdatedBy=100 WHERE AD_Column_ID=1132844
;

-- 26 de jan de 2021 18:13:26 BRT
UPDATE AD_Column SET AD_Reference_ID=24,Updated=TO_TIMESTAMP('2021-01-26 18:13:26','YYYY-MM-DD HH24:MI:SS'),UpdatedBy=100 WHERE AD_Column_ID=1132845
;

-- 26 de jan de 2021 18:37:23 BRT
INSERT INTO AD_Column (AD_Column_ID,Version,Name,Description,Help,AD_Table_ID,ColumnName,FieldLength,IsKey,IsParent,IsMandatory,IsTranslated,IsIdentifier,SeqNo,IsEncrypted,AD_Reference_ID,AD_Client_ID,AD_Org_ID,IsActive,Created,CreatedBy,Updated,UpdatedBy,AD_Element_ID,IsUpdateable,IsSelectionColumn,EntityType,IsSyncDatabase,IsAlwaysUpdateable,IsAutocomplete,IsAllowLogging,AD_Column_UU,IsAllowCopy,SeqNoSelection,IsToolbarButton,IsSecure,IsHtml) VALUES (1132848,0,'Default','Default value','The Default Checkbox indicates if this record will be used as a default value.',1120711,'IsDefault',1,'N','N','N','N','N',0,'N',20,0,0,'Y',TO_TIMESTAMP('2021-01-26 18:37:22','YYYY-MM-DD HH24:MI:SS'),100,TO_TIMESTAMP('2021-01-26 18:37:22','YYYY-MM-DD HH24:MI:SS'),100,1103,'Y','N','LBRA','N','N','N','Y','2daead8c-6eac-4a99-8058-2292f9b54a9a','Y',0,'N','N','N')
;

-- 26 de jan de 2021 18:37:30 BRT
UPDATE AD_Column SET IsMandatory='Y', ReadOnlyLogic='N',Updated=TO_TIMESTAMP('2021-01-26 18:37:30','YYYY-MM-DD HH24:MI:SS'),UpdatedBy=100 WHERE AD_Column_ID=1132848
;

-- 26 de jan de 2021 18:38:01 BRT
UPDATE AD_Column SET FKConstraintName='ADClient_LBRHRWorkInterval', FKConstraintType='N',Updated=TO_TIMESTAMP('2021-01-26 18:38:01','YYYY-MM-DD HH24:MI:SS'),UpdatedBy=100 WHERE AD_Column_ID=1132834
;

-- 26 de jan de 2021 18:38:01 BRT
UPDATE AD_Column SET FKConstraintName='ADOrg_LBRHRWorkInterval', FKConstraintType='N',Updated=TO_TIMESTAMP('2021-01-26 18:38:01','YYYY-MM-DD HH24:MI:SS'),UpdatedBy=100 WHERE AD_Column_ID=1132835
;

-- 26 de jan de 2021 18:38:01 BRT
CREATE TABLE LBR_HRWorkInterval (AD_Client_ID NUMERIC(10) NOT NULL, AD_Org_ID NUMERIC(10) NOT NULL, Created TIMESTAMP DEFAULT statement_timestamp() NOT NULL, CreatedBy NUMERIC(10) DEFAULT NULL , EndTime TIMESTAMP DEFAULT NULL , IsActive CHAR(1) DEFAULT 'Y' CHECK (IsActive IN ('Y','N')) NOT NULL, IsDefault CHAR(1) CHECK (IsDefault IN ('Y','N')) NOT NULL, LBR_HRWorkInterval_ID NUMERIC(10) NOT NULL, LBR_HRWorkInterval_UU VARCHAR(36) DEFAULT NULL , StartTime TIMESTAMP DEFAULT NULL , Updated TIMESTAMP DEFAULT statement_timestamp() NOT NULL, UpdatedBy NUMERIC(10) DEFAULT NULL , CONSTRAINT LBR_HRWorkInterval_Key PRIMARY KEY (LBR_HRWorkInterval_ID), CONSTRAINT LBR_HRWorkInterval_UU_idx UNIQUE (LBR_HRWorkInterval_UU))
;

-- 26 de jan de 2021 18:38:02 BRT
ALTER TABLE LBR_HRWorkInterval ADD CONSTRAINT ADClient_LBRHRWorkInterval FOREIGN KEY (AD_Client_ID) REFERENCES ad_client(ad_client_id) DEFERRABLE INITIALLY DEFERRED
;

-- 26 de jan de 2021 18:38:02 BRT
ALTER TABLE LBR_HRWorkInterval ADD CONSTRAINT ADOrg_LBRHRWorkInterval FOREIGN KEY (AD_Org_ID) REFERENCES ad_org(ad_org_id) DEFERRABLE INITIALLY DEFERRED
;

-- 26 de jan de 2021 18:39:09 BRT
INSERT INTO AD_Table (AD_Table_ID,Name,TableName,LoadSeq,AccessLevel,AD_Client_ID,AD_Org_ID,IsActive,Created,CreatedBy,Updated,UpdatedBy,IsSecurityEnabled,IsDeleteable,IsHighVolume,IsView,EntityType,ImportTable,IsChangeLog,ReplicationType,CopyColumnsFromTable,IsCentrallyMaintained,AD_Table_UU,Processing,DatabaseViewDrop,CopyComponentsFromView,IsSystemLanguage) VALUES (1120712,'Work Schedule','LBR_HRWorkSchedule',0,'3',0,0,'Y',TO_TIMESTAMP('2021-01-26 18:39:09','YYYY-MM-DD HH24:MI:SS'),100,TO_TIMESTAMP('2021-01-26 18:39:09','YYYY-MM-DD HH24:MI:SS'),100,'N','Y','N','N','LBRA','N','Y','L','N','Y','3a756c9d-f3cc-4e67-89ad-47f8a443b73c','N','N','N','N')
;

-- 26 de jan de 2021 18:39:10 BRT
INSERT INTO AD_Sequence (Name,CurrentNext,IsAudited,StartNewYear,Description,IsActive,IsTableID,AD_Client_ID,AD_Org_ID,Created,CreatedBy,Updated,UpdatedBy,AD_Sequence_ID,IsAutoSequence,StartNo,IncrementNo,CurrentNextSys,AD_Sequence_UU) VALUES ('LBR_HRWorkSchedule',1000000,'N','N','Table LBR_HRWorkSchedule','Y','Y',0,0,TO_TIMESTAMP('2021-01-26 18:39:09','YYYY-MM-DD HH24:MI:SS'),100,TO_TIMESTAMP('2021-01-26 18:39:09','YYYY-MM-DD HH24:MI:SS'),100,1153985,'Y',1000000,1,200000,'e82309a2-5872-4dbc-bb13-2c79e531bf3d')
;

-- 26 de jan de 2021 18:39:23 BRT
INSERT INTO AD_Column (AD_Column_ID,Version,Name,Description,Help,AD_Table_ID,AD_Val_Rule_ID,ColumnName,FieldLength,IsKey,IsParent,IsMandatory,IsTranslated,IsIdentifier,IsEncrypted,AD_Reference_ID,AD_Client_ID,AD_Org_ID,IsActive,Created,CreatedBy,Updated,UpdatedBy,AD_Element_ID,IsUpdateable,IsSelectionColumn,EntityType,IsSyncDatabase,IsAlwaysUpdateable,IsAutocomplete,IsAllowLogging,AD_Column_UU,IsAllowCopy,IsToolbarButton,IsSecure,FKConstraintType,IsHtml) VALUES (1132849,1,'Client','Client/Tenant for this installation.','A Client is a company or a legal entity. You cannot share data between Clients. Tenant is a synonym for Client.',1120712,129,'AD_Client_ID',22,'N','N','Y','N','N','N',19,0,0,'Y',TO_TIMESTAMP('2021-01-26 18:39:22','YYYY-MM-DD HH24:MI:SS'),100,TO_TIMESTAMP('2021-01-26 18:39:22','YYYY-MM-DD HH24:MI:SS'),100,102,'N','N','LBRA','N','N','N','Y','5e76d3a1-2c92-42b8-9cd5-65c64b5aea3d','N','N','N','N','N')
;

-- 26 de jan de 2021 18:39:23 BRT
INSERT INTO AD_Column (AD_Column_ID,Version,Name,Description,Help,AD_Table_ID,AD_Val_Rule_ID,ColumnName,FieldLength,IsKey,IsParent,IsMandatory,IsTranslated,IsIdentifier,IsEncrypted,AD_Reference_ID,AD_Client_ID,AD_Org_ID,IsActive,Created,CreatedBy,Updated,UpdatedBy,AD_Element_ID,IsUpdateable,IsSelectionColumn,EntityType,IsSyncDatabase,IsAlwaysUpdateable,IsAutocomplete,IsAllowLogging,AD_Column_UU,IsAllowCopy,IsToolbarButton,IsSecure,FKConstraintType,IsHtml) VALUES (1132850,1,'Organization','Organizational entity within client','An organization is a unit of your client or legal entity - examples are store, department. You can share data between organizations.',1120712,104,'AD_Org_ID',22,'N','N','Y','N','N','N',19,0,0,'Y',TO_TIMESTAMP('2021-01-26 18:39:23','YYYY-MM-DD HH24:MI:SS'),100,TO_TIMESTAMP('2021-01-26 18:39:23','YYYY-MM-DD HH24:MI:SS'),100,113,'N','N','LBRA','N','N','N','Y','5b68c1a3-872d-4d10-adc2-c5e9103be533','N','N','N','N','N')
;

-- 26 de jan de 2021 18:39:24 BRT
INSERT INTO AD_Column (AD_Column_ID,Version,Name,Description,Help,AD_Table_ID,ColumnName,FieldLength,IsKey,IsParent,IsMandatory,IsTranslated,IsIdentifier,IsEncrypted,AD_Reference_ID,AD_Client_ID,AD_Org_ID,IsActive,Created,CreatedBy,Updated,UpdatedBy,AD_Element_ID,IsUpdateable,IsSelectionColumn,EntityType,IsSyncDatabase,IsAlwaysUpdateable,IsAutocomplete,IsAllowLogging,AD_Column_UU,IsAllowCopy,IsToolbarButton,IsSecure,FKConstraintType,IsHtml) VALUES (1132851,1,'OS Task','Operation System Task','The Task field identifies a Operation System Task in the system.',1120712,'AD_Task_ID',22,'N','N','Y','N','N','N',13,0,0,'Y',TO_TIMESTAMP('2021-01-26 18:39:23','YYYY-MM-DD HH24:MI:SS'),100,TO_TIMESTAMP('2021-01-26 18:39:23','YYYY-MM-DD HH24:MI:SS'),100,128,'Y','N','LBRA','N','N','N','Y','05d25dc1-f4b6-467d-a041-36ffcdee654a','Y','N','N','C','N')
;

-- 26 de jan de 2021 18:39:24 BRT
INSERT INTO AD_Element (AD_Element_ID,AD_Client_ID,AD_Org_ID,IsActive,Created,CreatedBy,Updated,UpdatedBy,ColumnName,Name,PrintName,EntityType,AD_Element_UU) VALUES (1123262,0,0,'Y',TO_TIMESTAMP('2021-01-26 18:39:24','YYYY-MM-DD HH24:MI:SS'),100,TO_TIMESTAMP('2021-01-26 18:39:24','YYYY-MM-DD HH24:MI:SS'),100,'LBR_HRWorkSchedule_ID','Work Schedule','Work Schedule','LBRA','a4999fcb-4614-40d5-813d-c8bc2aba2e87')
;

-- 26 de jan de 2021 18:39:25 BRT
INSERT INTO AD_Column (AD_Column_ID,Version,Name,AD_Table_ID,ColumnName,FieldLength,IsKey,IsParent,IsMandatory,IsTranslated,IsIdentifier,SeqNo,IsEncrypted,AD_Reference_ID,AD_Client_ID,AD_Org_ID,IsActive,Created,CreatedBy,Updated,UpdatedBy,AD_Element_ID,IsUpdateable,IsSelectionColumn,EntityType,IsSyncDatabase,IsAlwaysUpdateable,IsAutocomplete,IsAllowLogging,AD_Column_UU,IsAllowCopy,IsToolbarButton,IsSecure,IsHtml) VALUES (1132852,1,'Work Schedule',1120712,'LBR_HRWorkSchedule_ID',22,'Y','N','Y','N','Y',1,'N',13,0,0,'Y',TO_TIMESTAMP('2021-01-26 18:39:24','YYYY-MM-DD HH24:MI:SS'),100,TO_TIMESTAMP('2021-01-26 18:39:24','YYYY-MM-DD HH24:MI:SS'),100,1123262,'N','N','LBRA','N','N','N','N','419c107d-f377-473c-99c3-99b70a5a07b3','N','N','N','N')
;

-- 26 de jan de 2021 18:39:25 BRT
INSERT INTO AD_Element (AD_Element_ID,AD_Client_ID,AD_Org_ID,IsActive,Created,CreatedBy,Updated,UpdatedBy,ColumnName,Name,PrintName,EntityType,AD_Element_UU) VALUES (1123263,0,0,'Y',TO_TIMESTAMP('2021-01-26 18:39:25','YYYY-MM-DD HH24:MI:SS'),100,TO_TIMESTAMP('2021-01-26 18:39:25','YYYY-MM-DD HH24:MI:SS'),100,'LBR_HRWorkSchedule_UU','LBR_HRWorkSchedule_UU','LBR_HRWorkSchedule_UU','LBRA','c6f4a2fe-3579-47dc-9028-22fde21b2c94')
;

-- 26 de jan de 2021 18:39:26 BRT
INSERT INTO AD_Column (AD_Column_ID,Version,Name,AD_Table_ID,ColumnName,FieldLength,IsKey,IsParent,IsMandatory,IsTranslated,IsIdentifier,IsEncrypted,AD_Reference_ID,AD_Client_ID,AD_Org_ID,IsActive,Created,CreatedBy,Updated,UpdatedBy,AD_Element_ID,IsUpdateable,IsSelectionColumn,EntityType,IsSyncDatabase,IsAlwaysUpdateable,IsAutocomplete,IsAllowLogging,AD_Column_UU,IsAllowCopy,IsToolbarButton,IsSecure,IsHtml) VALUES (1132853,1.00,'LBR_HRWorkSchedule_UU',1120712,'LBR_HRWorkSchedule_UU',36,'N','N','N','N','N','N',10,0,0,'Y',TO_TIMESTAMP('2021-01-26 18:39:25','YYYY-MM-DD HH24:MI:SS'),100,TO_TIMESTAMP('2021-01-26 18:39:25','YYYY-MM-DD HH24:MI:SS'),100,1123263,'Y','N','LBRA','N','N','N','Y','fb3262d6-94da-4c2d-b11e-084f881cde5c','N','N','N','N')
;

-- 26 de jan de 2021 18:39:26 BRT
INSERT INTO AD_Column (AD_Column_ID,Version,Name,Description,Help,AD_Table_ID,ColumnName,DefaultValue,FieldLength,IsKey,IsParent,IsMandatory,IsTranslated,IsIdentifier,IsEncrypted,AD_Reference_ID,AD_Client_ID,AD_Org_ID,IsActive,Created,CreatedBy,Updated,UpdatedBy,AD_Element_ID,IsUpdateable,IsSelectionColumn,EntityType,IsSyncDatabase,IsAlwaysUpdateable,IsAutocomplete,IsAllowLogging,AD_Column_UU,IsAllowCopy,IsToolbarButton,IsSecure,IsHtml) VALUES (1132854,1,'Created','Date this record was created','The Created field indicates the date that this record was created.',1120712,'Created','SYSDATE',7,'N','N','Y','N','N','N',16,0,0,'Y',TO_TIMESTAMP('2021-01-26 18:39:26','YYYY-MM-DD HH24:MI:SS'),100,TO_TIMESTAMP('2021-01-26 18:39:26','YYYY-MM-DD HH24:MI:SS'),100,245,'N','N','LBRA','N','N','N','Y','3f5ac21b-41b2-43b8-a82e-e5a18ba3610c','N','N','N','N')
;

-- 26 de jan de 2021 18:39:27 BRT
INSERT INTO AD_Column (AD_Column_ID,Version,Name,Description,Help,AD_Table_ID,ColumnName,FieldLength,IsKey,IsParent,IsMandatory,IsTranslated,IsIdentifier,IsEncrypted,AD_Reference_ID,AD_Reference_Value_ID,AD_Client_ID,AD_Org_ID,IsActive,Created,CreatedBy,Updated,UpdatedBy,AD_Element_ID,IsUpdateable,IsSelectionColumn,EntityType,IsSyncDatabase,IsAlwaysUpdateable,IsAutocomplete,IsAllowLogging,AD_Column_UU,IsAllowCopy,IsToolbarButton,IsSecure,FKConstraintType,IsHtml) VALUES (1132855,1,'Created By','User who created this records','The Created By field indicates the user who created this record.',1120712,'CreatedBy',22,'N','N','N','N','N','N',18,110,0,0,'Y',TO_TIMESTAMP('2021-01-26 18:39:26','YYYY-MM-DD HH24:MI:SS'),100,TO_TIMESTAMP('2021-01-26 18:39:26','YYYY-MM-DD HH24:MI:SS'),100,246,'N','N','LBRA','N','N','N','Y','8e9c165f-fd87-46af-b211-9ea004d9de48','N','N','N','D','N')
;

-- 26 de jan de 2021 18:39:27 BRT
INSERT INTO AD_Column (AD_Column_ID,Version,Name,Description,Help,AD_Table_ID,ColumnName,DefaultValue,FieldLength,IsKey,IsParent,IsMandatory,IsTranslated,IsIdentifier,IsEncrypted,AD_Reference_ID,AD_Client_ID,AD_Org_ID,IsActive,Created,CreatedBy,Updated,UpdatedBy,AD_Element_ID,IsUpdateable,IsSelectionColumn,EntityType,IsSyncDatabase,IsAlwaysUpdateable,IsAutocomplete,IsAllowLogging,AD_Column_UU,IsAllowCopy,IsToolbarButton,IsSecure,IsHtml) VALUES (1132856,1,'Active','The record is active in the system','There are two methods of making records unavailable in the system: One is to delete the record, the other is to de-activate the record. A de-activated record is not available for selection, but available for reports.
There are two reasons for de-activating and not deleting records:
(1) The system requires the record for audit purposes.
(2) The record is referenced by other records. E.g., you cannot delete a Business Partner, if there are invoices for this partner record existing. You de-activate the Business Partner and prevent that this record is used for future entries.',1120712,'IsActive','Y',1,'N','N','Y','N','N','N',20,0,0,'Y',TO_TIMESTAMP('2021-01-26 18:39:27','YYYY-MM-DD HH24:MI:SS'),100,TO_TIMESTAMP('2021-01-26 18:39:27','YYYY-MM-DD HH24:MI:SS'),100,348,'Y','N','LBRA','N','N','N','Y','fada4144-1e34-45e0-a60b-49c1381ba0ab','N','N','N','N')
;

-- 26 de jan de 2021 18:39:28 BRT
INSERT INTO AD_Column (AD_Column_ID,Version,Name,Description,Help,AD_Table_ID,ColumnName,DefaultValue,FieldLength,IsKey,IsParent,IsMandatory,IsTranslated,IsIdentifier,IsEncrypted,AD_Reference_ID,AD_Client_ID,AD_Org_ID,IsActive,Created,CreatedBy,Updated,UpdatedBy,AD_Element_ID,IsUpdateable,IsSelectionColumn,EntityType,IsSyncDatabase,IsAlwaysUpdateable,IsAutocomplete,IsAllowLogging,AD_Column_UU,IsAllowCopy,IsToolbarButton,IsSecure,IsHtml) VALUES (1132857,1,'Updated','Date this record was updated','The Updated field indicates the date that this record was updated.',1120712,'Updated','SYSDATE',7,'N','N','Y','N','N','N',16,0,0,'Y',TO_TIMESTAMP('2021-01-26 18:39:27','YYYY-MM-DD HH24:MI:SS'),100,TO_TIMESTAMP('2021-01-26 18:39:27','YYYY-MM-DD HH24:MI:SS'),100,607,'N','N','LBRA','N','N','N','Y','a8e0c5f2-6502-49d2-9e5f-19e1eceea77b','N','N','N','N')
;

-- 26 de jan de 2021 18:39:28 BRT
INSERT INTO AD_Column (AD_Column_ID,Version,Name,Description,Help,AD_Table_ID,ColumnName,FieldLength,IsKey,IsParent,IsMandatory,IsTranslated,IsIdentifier,IsEncrypted,AD_Reference_ID,AD_Reference_Value_ID,AD_Client_ID,AD_Org_ID,IsActive,Created,CreatedBy,Updated,UpdatedBy,AD_Element_ID,IsUpdateable,IsSelectionColumn,EntityType,IsSyncDatabase,IsAlwaysUpdateable,IsAutocomplete,IsAllowLogging,AD_Column_UU,IsAllowCopy,IsToolbarButton,IsSecure,FKConstraintType,IsHtml) VALUES (1132858,1,'Updated By','User who updated this records','The Updated By field indicates the user who updated this record.',1120712,'UpdatedBy',22,'N','N','N','N','N','N',18,110,0,0,'Y',TO_TIMESTAMP('2021-01-26 18:39:28','YYYY-MM-DD HH24:MI:SS'),100,TO_TIMESTAMP('2021-01-26 18:39:28','YYYY-MM-DD HH24:MI:SS'),100,608,'N','N','LBRA','N','N','N','Y','27f32853-7a00-4b7c-bc9a-0a1f092fb27c','N','N','N','D','N')
;

-- 26 de jan de 2021 18:39:35 BRT
DELETE FROM AD_Column_Trl WHERE AD_Column_ID=1132851
;

-- 26 de jan de 2021 18:39:35 BRT
DELETE FROM AD_Column WHERE AD_Column_ID=1132851
;

-- 26 de jan de 2021 18:39:45 BRT
INSERT INTO AD_Column (AD_Column_ID,Version,Name,Description,Help,AD_Table_ID,ColumnName,FieldLength,IsKey,IsParent,IsMandatory,IsTranslated,IsIdentifier,SeqNo,IsEncrypted,AD_Reference_ID,AD_Client_ID,AD_Org_ID,IsActive,Created,CreatedBy,Updated,UpdatedBy,AD_Element_ID,IsUpdateable,IsSelectionColumn,EntityType,IsSyncDatabase,IsAlwaysUpdateable,IsAutocomplete,IsAllowLogging,AD_Column_UU,IsAllowCopy,SeqNoSelection,IsToolbarButton,IsSecure,IsHtml) VALUES (1132859,0,'Search Key','Search key for the record in the format required - must be unique','A search key allows you a fast method of finding a particular record.
If you leave the search key empty, the system automatically creates a numeric number.  The document sequence used for this fallback number is defined in the "Maintain Sequence" window with the name "DocumentNo_<TableName>", where TableName is the actual name of the table (e.g. C_Order).',1120712,'Value',40,'N','N','N','N','N',0,'N',10,0,0,'Y',TO_TIMESTAMP('2021-01-26 18:39:44','YYYY-MM-DD HH24:MI:SS'),100,TO_TIMESTAMP('2021-01-26 18:39:44','YYYY-MM-DD HH24:MI:SS'),100,620,'Y','Y','LBRA','N','N','N','Y','1e4c16f2-81ce-4338-bf2c-91277be68c91','Y',10,'N','N','N')
;

-- 26 de jan de 2021 18:39:52 BRT
INSERT INTO AD_Column (AD_Column_ID,Version,Name,Description,Help,AD_Table_ID,ColumnName,FieldLength,IsKey,IsParent,IsMandatory,IsTranslated,IsIdentifier,SeqNo,IsEncrypted,AD_Reference_ID,AD_Client_ID,AD_Org_ID,IsActive,Created,CreatedBy,Updated,UpdatedBy,AD_Element_ID,IsUpdateable,IsSelectionColumn,EntityType,IsSyncDatabase,IsAlwaysUpdateable,IsAutocomplete,IsAllowLogging,AD_Column_UU,IsAllowCopy,SeqNoSelection,IsToolbarButton,IsSecure,IsHtml) VALUES (1132860,0,'Name','Alphanumeric identifier of the entity','The name of an entity (record) is used as an default search option in addition to the search key. The name is up to 60 characters in length.',1120712,'Name',60,'N','N','N','N','Y',0,'N',10,0,0,'Y',TO_TIMESTAMP('2021-01-26 18:39:51','YYYY-MM-DD HH24:MI:SS'),100,TO_TIMESTAMP('2021-01-26 18:39:51','YYYY-MM-DD HH24:MI:SS'),100,469,'Y','Y','LBRA','N','N','N','Y','43ca90ad-1e77-4e76-95a8-2394e5266aca','Y',20,'N','N','N')
;

-- 26 de jan de 2021 18:41:29 BRT
INSERT INTO AD_Column (AD_Column_ID,Version,Name,Description,AD_Table_ID,ColumnName,FieldLength,IsKey,IsParent,IsMandatory,IsTranslated,IsIdentifier,SeqNo,IsEncrypted,AD_Reference_ID,AD_Client_ID,AD_Org_ID,IsActive,Created,CreatedBy,Updated,UpdatedBy,AD_Element_ID,IsUpdateable,IsSelectionColumn,EntityType,IsSyncDatabase,IsAlwaysUpdateable,IsAutocomplete,IsAllowLogging,AD_Column_UU,IsAllowCopy,SeqNoSelection,IsToolbarButton,IsSecure,IsHtml) VALUES (1132861,0,'Start Time','Time started',1120712,'StartTime',7,'N','N','N','N','N',0,'N',16,0,0,'Y',TO_TIMESTAMP('2021-01-26 18:41:29','YYYY-MM-DD HH24:MI:SS'),100,TO_TIMESTAMP('2021-01-26 18:41:29','YYYY-MM-DD HH24:MI:SS'),100,2713,'Y','N','LBRA','N','N','N','Y','02e92131-f640-4af7-81cd-34fae122a707','Y',0,'N','N','N')
;

-- 26 de jan de 2021 18:41:35 BRT
INSERT INTO AD_Column (AD_Column_ID,Version,Name,Description,AD_Table_ID,ColumnName,FieldLength,IsKey,IsParent,IsMandatory,IsTranslated,IsIdentifier,SeqNo,IsEncrypted,AD_Reference_ID,AD_Client_ID,AD_Org_ID,IsActive,Created,CreatedBy,Updated,UpdatedBy,AD_Element_ID,IsUpdateable,IsSelectionColumn,EntityType,IsSyncDatabase,IsAlwaysUpdateable,IsAutocomplete,IsAllowLogging,AD_Column_UU,IsAllowCopy,SeqNoSelection,IsToolbarButton,IsSecure,IsHtml) VALUES (1132862,0,'End Time','End of the time span',1120712,'EndTime',7,'N','N','N','N','N',0,'N',16,0,0,'Y',TO_TIMESTAMP('2021-01-26 18:41:34','YYYY-MM-DD HH24:MI:SS'),100,TO_TIMESTAMP('2021-01-26 18:41:34','YYYY-MM-DD HH24:MI:SS'),100,2714,'Y','N','LBRA','N','N','N','Y','9fd9968a-a796-4d2e-b93f-62b22ecb7448','Y',0,'N','N','N')
;

-- 26 de jan de 2021 18:41:56 BRT
INSERT INTO AD_Column (AD_Column_ID,Version,Name,Description,Help,AD_Table_ID,ColumnName,FieldLength,IsKey,IsParent,IsMandatory,IsTranslated,IsIdentifier,SeqNo,IsEncrypted,AD_Reference_ID,AD_Client_ID,AD_Org_ID,IsActive,Created,CreatedBy,Updated,UpdatedBy,AD_Element_ID,IsUpdateable,IsSelectionColumn,EntityType,IsSyncDatabase,IsAlwaysUpdateable,IsAutocomplete,IsAllowLogging,AD_Column_UU,IsAllowCopy,SeqNoSelection,IsToolbarButton,IsSecure,IsHtml) VALUES (1132863,0,'Start Date','First effective day (inclusive)','The Start Date indicates the first or starting date',1120712,'StartDate',7,'N','N','N','N','N',0,'N',15,0,0,'Y',TO_TIMESTAMP('2021-01-26 18:41:56','YYYY-MM-DD HH24:MI:SS'),100,TO_TIMESTAMP('2021-01-26 18:41:56','YYYY-MM-DD HH24:MI:SS'),100,574,'Y','N','LBRA','N','N','N','Y','7ed032e4-234c-4eb6-b17c-82bd86af3a27','Y',0,'N','N','N')
;

-- 26 de jan de 2021 18:46:20 BRT
INSERT INTO AD_Element (AD_Element_ID,AD_Client_ID,AD_Org_ID,IsActive,Created,CreatedBy,Updated,UpdatedBy,ColumnName,Name,PrintName,EntityType,AD_Element_UU) VALUES (1123264,0,0,'Y',TO_TIMESTAMP('2021-01-26 18:46:19','YYYY-MM-DD HH24:MI:SS'),100,TO_TIMESTAMP('2021-01-26 18:46:19','YYYY-MM-DD HH24:MI:SS'),100,'LBR_PeriodInMinutes','Period In Minutes','Period In Minutes','LBRA','35b6fbaa-3633-43f7-8eac-27df37a7e6b3')
;

-- 26 de jan de 2021 18:46:41 BRT
INSERT INTO AD_Column (AD_Column_ID,Version,Name,AD_Table_ID,ColumnName,FieldLength,IsKey,IsParent,IsMandatory,IsTranslated,IsIdentifier,SeqNo,IsEncrypted,AD_Reference_ID,AD_Client_ID,AD_Org_ID,IsActive,Created,CreatedBy,Updated,UpdatedBy,AD_Element_ID,IsUpdateable,IsSelectionColumn,EntityType,IsSyncDatabase,IsAlwaysUpdateable,IsAutocomplete,IsAllowLogging,AD_Column_UU,IsAllowCopy,SeqNoSelection,IsToolbarButton,IsSecure,IsHtml) VALUES (1132864,0,'Period In Minutes',1120712,'LBR_PeriodInMinutes',10,'N','N','N','N','N',0,'N',29,0,0,'Y',TO_TIMESTAMP('2021-01-26 18:46:41','YYYY-MM-DD HH24:MI:SS'),100,TO_TIMESTAMP('2021-01-26 18:46:41','YYYY-MM-DD HH24:MI:SS'),100,1123264,'Y','N','LBRA','N','N','N','Y','92cb4edd-f003-4d0d-bc61-46002005f777','Y',0,'N','N','N')
;

-- 26 de jan de 2021 18:47:51 BRT
INSERT INTO AD_Element (AD_Element_ID,AD_Client_ID,AD_Org_ID,IsActive,Created,CreatedBy,Updated,UpdatedBy,ColumnName,Name,Description,Help,PrintName,EntityType,AD_Element_UU) VALUES (1123265,0,0,'Y',TO_TIMESTAMP('2021-01-26 18:47:51','YYYY-MM-DD HH24:MI:SS'),100,TO_TIMESTAMP('2021-01-26 18:47:51','YYYY-MM-DD HH24:MI:SS'),100,'LBR_HRWorkIntervalType','Work Interval Type','Indicate Type of Interval','Indicate Type of Interval','Work Interval Type','LBRA','da4d0153-7c4d-4780-8003-d02e75b23db3')
;

-- 26 de jan de 2021 18:50:54 BRT
INSERT INTO AD_Reference (AD_Reference_ID,Name,ValidationType,AD_Client_ID,AD_Org_ID,IsActive,Created,CreatedBy,Updated,UpdatedBy,EntityType,IsOrderByValue,AD_Reference_UU) VALUES (1120376,'LBR_HRWorkIntervalType','L',0,0,'Y',TO_TIMESTAMP('2021-01-26 18:50:53','YYYY-MM-DD HH24:MI:SS'),100,TO_TIMESTAMP('2021-01-26 18:50:53','YYYY-MM-DD HH24:MI:SS'),100,'LBRA','N','8283c551-2921-454d-add6-79ed7d138fca')
;

-- 26 de jan de 2021 18:51:59 BRT
INSERT INTO AD_Ref_List (AD_Ref_List_ID,Name,AD_Reference_ID,Value,AD_Client_ID,AD_Org_ID,IsActive,Created,CreatedBy,Updated,UpdatedBy,EntityType,AD_Ref_List_UU) VALUES (1122904,'None',1120376,'N',0,0,'Y',TO_TIMESTAMP('2021-01-26 18:51:58','YYYY-MM-DD HH24:MI:SS'),100,TO_TIMESTAMP('2021-01-26 18:51:58','YYYY-MM-DD HH24:MI:SS'),100,'LBRA','b7fa29d6-d5f7-4136-a5dd-4ff69e73b26a')
;

-- 26 de jan de 2021 18:54:14 BRT
INSERT INTO AD_Ref_List (AD_Ref_List_ID,Name,Description,AD_Reference_ID,Value,AD_Client_ID,AD_Org_ID,IsActive,Created,CreatedBy,Updated,UpdatedBy,EntityType,AD_Ref_List_UU) VALUES (1122905,'Variable Hours','Variable Hours',1120376,'V',0,0,'Y',TO_TIMESTAMP('2021-01-26 18:54:14','YYYY-MM-DD HH24:MI:SS'),100,TO_TIMESTAMP('2021-01-26 18:54:14','YYYY-MM-DD HH24:MI:SS'),100,'LBRA','8a7284a1-54fb-4461-9bbc-1bb406bb8fad')
;

-- 26 de jan de 2021 18:54:31 BRT
INSERT INTO AD_Ref_List (AD_Ref_List_ID,Name,AD_Reference_ID,Value,AD_Client_ID,AD_Org_ID,IsActive,Created,CreatedBy,Updated,UpdatedBy,EntityType,AD_Ref_List_UU) VALUES (1122906,'Fixed Time',1120376,'F',0,0,'Y',TO_TIMESTAMP('2021-01-26 18:54:31','YYYY-MM-DD HH24:MI:SS'),100,TO_TIMESTAMP('2021-01-26 18:54:31','YYYY-MM-DD HH24:MI:SS'),100,'LBRA','dcb9df1f-baaf-4233-ac7e-d4f11dfa28f3')
;

-- 26 de jan de 2021 18:54:36 BRT
UPDATE AD_Ref_List SET Description='Fixed Time', EntityType='LBRA',Updated=TO_TIMESTAMP('2021-01-26 18:54:36','YYYY-MM-DD HH24:MI:SS'),UpdatedBy=100 WHERE AD_Ref_List_ID=1122906
;

-- 26 de jan de 2021 18:54:45 BRT
INSERT INTO AD_Column (AD_Column_ID,Version,Name,Description,Help,AD_Table_ID,ColumnName,FieldLength,IsKey,IsParent,IsMandatory,IsTranslated,IsIdentifier,SeqNo,IsEncrypted,AD_Reference_ID,AD_Reference_Value_ID,AD_Client_ID,AD_Org_ID,IsActive,Created,CreatedBy,Updated,UpdatedBy,AD_Element_ID,IsUpdateable,IsSelectionColumn,EntityType,IsSyncDatabase,IsAlwaysUpdateable,IsAutocomplete,IsAllowLogging,AD_Column_UU,IsAllowCopy,SeqNoSelection,IsToolbarButton,IsSecure,IsHtml) VALUES (1132865,0,'Work Interval Type','Indicate Type of Interval','Indicate Type of Interval',1120712,'LBR_HRWorkIntervalType',1,'N','N','N','N','N',0,'N',17,1120376,0,0,'Y',TO_TIMESTAMP('2021-01-26 18:54:45','YYYY-MM-DD HH24:MI:SS'),100,TO_TIMESTAMP('2021-01-26 18:54:45','YYYY-MM-DD HH24:MI:SS'),100,1123265,'Y','N','LBRA','N','N','N','Y','5f0a190a-a7c9-4bab-b262-6570c4081508','Y',0,'N','N','N')
;

-- 26 de jan de 2021 18:55:30 BRT
INSERT INTO AD_Element (AD_Element_ID,AD_Client_ID,AD_Org_ID,IsActive,Created,CreatedBy,Updated,UpdatedBy,ColumnName,Name,Description,Help,PrintName,EntityType,AD_Element_UU) VALUES (1123266,0,0,'Y',TO_TIMESTAMP('2021-01-26 18:55:30','YYYY-MM-DD HH24:MI:SS'),100,TO_TIMESTAMP('2021-01-26 18:55:30','YYYY-MM-DD HH24:MI:SS'),100,'LBR_HRWorkScheduleType','Work Schedule Type','Indicate Type of Work Schedule','Indicate Type of Work Schedule','Work Schedule Type','LBRA','bd7d150a-63bf-455f-9a48-73f91d1e698f')
;

-- 26 de jan de 2021 18:55:40 BRT
INSERT INTO AD_Reference (AD_Reference_ID,Name,ValidationType,AD_Client_ID,AD_Org_ID,IsActive,Created,CreatedBy,Updated,UpdatedBy,EntityType,IsOrderByValue,AD_Reference_UU) VALUES (1120377,'LBR_HRWorkScheduleType','L',0,0,'Y',TO_TIMESTAMP('2021-01-26 18:55:39','YYYY-MM-DD HH24:MI:SS'),100,TO_TIMESTAMP('2021-01-26 18:55:39','YYYY-MM-DD HH24:MI:SS'),100,'LBRA','N','dde89a20-bed8-4bb0-8a86-b7b37e4b0ba8')
;

-- 26 de jan de 2021 18:57:47 BRT
INSERT INTO AD_Ref_List (AD_Ref_List_ID,Name,AD_Reference_ID,Value,AD_Client_ID,AD_Org_ID,IsActive,Created,CreatedBy,Updated,UpdatedBy,EntityType,AD_Ref_List_UU) VALUES (1122907,'Worked',1120377,'W',0,0,'Y',TO_TIMESTAMP('2021-01-26 18:57:47','YYYY-MM-DD HH24:MI:SS'),100,TO_TIMESTAMP('2021-01-26 18:57:47','YYYY-MM-DD HH24:MI:SS'),100,'LBRA','ba60655f-c491-42b6-9b58-462bcfbb1fbd')
;

-- 26 de jan de 2021 18:58:28 BRT
INSERT INTO AD_Ref_List (AD_Ref_List_ID,Name,Description,AD_Reference_ID,Value,AD_Client_ID,AD_Org_ID,IsActive,Created,CreatedBy,Updated,UpdatedBy,EntityType,AD_Ref_List_UU) VALUES (1122908,'Offset','Offset',1120377,'O',0,0,'Y',TO_TIMESTAMP('2021-01-26 18:58:28','YYYY-MM-DD HH24:MI:SS'),100,TO_TIMESTAMP('2021-01-26 18:58:28','YYYY-MM-DD HH24:MI:SS'),100,'LBRA','59901361-71d9-4ad5-91bb-35bca7bd1764')
;

-- 26 de jan de 2021 18:58:40 BRT
INSERT INTO AD_Ref_List (AD_Ref_List_ID,Name,Description,AD_Reference_ID,Value,AD_Client_ID,AD_Org_ID,IsActive,Created,CreatedBy,Updated,UpdatedBy,EntityType,AD_Ref_List_UU) VALUES (1122909,'Day Off','Day Off',1120377,'D',0,0,'Y',TO_TIMESTAMP('2021-01-26 18:58:39','YYYY-MM-DD HH24:MI:SS'),100,TO_TIMESTAMP('2021-01-26 18:58:39','YYYY-MM-DD HH24:MI:SS'),100,'LBRA','b90a5ae3-a2c6-44b4-be87-73878c08315c')
;

-- 26 de jan de 2021 18:58:53 BRT
INSERT INTO AD_Column (AD_Column_ID,Version,Name,Description,Help,AD_Table_ID,ColumnName,FieldLength,IsKey,IsParent,IsMandatory,IsTranslated,IsIdentifier,SeqNo,IsEncrypted,AD_Reference_ID,AD_Reference_Value_ID,AD_Client_ID,AD_Org_ID,IsActive,Created,CreatedBy,Updated,UpdatedBy,AD_Element_ID,IsUpdateable,IsSelectionColumn,EntityType,IsSyncDatabase,IsAlwaysUpdateable,IsAutocomplete,IsAllowLogging,AD_Column_UU,IsAllowCopy,SeqNoSelection,IsToolbarButton,IsSecure,IsHtml) VALUES (1132866,0,'Work Schedule Type','Indicate Type of Work Schedule','Indicate Type of Work Schedule',1120712,'LBR_HRWorkScheduleType',1,'N','N','N','N','N',0,'N',17,1120377,0,0,'Y',TO_TIMESTAMP('2021-01-26 18:58:53','YYYY-MM-DD HH24:MI:SS'),100,TO_TIMESTAMP('2021-01-26 18:58:53','YYYY-MM-DD HH24:MI:SS'),100,1123266,'Y','N','LBRA','N','N','N','Y','b8db95aa-6ff4-4682-8d1a-a27af103359c','Y',0,'N','N','N')
;

-- 26 de jan de 2021 18:59:28 BRT
UPDATE AD_Column SET FKConstraintName='ADClient_LBRHRWorkSchedule', FKConstraintType='N',Updated=TO_TIMESTAMP('2021-01-26 18:59:28','YYYY-MM-DD HH24:MI:SS'),UpdatedBy=100 WHERE AD_Column_ID=1132849
;

-- 26 de jan de 2021 18:59:28 BRT
UPDATE AD_Column SET FKConstraintName='ADOrg_LBRHRWorkSchedule', FKConstraintType='N',Updated=TO_TIMESTAMP('2021-01-26 18:59:28','YYYY-MM-DD HH24:MI:SS'),UpdatedBy=100 WHERE AD_Column_ID=1132850
;

-- 26 de jan de 2021 18:59:28 BRT
CREATE TABLE LBR_HRWorkSchedule (AD_Client_ID NUMERIC(10) NOT NULL, AD_Org_ID NUMERIC(10) NOT NULL, Created TIMESTAMP DEFAULT statement_timestamp() NOT NULL, CreatedBy NUMERIC(10) DEFAULT NULL , EndTime TIMESTAMP DEFAULT NULL , IsActive CHAR(1) DEFAULT 'Y' CHECK (IsActive IN ('Y','N')) NOT NULL, LBR_HRWorkIntervalType CHAR(1) DEFAULT NULL , LBR_HRWorkSchedule_ID NUMERIC(10) NOT NULL, LBR_HRWorkScheduleType CHAR(1) DEFAULT NULL , LBR_HRWorkSchedule_UU VARCHAR(36) DEFAULT NULL , LBR_PeriodInMinutes NUMERIC DEFAULT NULL , Name VARCHAR(60) DEFAULT NULL , StartDate TIMESTAMP DEFAULT NULL , StartTime TIMESTAMP DEFAULT NULL , Updated TIMESTAMP DEFAULT statement_timestamp() NOT NULL, UpdatedBy NUMERIC(10) DEFAULT NULL , Value VARCHAR(40) DEFAULT NULL , CONSTRAINT LBR_HRWorkSchedule_Key PRIMARY KEY (LBR_HRWorkSchedule_ID), CONSTRAINT LBR_HRWorkSchedule_UU_idx UNIQUE (LBR_HRWorkSchedule_UU))
;

-- 26 de jan de 2021 18:59:28 BRT
ALTER TABLE LBR_HRWorkSchedule ADD CONSTRAINT ADClient_LBRHRWorkSchedule FOREIGN KEY (AD_Client_ID) REFERENCES ad_client(ad_client_id) DEFERRABLE INITIALLY DEFERRED
;

-- 26 de jan de 2021 18:59:28 BRT
ALTER TABLE LBR_HRWorkSchedule ADD CONSTRAINT ADOrg_LBRHRWorkSchedule FOREIGN KEY (AD_Org_ID) REFERENCES ad_org(ad_org_id) DEFERRABLE INITIALLY DEFERRED
;

-- 26 de jan de 2021 19:01:07 BRT
INSERT INTO AD_Table (AD_Table_ID,Name,TableName,LoadSeq,AccessLevel,AD_Client_ID,AD_Org_ID,IsActive,Created,CreatedBy,Updated,UpdatedBy,IsSecurityEnabled,IsDeleteable,IsHighVolume,IsView,EntityType,ImportTable,IsChangeLog,ReplicationType,CopyColumnsFromTable,IsCentrallyMaintained,AD_Table_UU,Processing,DatabaseViewDrop,CopyComponentsFromView,IsSystemLanguage) VALUES (1120713,'Work Period','LBR_HRWorkPeriod',0,'3',0,0,'Y',TO_TIMESTAMP('2021-01-26 19:01:07','YYYY-MM-DD HH24:MI:SS'),100,TO_TIMESTAMP('2021-01-26 19:01:07','YYYY-MM-DD HH24:MI:SS'),100,'N','Y','N','N','LBRA','N','Y','L','N','Y','5f14a1f4-eb0f-4cc1-bbe6-b029de3bb9e8','N','N','N','N')
;

-- 26 de jan de 2021 19:01:08 BRT
INSERT INTO AD_Sequence (Name,CurrentNext,IsAudited,StartNewYear,Description,IsActive,IsTableID,AD_Client_ID,AD_Org_ID,Created,CreatedBy,Updated,UpdatedBy,AD_Sequence_ID,IsAutoSequence,StartNo,IncrementNo,CurrentNextSys,AD_Sequence_UU) VALUES ('LBR_HRWorkPeriod',1000000,'N','N','Table LBR_HRWorkPeriod','Y','Y',0,0,TO_TIMESTAMP('2021-01-26 19:01:07','YYYY-MM-DD HH24:MI:SS'),100,TO_TIMESTAMP('2021-01-26 19:01:07','YYYY-MM-DD HH24:MI:SS'),100,1153986,'Y',1000000,1,200000,'3adfe7c3-b639-44c0-980e-043557a048ae')
;

-- 26 de jan de 2021 19:01:17 BRT
INSERT INTO AD_Column (AD_Column_ID,Version,Name,Description,Help,AD_Table_ID,AD_Val_Rule_ID,ColumnName,FieldLength,IsKey,IsParent,IsMandatory,IsTranslated,IsIdentifier,IsEncrypted,AD_Reference_ID,AD_Client_ID,AD_Org_ID,IsActive,Created,CreatedBy,Updated,UpdatedBy,AD_Element_ID,IsUpdateable,IsSelectionColumn,EntityType,IsSyncDatabase,IsAlwaysUpdateable,IsAutocomplete,IsAllowLogging,AD_Column_UU,IsAllowCopy,IsToolbarButton,IsSecure,FKConstraintType,IsHtml) VALUES (1132867,1,'Client','Client/Tenant for this installation.','A Client is a company or a legal entity. You cannot share data between Clients. Tenant is a synonym for Client.',1120713,129,'AD_Client_ID',22,'N','N','Y','N','N','N',19,0,0,'Y',TO_TIMESTAMP('2021-01-26 19:01:16','YYYY-MM-DD HH24:MI:SS'),100,TO_TIMESTAMP('2021-01-26 19:01:16','YYYY-MM-DD HH24:MI:SS'),100,102,'N','N','LBRA','N','N','N','Y','6cd105c7-c462-401d-bad4-c8dd826844be','N','N','N','N','N')
;

-- 26 de jan de 2021 19:01:17 BRT
INSERT INTO AD_Column (AD_Column_ID,Version,Name,Description,Help,AD_Table_ID,AD_Val_Rule_ID,ColumnName,FieldLength,IsKey,IsParent,IsMandatory,IsTranslated,IsIdentifier,IsEncrypted,AD_Reference_ID,AD_Client_ID,AD_Org_ID,IsActive,Created,CreatedBy,Updated,UpdatedBy,AD_Element_ID,IsUpdateable,IsSelectionColumn,EntityType,IsSyncDatabase,IsAlwaysUpdateable,IsAutocomplete,IsAllowLogging,AD_Column_UU,IsAllowCopy,IsToolbarButton,IsSecure,FKConstraintType,IsHtml) VALUES (1132868,1,'Organization','Organizational entity within client','An organization is a unit of your client or legal entity - examples are store, department. You can share data between organizations.',1120713,104,'AD_Org_ID',22,'N','N','Y','N','N','N',19,0,0,'Y',TO_TIMESTAMP('2021-01-26 19:01:17','YYYY-MM-DD HH24:MI:SS'),100,TO_TIMESTAMP('2021-01-26 19:01:17','YYYY-MM-DD HH24:MI:SS'),100,113,'N','N','LBRA','N','N','N','Y','04e93ee4-2279-49be-9432-e3402948b304','N','N','N','N','N')
;

-- 26 de jan de 2021 19:01:17 BRT
INSERT INTO AD_Column (AD_Column_ID,Version,Name,Description,Help,AD_Table_ID,ColumnName,FieldLength,IsKey,IsParent,IsMandatory,IsTranslated,IsIdentifier,IsEncrypted,AD_Reference_ID,AD_Client_ID,AD_Org_ID,IsActive,Created,CreatedBy,Updated,UpdatedBy,AD_Element_ID,IsUpdateable,IsSelectionColumn,EntityType,IsSyncDatabase,IsAlwaysUpdateable,IsAutocomplete,IsAllowLogging,AD_Column_UU,IsAllowCopy,IsToolbarButton,IsSecure,FKConstraintType,IsHtml) VALUES (1132869,1,'OS Task','Operation System Task','The Task field identifies a Operation System Task in the system.',1120713,'AD_Task_ID',22,'N','N','Y','N','N','N',13,0,0,'Y',TO_TIMESTAMP('2021-01-26 19:01:17','YYYY-MM-DD HH24:MI:SS'),100,TO_TIMESTAMP('2021-01-26 19:01:17','YYYY-MM-DD HH24:MI:SS'),100,128,'Y','N','LBRA','N','N','N','Y','2cba6564-7319-4ae8-83c6-b1fa87fa992f','Y','N','N','C','N')
;

-- 26 de jan de 2021 19:01:18 BRT
INSERT INTO AD_Element (AD_Element_ID,AD_Client_ID,AD_Org_ID,IsActive,Created,CreatedBy,Updated,UpdatedBy,ColumnName,Name,PrintName,EntityType,AD_Element_UU) VALUES (1123267,0,0,'Y',TO_TIMESTAMP('2021-01-26 19:01:17','YYYY-MM-DD HH24:MI:SS'),100,TO_TIMESTAMP('2021-01-26 19:01:17','YYYY-MM-DD HH24:MI:SS'),100,'LBR_HRWorkPeriod_ID','Work Period','Work Period','LBRA','e58c65fd-1a49-4c87-81d4-da07e5c32e11')
;

-- 26 de jan de 2021 19:01:18 BRT
INSERT INTO AD_Column (AD_Column_ID,Version,Name,AD_Table_ID,ColumnName,FieldLength,IsKey,IsParent,IsMandatory,IsTranslated,IsIdentifier,SeqNo,IsEncrypted,AD_Reference_ID,AD_Client_ID,AD_Org_ID,IsActive,Created,CreatedBy,Updated,UpdatedBy,AD_Element_ID,IsUpdateable,IsSelectionColumn,EntityType,IsSyncDatabase,IsAlwaysUpdateable,IsAutocomplete,IsAllowLogging,AD_Column_UU,IsAllowCopy,IsToolbarButton,IsSecure,IsHtml) VALUES (1132870,1,'Work Period',1120713,'LBR_HRWorkPeriod_ID',22,'Y','N','Y','N','Y',1,'N',13,0,0,'Y',TO_TIMESTAMP('2021-01-26 19:01:17','YYYY-MM-DD HH24:MI:SS'),100,TO_TIMESTAMP('2021-01-26 19:01:17','YYYY-MM-DD HH24:MI:SS'),100,1123267,'N','N','LBRA','N','N','N','N','f4194292-7f62-46cf-aebb-1f9560896139','N','N','N','N')
;

-- 26 de jan de 2021 19:01:19 BRT
INSERT INTO AD_Element (AD_Element_ID,AD_Client_ID,AD_Org_ID,IsActive,Created,CreatedBy,Updated,UpdatedBy,ColumnName,Name,PrintName,EntityType,AD_Element_UU) VALUES (1123268,0,0,'Y',TO_TIMESTAMP('2021-01-26 19:01:18','YYYY-MM-DD HH24:MI:SS'),100,TO_TIMESTAMP('2021-01-26 19:01:18','YYYY-MM-DD HH24:MI:SS'),100,'LBR_HRWorkPeriod_UU','LBR_HRWorkPeriod_UU','LBR_HRWorkPeriod_UU','LBRA','8d1155dc-2dcf-499c-8383-84f4fd3d725b')
;

-- 26 de jan de 2021 19:01:19 BRT
INSERT INTO AD_Column (AD_Column_ID,Version,Name,AD_Table_ID,ColumnName,FieldLength,IsKey,IsParent,IsMandatory,IsTranslated,IsIdentifier,IsEncrypted,AD_Reference_ID,AD_Client_ID,AD_Org_ID,IsActive,Created,CreatedBy,Updated,UpdatedBy,AD_Element_ID,IsUpdateable,IsSelectionColumn,EntityType,IsSyncDatabase,IsAlwaysUpdateable,IsAutocomplete,IsAllowLogging,AD_Column_UU,IsAllowCopy,IsToolbarButton,IsSecure,IsHtml) VALUES (1132871,1.00,'LBR_HRWorkPeriod_UU',1120713,'LBR_HRWorkPeriod_UU',36,'N','N','N','N','N','N',10,0,0,'Y',TO_TIMESTAMP('2021-01-26 19:01:18','YYYY-MM-DD HH24:MI:SS'),100,TO_TIMESTAMP('2021-01-26 19:01:18','YYYY-MM-DD HH24:MI:SS'),100,1123268,'Y','N','LBRA','N','N','N','Y','5fa8fb85-9c37-4688-b9f6-e798dba55df0','N','N','N','N')
;

-- 26 de jan de 2021 19:01:19 BRT
INSERT INTO AD_Column (AD_Column_ID,Version,Name,Description,Help,AD_Table_ID,ColumnName,DefaultValue,FieldLength,IsKey,IsParent,IsMandatory,IsTranslated,IsIdentifier,IsEncrypted,AD_Reference_ID,AD_Client_ID,AD_Org_ID,IsActive,Created,CreatedBy,Updated,UpdatedBy,AD_Element_ID,IsUpdateable,IsSelectionColumn,EntityType,IsSyncDatabase,IsAlwaysUpdateable,IsAutocomplete,IsAllowLogging,AD_Column_UU,IsAllowCopy,IsToolbarButton,IsSecure,IsHtml) VALUES (1132872,1,'Created','Date this record was created','The Created field indicates the date that this record was created.',1120713,'Created','SYSDATE',7,'N','N','Y','N','N','N',16,0,0,'Y',TO_TIMESTAMP('2021-01-26 19:01:19','YYYY-MM-DD HH24:MI:SS'),100,TO_TIMESTAMP('2021-01-26 19:01:19','YYYY-MM-DD HH24:MI:SS'),100,245,'N','N','LBRA','N','N','N','Y','edb9bac4-83f5-4ba4-aa28-f691e602ff3f','N','N','N','N')
;

-- 26 de jan de 2021 19:01:20 BRT
INSERT INTO AD_Column (AD_Column_ID,Version,Name,Description,Help,AD_Table_ID,ColumnName,FieldLength,IsKey,IsParent,IsMandatory,IsTranslated,IsIdentifier,IsEncrypted,AD_Reference_ID,AD_Reference_Value_ID,AD_Client_ID,AD_Org_ID,IsActive,Created,CreatedBy,Updated,UpdatedBy,AD_Element_ID,IsUpdateable,IsSelectionColumn,EntityType,IsSyncDatabase,IsAlwaysUpdateable,IsAutocomplete,IsAllowLogging,AD_Column_UU,IsAllowCopy,IsToolbarButton,IsSecure,FKConstraintType,IsHtml) VALUES (1132873,1,'Created By','User who created this records','The Created By field indicates the user who created this record.',1120713,'CreatedBy',22,'N','N','N','N','N','N',18,110,0,0,'Y',TO_TIMESTAMP('2021-01-26 19:01:19','YYYY-MM-DD HH24:MI:SS'),100,TO_TIMESTAMP('2021-01-26 19:01:19','YYYY-MM-DD HH24:MI:SS'),100,246,'N','N','LBRA','N','N','N','Y','2b465776-129b-4a96-8f5d-c8b10a7a9cd8','N','N','N','D','N')
;

-- 26 de jan de 2021 19:01:20 BRT
INSERT INTO AD_Column (AD_Column_ID,Version,Name,Description,Help,AD_Table_ID,ColumnName,DefaultValue,FieldLength,IsKey,IsParent,IsMandatory,IsTranslated,IsIdentifier,IsEncrypted,AD_Reference_ID,AD_Client_ID,AD_Org_ID,IsActive,Created,CreatedBy,Updated,UpdatedBy,AD_Element_ID,IsUpdateable,IsSelectionColumn,EntityType,IsSyncDatabase,IsAlwaysUpdateable,IsAutocomplete,IsAllowLogging,AD_Column_UU,IsAllowCopy,IsToolbarButton,IsSecure,IsHtml) VALUES (1132874,1,'Active','The record is active in the system','There are two methods of making records unavailable in the system: One is to delete the record, the other is to de-activate the record. A de-activated record is not available for selection, but available for reports.
There are two reasons for de-activating and not deleting records:
(1) The system requires the record for audit purposes.
(2) The record is referenced by other records. E.g., you cannot delete a Business Partner, if there are invoices for this partner record existing. You de-activate the Business Partner and prevent that this record is used for future entries.',1120713,'IsActive','Y',1,'N','N','Y','N','N','N',20,0,0,'Y',TO_TIMESTAMP('2021-01-26 19:01:20','YYYY-MM-DD HH24:MI:SS'),100,TO_TIMESTAMP('2021-01-26 19:01:20','YYYY-MM-DD HH24:MI:SS'),100,348,'Y','N','LBRA','N','N','N','Y','1126761c-8e92-4c44-ae30-9e55d6bd4818','N','N','N','N')
;

-- 26 de jan de 2021 19:01:21 BRT
INSERT INTO AD_Column (AD_Column_ID,Version,Name,Description,Help,AD_Table_ID,ColumnName,DefaultValue,FieldLength,IsKey,IsParent,IsMandatory,IsTranslated,IsIdentifier,IsEncrypted,AD_Reference_ID,AD_Client_ID,AD_Org_ID,IsActive,Created,CreatedBy,Updated,UpdatedBy,AD_Element_ID,IsUpdateable,IsSelectionColumn,EntityType,IsSyncDatabase,IsAlwaysUpdateable,IsAutocomplete,IsAllowLogging,AD_Column_UU,IsAllowCopy,IsToolbarButton,IsSecure,IsHtml) VALUES (1132875,1,'Updated','Date this record was updated','The Updated field indicates the date that this record was updated.',1120713,'Updated','SYSDATE',7,'N','N','Y','N','N','N',16,0,0,'Y',TO_TIMESTAMP('2021-01-26 19:01:20','YYYY-MM-DD HH24:MI:SS'),100,TO_TIMESTAMP('2021-01-26 19:01:20','YYYY-MM-DD HH24:MI:SS'),100,607,'N','N','LBRA','N','N','N','Y','71d82a9b-5fac-4355-94e0-020ed5011db3','N','N','N','N')
;

-- 26 de jan de 2021 19:01:21 BRT
INSERT INTO AD_Column (AD_Column_ID,Version,Name,Description,Help,AD_Table_ID,ColumnName,FieldLength,IsKey,IsParent,IsMandatory,IsTranslated,IsIdentifier,IsEncrypted,AD_Reference_ID,AD_Reference_Value_ID,AD_Client_ID,AD_Org_ID,IsActive,Created,CreatedBy,Updated,UpdatedBy,AD_Element_ID,IsUpdateable,IsSelectionColumn,EntityType,IsSyncDatabase,IsAlwaysUpdateable,IsAutocomplete,IsAllowLogging,AD_Column_UU,IsAllowCopy,IsToolbarButton,IsSecure,FKConstraintType,IsHtml) VALUES (1132876,1,'Updated By','User who updated this records','The Updated By field indicates the user who updated this record.',1120713,'UpdatedBy',22,'N','N','N','N','N','N',18,110,0,0,'Y',TO_TIMESTAMP('2021-01-26 19:01:21','YYYY-MM-DD HH24:MI:SS'),100,TO_TIMESTAMP('2021-01-26 19:01:21','YYYY-MM-DD HH24:MI:SS'),100,608,'N','N','LBRA','N','N','N','Y','532ce91d-ea70-4ee3-9501-453e832f5d4c','N','N','N','D','N')
;

-- 26 de jan de 2021 19:01:25 BRT
DELETE FROM AD_Column_Trl WHERE AD_Column_ID=1132869
;

-- 26 de jan de 2021 19:01:25 BRT
DELETE FROM AD_Column WHERE AD_Column_ID=1132869
;

-- 26 de jan de 2021 19:01:43 BRT
INSERT INTO AD_Column (AD_Column_ID,Version,Name,Description,Help,AD_Table_ID,ColumnName,FieldLength,IsKey,IsParent,IsMandatory,IsTranslated,IsIdentifier,SeqNo,IsEncrypted,AD_Reference_ID,AD_Client_ID,AD_Org_ID,IsActive,Created,CreatedBy,Updated,UpdatedBy,AD_Element_ID,IsUpdateable,IsSelectionColumn,EntityType,IsSyncDatabase,IsAlwaysUpdateable,IsAutocomplete,IsAllowLogging,AD_Column_UU,IsAllowCopy,SeqNoSelection,IsToolbarButton,IsSecure,IsHtml) VALUES (1132877,0,'Search Key','Search key for the record in the format required - must be unique','A search key allows you a fast method of finding a particular record.
If you leave the search key empty, the system automatically creates a numeric number.  The document sequence used for this fallback number is defined in the "Maintain Sequence" window with the name "DocumentNo_<TableName>", where TableName is the actual name of the table (e.g. C_Order).',1120713,'Value',40,'N','N','N','N','N',0,'N',10,0,0,'Y',TO_TIMESTAMP('2021-01-26 19:01:42','YYYY-MM-DD HH24:MI:SS'),100,TO_TIMESTAMP('2021-01-26 19:01:42','YYYY-MM-DD HH24:MI:SS'),100,620,'Y','Y','LBRA','N','N','N','Y','8e4cd422-c103-4f66-9e8d-847c73194ee9','Y',10,'N','N','N')
;

-- 26 de jan de 2021 19:01:49 BRT
INSERT INTO AD_Column (AD_Column_ID,Version,Name,Description,Help,AD_Table_ID,ColumnName,FieldLength,IsKey,IsParent,IsMandatory,IsTranslated,IsIdentifier,SeqNo,IsEncrypted,AD_Reference_ID,AD_Client_ID,AD_Org_ID,IsActive,Created,CreatedBy,Updated,UpdatedBy,AD_Element_ID,IsUpdateable,IsSelectionColumn,EntityType,IsSyncDatabase,IsAlwaysUpdateable,IsAutocomplete,IsAllowLogging,AD_Column_UU,IsAllowCopy,SeqNoSelection,IsToolbarButton,IsSecure,IsHtml) VALUES (1132878,0,'Name','Alphanumeric identifier of the entity','The name of an entity (record) is used as an default search option in addition to the search key. The name is up to 60 characters in length.',1120713,'Name',60,'N','N','N','N','Y',0,'N',10,0,0,'Y',TO_TIMESTAMP('2021-01-26 19:01:48','YYYY-MM-DD HH24:MI:SS'),100,TO_TIMESTAMP('2021-01-26 19:01:48','YYYY-MM-DD HH24:MI:SS'),100,469,'Y','Y','LBRA','N','N','N','Y','3505c078-6648-42f9-9c0c-2db3fa94d861','Y',20,'N','N','N')
;

-- 26 de jan de 2021 19:02:07 BRT
INSERT INTO AD_Column (AD_Column_ID,Version,Name,Description,Help,AD_Table_ID,ColumnName,FieldLength,IsKey,IsParent,IsMandatory,IsTranslated,IsIdentifier,SeqNo,IsEncrypted,AD_Reference_ID,AD_Client_ID,AD_Org_ID,IsActive,Created,CreatedBy,Updated,UpdatedBy,AD_Element_ID,IsUpdateable,IsSelectionColumn,EntityType,IsSyncDatabase,IsAlwaysUpdateable,IsAutocomplete,IsAllowLogging,AD_Column_UU,IsAllowCopy,SeqNoSelection,IsToolbarButton,IsSecure,IsHtml) VALUES (1132879,0,'Start Date','First effective day (inclusive)','The Start Date indicates the first or starting date',1120713,'StartDate',7,'N','N','N','N','N',0,'N',15,0,0,'Y',TO_TIMESTAMP('2021-01-26 19:02:07','YYYY-MM-DD HH24:MI:SS'),100,TO_TIMESTAMP('2021-01-26 19:02:07','YYYY-MM-DD HH24:MI:SS'),100,574,'Y','N','LBRA','N','N','N','Y','ab9d9722-ec82-4dc6-876f-e53a74330945','Y',0,'N','N','N')
;

-- 26 de jan de 2021 19:02:14 BRT
INSERT INTO AD_Column (AD_Column_ID,Version,Name,Description,Help,AD_Table_ID,ColumnName,FieldLength,IsKey,IsParent,IsMandatory,IsTranslated,IsIdentifier,SeqNo,IsEncrypted,AD_Reference_ID,AD_Client_ID,AD_Org_ID,IsActive,Created,CreatedBy,Updated,UpdatedBy,AD_Element_ID,IsUpdateable,IsSelectionColumn,EntityType,IsSyncDatabase,IsAlwaysUpdateable,IsAutocomplete,IsAllowLogging,AD_Column_UU,IsAllowCopy,SeqNoSelection,IsToolbarButton,IsSecure,IsHtml) VALUES (1132880,0,'Description','Optional short description of the record','A description is limited to 255 characters.',1120713,'Description',255,'N','N','N','N','N',0,'N',10,0,0,'Y',TO_TIMESTAMP('2021-01-26 19:02:13','YYYY-MM-DD HH24:MI:SS'),100,TO_TIMESTAMP('2021-01-26 19:02:13','YYYY-MM-DD HH24:MI:SS'),100,275,'Y','Y','LBRA','N','N','N','Y','26d2fbe7-fa50-4424-94bb-86710e45d7a6','Y',30,'N','N','N')
;

-- I forgot to set the DICTIONARY_ID_COMMENTS System Configurator
-- 27 de jan de 2021 10:24:31 BRT
INSERT INTO AD_Element (AD_Element_ID,AD_Client_ID,AD_Org_ID,IsActive,Created,CreatedBy,Updated,UpdatedBy,ColumnName,Name,PrintName,EntityType,AD_Element_UU) VALUES (1123269,0,0,'Y',TO_TIMESTAMP('2021-01-27 10:24:30','YYYY-MM-DD HH24:MI:SS'),100,TO_TIMESTAMP('2021-01-27 10:24:30','YYYY-MM-DD HH24:MI:SS'),100,'LBR_HRWorkPeriodType','Work Period Type','Work Period Type','LBRA','fdaef111-6dae-4546-9616-df396e021a12')
;

-- 27 de jan de 2021 10:26:19 BRT
INSERT INTO AD_Reference (AD_Reference_ID,Name,ValidationType,AD_Client_ID,AD_Org_ID,IsActive,Created,CreatedBy,Updated,UpdatedBy,EntityType,IsOrderByValue,AD_Reference_UU) VALUES (1120378,'LBR_HRWorkPeriodType','L',0,0,'Y',TO_TIMESTAMP('2021-01-27 10:26:19','YYYY-MM-DD HH24:MI:SS'),100,TO_TIMESTAMP('2021-01-27 10:26:19','YYYY-MM-DD HH24:MI:SS'),100,'LBRA','N','6074d22e-6b0c-4c30-bd93-5453b45984f0')
;

-- 27 de jan de 2021 10:27:13 BRT
INSERT INTO AD_Ref_List (AD_Ref_List_ID,Name,AD_Reference_ID,Value,AD_Client_ID,AD_Org_ID,IsActive,Created,CreatedBy,Updated,UpdatedBy,EntityType,AD_Ref_List_UU) VALUES (1122910,'Default',1120378,'D',0,0,'Y',TO_TIMESTAMP('2021-01-27 10:27:13','YYYY-MM-DD HH24:MI:SS'),100,TO_TIMESTAMP('2021-01-27 10:27:13','YYYY-MM-DD HH24:MI:SS'),100,'LBRA','3053ffad-2e58-4131-9f83-6a1c2db0f6a4')
;

-- 27 de jan de 2021 10:27:57 BRT
INSERT INTO AD_Ref_List (AD_Ref_List_ID,Name,AD_Reference_ID,Value,AD_Client_ID,AD_Org_ID,IsActive,Created,CreatedBy,Updated,UpdatedBy,EntityType,AD_Ref_List_UU) VALUES (1122911,'Fixed',1120378,'F',0,0,'Y',TO_TIMESTAMP('2021-01-27 10:27:57','YYYY-MM-DD HH24:MI:SS'),100,TO_TIMESTAMP('2021-01-27 10:27:57','YYYY-MM-DD HH24:MI:SS'),100,'LBRA','5d1143fa-1fb9-44a6-b524-6682c0b83d9b')
;

-- 27 de jan de 2021 10:28:19 BRT
INSERT INTO AD_Ref_List (AD_Ref_List_ID,Name,AD_Reference_ID,Value,AD_Client_ID,AD_Org_ID,IsActive,Created,CreatedBy,Updated,UpdatedBy,EntityType,AD_Ref_List_UU) VALUES (1122912,'Variable',1120378,'V',0,0,'Y',TO_TIMESTAMP('2021-01-27 10:28:18','YYYY-MM-DD HH24:MI:SS'),100,TO_TIMESTAMP('2021-01-27 10:28:18','YYYY-MM-DD HH24:MI:SS'),100,'LBRA','269be0f6-5e15-4a5d-9900-8aa40bc66cb9')
;

-- 27 de jan de 2021 10:29:30 BRT
INSERT INTO AD_Ref_List (AD_Ref_List_ID,Name,AD_Reference_ID,Value,AD_Client_ID,AD_Org_ID,IsActive,Created,CreatedBy,Updated,UpdatedBy,EntityType,AD_Ref_List_UU) VALUES (1122913,'Especial',1120378,'E',0,0,'Y',TO_TIMESTAMP('2021-01-27 10:29:30','YYYY-MM-DD HH24:MI:SS'),100,TO_TIMESTAMP('2021-01-27 10:29:30','YYYY-MM-DD HH24:MI:SS'),100,'LBRA','88a21a1b-ae80-4f99-b6d1-8a36e0a06e26')
;

-- 27 de jan de 2021 10:29:47 BRT
INSERT INTO AD_Column (AD_Column_ID,Version,Name,AD_Table_ID,ColumnName,FieldLength,IsKey,IsParent,IsMandatory,IsTranslated,IsIdentifier,SeqNo,IsEncrypted,AD_Reference_ID,AD_Reference_Value_ID,AD_Client_ID,AD_Org_ID,IsActive,Created,CreatedBy,Updated,UpdatedBy,AD_Element_ID,IsUpdateable,IsSelectionColumn,EntityType,IsSyncDatabase,IsAlwaysUpdateable,IsAutocomplete,IsAllowLogging,AD_Column_UU,IsAllowCopy,SeqNoSelection,IsToolbarButton,IsSecure,FKConstraintType,IsHtml) VALUES (1132881,0,'Work Period Type',1120713,'LBR_HRWorkPeriodType',1,'N','N','N','N','N',0,'N',17,1120378,0,0,'Y',TO_TIMESTAMP('2021-01-27 10:29:47','YYYY-MM-DD HH24:MI:SS'),100,TO_TIMESTAMP('2021-01-27 10:29:47','YYYY-MM-DD HH24:MI:SS'),100,1123269,'Y','N','LBRA','N','N','N','Y','21d875ee-0131-4596-bee2-023dcaadec6e','Y',0,'N','N','N','N')
;

-- 27 de jan de 2021 10:30:23 BRT
UPDATE AD_Ref_List SET Name='Especial Period',Updated=TO_TIMESTAMP('2021-01-27 10:30:23','YYYY-MM-DD HH24:MI:SS'),UpdatedBy=100 WHERE AD_Ref_List_ID=1122913
;

-- 27 de jan de 2021 10:30:34 BRT
UPDATE AD_Ref_List SET Name='Fixed Period',Updated=TO_TIMESTAMP('2021-01-27 10:30:34','YYYY-MM-DD HH24:MI:SS'),UpdatedBy=100 WHERE AD_Ref_List_ID=1122911
;

-- 27 de jan de 2021 10:30:40 BRT
UPDATE AD_Ref_List SET Name='Variable Period',Updated=TO_TIMESTAMP('2021-01-27 10:30:40','YYYY-MM-DD HH24:MI:SS'),UpdatedBy=100 WHERE AD_Ref_List_ID=1122912
;

-- 27 de jan de 2021 10:31:32 BRT
INSERT INTO AD_Element (AD_Element_ID,AD_Client_ID,AD_Org_ID,IsActive,Created,CreatedBy,Updated,UpdatedBy,ColumnName,Name,PrintName,EntityType,AD_Element_UU) VALUES (1123270,0,0,'Y',TO_TIMESTAMP('2021-01-27 10:31:31','YYYY-MM-DD HH24:MI:SS'),100,TO_TIMESTAMP('2021-01-27 10:31:31','YYYY-MM-DD HH24:MI:SS'),100,'LBR_SpecialPeriodType','Special Period Type','Special Period Type','LBRA','b11d5057-d732-4800-b6bf-b0905729e2c6')
;

-- 27 de jan de 2021 10:31:53 BRT
INSERT INTO AD_Reference (AD_Reference_ID,Name,ValidationType,AD_Client_ID,AD_Org_ID,IsActive,Created,CreatedBy,Updated,UpdatedBy,EntityType,IsOrderByValue,AD_Reference_UU) VALUES (1120379,'LBR_SpecialPeriodType','L',0,0,'Y',TO_TIMESTAMP('2021-01-27 10:31:53','YYYY-MM-DD HH24:MI:SS'),100,TO_TIMESTAMP('2021-01-27 10:31:53','YYYY-MM-DD HH24:MI:SS'),100,'LBRA','N','fbdeb56b-7c50-456b-8769-c15458a0c75f')
;

-- 27 de jan de 2021 10:33:41 BRT
INSERT INTO AD_Ref_List (AD_Ref_List_ID,Name,AD_Reference_ID,Value,AD_Client_ID,AD_Org_ID,IsActive,Created,CreatedBy,Updated,UpdatedBy,EntityType,AD_Ref_List_UU) VALUES (1122914,'None',1120379,'N',0,0,'Y',TO_TIMESTAMP('2021-01-27 10:33:40','YYYY-MM-DD HH24:MI:SS'),100,TO_TIMESTAMP('2021-01-27 10:33:40','YYYY-MM-DD HH24:MI:SS'),100,'LBRA','1632dc56-4548-463f-8d94-b39fcf1087fd')
;

-- 27 de jan de 2021 10:33:58 BRT
INSERT INTO AD_Ref_List (AD_Ref_List_ID,Name,AD_Reference_ID,Value,AD_Client_ID,AD_Org_ID,IsActive,Created,CreatedBy,Updated,UpdatedBy,EntityType,AD_Ref_List_UU) VALUES (1122915,'12x36',1120379,'A',0,0,'Y',TO_TIMESTAMP('2021-01-27 10:33:57','YYYY-MM-DD HH24:MI:SS'),100,TO_TIMESTAMP('2021-01-27 10:33:57','YYYY-MM-DD HH24:MI:SS'),100,'LBRA','fbafe873-62ea-4268-bf3b-7aa3a248de7e')
;

-- 27 de jan de 2021 10:34:11 BRT
INSERT INTO AD_Ref_List (AD_Ref_List_ID,Name,AD_Reference_ID,Value,AD_Client_ID,AD_Org_ID,IsActive,Created,CreatedBy,Updated,UpdatedBy,EntityType,AD_Ref_List_UU) VALUES (1122916,'24x72',1120379,'B',0,0,'Y',TO_TIMESTAMP('2021-01-27 10:34:11','YYYY-MM-DD HH24:MI:SS'),100,TO_TIMESTAMP('2021-01-27 10:34:11','YYYY-MM-DD HH24:MI:SS'),100,'LBRA','c3165414-b0ca-4bf5-9877-855dfcb63954')
;

-- 27 de jan de 2021 10:34:43 BRT
INSERT INTO AD_Ref_List (AD_Ref_List_ID,Name,AD_Reference_ID,Value,AD_Client_ID,AD_Org_ID,IsActive,Created,CreatedBy,Updated,UpdatedBy,EntityType,AD_Ref_List_UU) VALUES (1122917,'Other',1120379,'O',0,0,'Y',TO_TIMESTAMP('2021-01-27 10:34:43','YYYY-MM-DD HH24:MI:SS'),100,TO_TIMESTAMP('2021-01-27 10:34:43','YYYY-MM-DD HH24:MI:SS'),100,'LBRA','6d3a3ec0-2a1f-4eb3-a29d-4504eb586f6c')
;

-- 27 de jan de 2021 10:35:04 BRT
INSERT INTO AD_Column (AD_Column_ID,Version,Name,AD_Table_ID,ColumnName,FieldLength,IsKey,IsParent,IsMandatory,IsTranslated,IsIdentifier,SeqNo,IsEncrypted,AD_Reference_ID,AD_Reference_Value_ID,AD_Client_ID,AD_Org_ID,IsActive,Created,CreatedBy,Updated,UpdatedBy,AD_Element_ID,IsUpdateable,IsSelectionColumn,EntityType,IsSyncDatabase,IsAlwaysUpdateable,IsAutocomplete,IsAllowLogging,AD_Column_UU,IsAllowCopy,SeqNoSelection,IsToolbarButton,IsSecure,FKConstraintType,IsHtml) VALUES (1132882,0,'Special Period Type',1120713,'LBR_SpecialPeriodType',1,'N','N','N','N','N',0,'N',17,1120379,0,0,'Y',TO_TIMESTAMP('2021-01-27 10:35:04','YYYY-MM-DD HH24:MI:SS'),100,TO_TIMESTAMP('2021-01-27 10:35:04','YYYY-MM-DD HH24:MI:SS'),100,1123270,'Y','N','LBRA','N','N','N','Y','be77f0b7-db4b-47d7-bdf7-ba8f0bb61b26','Y',0,'N','N','N','N')
;

-- 27 de jan de 2021 10:43:29 BRT
UPDATE AD_Column SET EntityType='LBRA',Updated=TO_TIMESTAMP('2021-01-27 10:43:29','YYYY-MM-DD HH24:MI:SS'),UpdatedBy=100 WHERE AD_Column_ID=1132882
;

-- 27 de jan de 2021 10:47:40 BRT
UPDATE AD_Column SET FKConstraintName='ADClient_LBRHRWorkPeriod', FKConstraintType='N',Updated=TO_TIMESTAMP('2021-01-27 10:47:40','YYYY-MM-DD HH24:MI:SS'),UpdatedBy=100 WHERE AD_Column_ID=1132867
;

-- 27 de jan de 2021 10:47:40 BRT
UPDATE AD_Column SET FKConstraintName='ADOrg_LBRHRWorkPeriod', FKConstraintType='N',Updated=TO_TIMESTAMP('2021-01-27 10:47:40','YYYY-MM-DD HH24:MI:SS'),UpdatedBy=100 WHERE AD_Column_ID=1132868
;

-- 27 de jan de 2021 10:47:40 BRT
CREATE TABLE LBR_HRWorkPeriod (AD_Client_ID NUMERIC(10) NOT NULL, AD_Org_ID NUMERIC(10) NOT NULL, Created TIMESTAMP DEFAULT statement_timestamp() NOT NULL, CreatedBy NUMERIC(10) DEFAULT NULL , Description VARCHAR(255) DEFAULT NULL , IsActive CHAR(1) DEFAULT 'Y' CHECK (IsActive IN ('Y','N')) NOT NULL, LBR_HRWorkPeriod_ID NUMERIC(10) NOT NULL, LBR_HRWorkPeriodType CHAR(1) DEFAULT NULL , LBR_HRWorkPeriod_UU VARCHAR(36) DEFAULT NULL , LBR_SpecialPeriodType CHAR(1) DEFAULT NULL , Name VARCHAR(60) DEFAULT NULL , StartDate TIMESTAMP DEFAULT NULL , Updated TIMESTAMP DEFAULT statement_timestamp() NOT NULL, UpdatedBy NUMERIC(10) DEFAULT NULL , Value VARCHAR(40) DEFAULT NULL , CONSTRAINT LBR_HRWorkPeriod_Key PRIMARY KEY (LBR_HRWorkPeriod_ID), CONSTRAINT LBR_HRWorkPeriod_UU_idx UNIQUE (LBR_HRWorkPeriod_UU))
;

-- 27 de jan de 2021 10:47:41 BRT
ALTER TABLE LBR_HRWorkPeriod ADD CONSTRAINT ADClient_LBRHRWorkPeriod FOREIGN KEY (AD_Client_ID) REFERENCES ad_client(ad_client_id) DEFERRABLE INITIALLY DEFERRED
;

-- 27 de jan de 2021 10:47:41 BRT
ALTER TABLE LBR_HRWorkPeriod ADD CONSTRAINT ADOrg_LBRHRWorkPeriod FOREIGN KEY (AD_Org_ID) REFERENCES ad_org(ad_org_id) DEFERRABLE INITIALLY DEFERRED
;

-- 27 de jan de 2021 10:49:45 BRT
INSERT INTO AD_Table (AD_Table_ID,Name,TableName,LoadSeq,AccessLevel,AD_Client_ID,AD_Org_ID,IsActive,Created,CreatedBy,Updated,UpdatedBy,IsSecurityEnabled,IsDeleteable,IsHighVolume,IsView,EntityType,ImportTable,IsChangeLog,ReplicationType,CopyColumnsFromTable,IsCentrallyMaintained,AD_Table_UU,Processing,DatabaseViewDrop,CopyComponentsFromView,IsSystemLanguage) VALUES (1120714,'Work Period Line','LBR_HRWorkPeriodLine',0,'3',0,0,'Y',TO_TIMESTAMP('2021-01-27 10:49:45','YYYY-MM-DD HH24:MI:SS'),100,TO_TIMESTAMP('2021-01-27 10:49:45','YYYY-MM-DD HH24:MI:SS'),100,'N','Y','N','N','LBRA','N','Y','L','N','Y','c0aa8776-d953-41cc-9b97-ddbaf0f03098','N','N','N','N')
;

-- 27 de jan de 2021 10:49:45 BRT
INSERT INTO AD_Sequence (Name,CurrentNext,IsAudited,StartNewYear,Description,IsActive,IsTableID,AD_Client_ID,AD_Org_ID,Created,CreatedBy,Updated,UpdatedBy,AD_Sequence_ID,IsAutoSequence,StartNo,IncrementNo,CurrentNextSys,AD_Sequence_UU) VALUES ('LBR_HRWorkPeriodLine',1000000,'N','N','Table LBR_HRWorkPeriodLine','Y','Y',0,0,TO_TIMESTAMP('2021-01-27 10:49:45','YYYY-MM-DD HH24:MI:SS'),100,TO_TIMESTAMP('2021-01-27 10:49:45','YYYY-MM-DD HH24:MI:SS'),100,1153987,'Y',1000000,1,200000,'23351f08-c3d4-4c78-8bca-b48b02b77765')
;

-- 27 de jan de 2021 11:04:47 BRT
INSERT INTO AD_Column (AD_Column_ID,Version,Name,Description,Help,AD_Table_ID,AD_Val_Rule_ID,ColumnName,FieldLength,IsKey,IsParent,IsMandatory,IsTranslated,IsIdentifier,IsEncrypted,AD_Reference_ID,AD_Client_ID,AD_Org_ID,IsActive,Created,CreatedBy,Updated,UpdatedBy,AD_Element_ID,IsUpdateable,IsSelectionColumn,EntityType,IsSyncDatabase,IsAlwaysUpdateable,IsAutocomplete,IsAllowLogging,AD_Column_UU,IsAllowCopy,IsToolbarButton,IsSecure,FKConstraintType,IsHtml) VALUES (1132883,1,'Client','Client/Tenant for this installation.','A Client is a company or a legal entity. You cannot share data between Clients. Tenant is a synonym for Client.',1120714,129,'AD_Client_ID',22,'N','N','Y','N','N','N',19,0,0,'Y',TO_TIMESTAMP('2021-01-27 11:04:47','YYYY-MM-DD HH24:MI:SS'),100,TO_TIMESTAMP('2021-01-27 11:04:47','YYYY-MM-DD HH24:MI:SS'),100,102,'N','N','LBRA','N','N','N','Y','10f69d2c-7ddf-4f0f-a1ef-8819a0916b3e','N','N','N','N','N')
;

-- 27 de jan de 2021 11:04:48 BRT
INSERT INTO AD_Column (AD_Column_ID,Version,Name,Description,Help,AD_Table_ID,AD_Val_Rule_ID,ColumnName,FieldLength,IsKey,IsParent,IsMandatory,IsTranslated,IsIdentifier,IsEncrypted,AD_Reference_ID,AD_Client_ID,AD_Org_ID,IsActive,Created,CreatedBy,Updated,UpdatedBy,AD_Element_ID,IsUpdateable,IsSelectionColumn,EntityType,IsSyncDatabase,IsAlwaysUpdateable,IsAutocomplete,IsAllowLogging,AD_Column_UU,IsAllowCopy,IsToolbarButton,IsSecure,FKConstraintType,IsHtml) VALUES (1132884,1,'Organization','Organizational entity within client','An organization is a unit of your client or legal entity - examples are store, department. You can share data between organizations.',1120714,104,'AD_Org_ID',22,'N','N','Y','N','N','N',19,0,0,'Y',TO_TIMESTAMP('2021-01-27 11:04:47','YYYY-MM-DD HH24:MI:SS'),100,TO_TIMESTAMP('2021-01-27 11:04:47','YYYY-MM-DD HH24:MI:SS'),100,113,'N','N','LBRA','N','N','N','Y','5e8dbf72-91c5-496f-b39a-ac665fe14a1e','N','N','N','N','N')
;

-- 27 de jan de 2021 11:04:48 BRT
INSERT INTO AD_Column (AD_Column_ID,Version,Name,Description,Help,AD_Table_ID,ColumnName,FieldLength,IsKey,IsParent,IsMandatory,IsTranslated,IsIdentifier,IsEncrypted,AD_Reference_ID,AD_Client_ID,AD_Org_ID,IsActive,Created,CreatedBy,Updated,UpdatedBy,AD_Element_ID,IsUpdateable,IsSelectionColumn,EntityType,IsSyncDatabase,IsAlwaysUpdateable,IsAutocomplete,IsAllowLogging,AD_Column_UU,IsAllowCopy,IsToolbarButton,IsSecure,FKConstraintType,IsHtml) VALUES (1132885,1,'OS Task','Operation System Task','The Task field identifies a Operation System Task in the system.',1120714,'AD_Task_ID',22,'N','N','Y','N','N','N',13,0,0,'Y',TO_TIMESTAMP('2021-01-27 11:04:48','YYYY-MM-DD HH24:MI:SS'),100,TO_TIMESTAMP('2021-01-27 11:04:48','YYYY-MM-DD HH24:MI:SS'),100,128,'Y','N','LBRA','N','N','N','Y','56dc44ff-b9d0-47b8-9d37-41ac66bc5b04','Y','N','N','C','N')
;

-- 27 de jan de 2021 11:04:48 BRT
INSERT INTO AD_Element (AD_Element_ID,AD_Client_ID,AD_Org_ID,IsActive,Created,CreatedBy,Updated,UpdatedBy,ColumnName,Name,PrintName,EntityType,AD_Element_UU) VALUES (1123271,0,0,'Y',TO_TIMESTAMP('2021-01-27 11:04:48','YYYY-MM-DD HH24:MI:SS'),100,TO_TIMESTAMP('2021-01-27 11:04:48','YYYY-MM-DD HH24:MI:SS'),100,'LBR_HRWorkPeriodLine_ID','Work Period Line','Work Period Line','LBRA','428fede3-58a0-415e-b5fe-5bd2e6b2985a')
;

-- 27 de jan de 2021 11:04:48 BRT
INSERT INTO AD_Column (AD_Column_ID,Version,Name,AD_Table_ID,ColumnName,FieldLength,IsKey,IsParent,IsMandatory,IsTranslated,IsIdentifier,SeqNo,IsEncrypted,AD_Reference_ID,AD_Client_ID,AD_Org_ID,IsActive,Created,CreatedBy,Updated,UpdatedBy,AD_Element_ID,IsUpdateable,IsSelectionColumn,EntityType,IsSyncDatabase,IsAlwaysUpdateable,IsAutocomplete,IsAllowLogging,AD_Column_UU,IsAllowCopy,IsToolbarButton,IsSecure,IsHtml) VALUES (1132886,1,'Work Period Line',1120714,'LBR_HRWorkPeriodLine_ID',22,'Y','N','Y','N','Y',1,'N',13,0,0,'Y',TO_TIMESTAMP('2021-01-27 11:04:48','YYYY-MM-DD HH24:MI:SS'),100,TO_TIMESTAMP('2021-01-27 11:04:48','YYYY-MM-DD HH24:MI:SS'),100,1123271,'N','N','LBRA','N','N','N','N','c31bd47f-6f30-4288-b961-b103c9023b4a','N','N','N','N')
;

-- 27 de jan de 2021 11:04:49 BRT
INSERT INTO AD_Element (AD_Element_ID,AD_Client_ID,AD_Org_ID,IsActive,Created,CreatedBy,Updated,UpdatedBy,ColumnName,Name,PrintName,EntityType,AD_Element_UU) VALUES (1123272,0,0,'Y',TO_TIMESTAMP('2021-01-27 11:04:48','YYYY-MM-DD HH24:MI:SS'),100,TO_TIMESTAMP('2021-01-27 11:04:48','YYYY-MM-DD HH24:MI:SS'),100,'LBR_HRWorkPeriodLine_UU','LBR_HRWorkPeriodLine_UU','LBR_HRWorkPeriodLine_UU','LBRA','874902c6-3291-4a70-abb6-bd5fdbea969a')
;

-- 27 de jan de 2021 11:04:49 BRT
INSERT INTO AD_Column (AD_Column_ID,Version,Name,AD_Table_ID,ColumnName,FieldLength,IsKey,IsParent,IsMandatory,IsTranslated,IsIdentifier,IsEncrypted,AD_Reference_ID,AD_Client_ID,AD_Org_ID,IsActive,Created,CreatedBy,Updated,UpdatedBy,AD_Element_ID,IsUpdateable,IsSelectionColumn,EntityType,IsSyncDatabase,IsAlwaysUpdateable,IsAutocomplete,IsAllowLogging,AD_Column_UU,IsAllowCopy,IsToolbarButton,IsSecure,IsHtml) VALUES (1132887,1.00,'LBR_HRWorkPeriodLine_UU',1120714,'LBR_HRWorkPeriodLine_UU',36,'N','N','N','N','N','N',10,0,0,'Y',TO_TIMESTAMP('2021-01-27 11:04:48','YYYY-MM-DD HH24:MI:SS'),100,TO_TIMESTAMP('2021-01-27 11:04:48','YYYY-MM-DD HH24:MI:SS'),100,1123272,'Y','N','LBRA','N','N','N','Y','6ea278c8-04fb-474b-96cb-0ad887c89b4e','N','N','N','N')
;

-- 27 de jan de 2021 11:04:49 BRT
INSERT INTO AD_Column (AD_Column_ID,Version,Name,Description,Help,AD_Table_ID,ColumnName,DefaultValue,FieldLength,IsKey,IsParent,IsMandatory,IsTranslated,IsIdentifier,IsEncrypted,AD_Reference_ID,AD_Client_ID,AD_Org_ID,IsActive,Created,CreatedBy,Updated,UpdatedBy,AD_Element_ID,IsUpdateable,IsSelectionColumn,EntityType,IsSyncDatabase,IsAlwaysUpdateable,IsAutocomplete,IsAllowLogging,AD_Column_UU,IsAllowCopy,IsToolbarButton,IsSecure,IsHtml) VALUES (1132888,1,'Created','Date this record was created','The Created field indicates the date that this record was created.',1120714,'Created','SYSDATE',7,'N','N','Y','N','N','N',16,0,0,'Y',TO_TIMESTAMP('2021-01-27 11:04:49','YYYY-MM-DD HH24:MI:SS'),100,TO_TIMESTAMP('2021-01-27 11:04:49','YYYY-MM-DD HH24:MI:SS'),100,245,'N','N','LBRA','N','N','N','Y','303820cb-e5cb-4509-8734-1670a549d94d','N','N','N','N')
;

-- 27 de jan de 2021 11:04:49 BRT
INSERT INTO AD_Column (AD_Column_ID,Version,Name,Description,Help,AD_Table_ID,ColumnName,FieldLength,IsKey,IsParent,IsMandatory,IsTranslated,IsIdentifier,IsEncrypted,AD_Reference_ID,AD_Reference_Value_ID,AD_Client_ID,AD_Org_ID,IsActive,Created,CreatedBy,Updated,UpdatedBy,AD_Element_ID,IsUpdateable,IsSelectionColumn,EntityType,IsSyncDatabase,IsAlwaysUpdateable,IsAutocomplete,IsAllowLogging,AD_Column_UU,IsAllowCopy,IsToolbarButton,IsSecure,FKConstraintType,IsHtml) VALUES (1132889,1,'Created By','User who created this records','The Created By field indicates the user who created this record.',1120714,'CreatedBy',22,'N','N','N','N','N','N',18,110,0,0,'Y',TO_TIMESTAMP('2021-01-27 11:04:49','YYYY-MM-DD HH24:MI:SS'),100,TO_TIMESTAMP('2021-01-27 11:04:49','YYYY-MM-DD HH24:MI:SS'),100,246,'N','N','LBRA','N','N','N','Y','3f922b61-68fa-4734-a9b3-8d1d2d151541','N','N','N','D','N')
;

-- 27 de jan de 2021 11:04:50 BRT
INSERT INTO AD_Column (AD_Column_ID,Version,Name,Description,Help,AD_Table_ID,ColumnName,DefaultValue,FieldLength,IsKey,IsParent,IsMandatory,IsTranslated,IsIdentifier,IsEncrypted,AD_Reference_ID,AD_Client_ID,AD_Org_ID,IsActive,Created,CreatedBy,Updated,UpdatedBy,AD_Element_ID,IsUpdateable,IsSelectionColumn,EntityType,IsSyncDatabase,IsAlwaysUpdateable,IsAutocomplete,IsAllowLogging,AD_Column_UU,IsAllowCopy,IsToolbarButton,IsSecure,IsHtml) VALUES (1132890,1,'Active','The record is active in the system','There are two methods of making records unavailable in the system: One is to delete the record, the other is to de-activate the record. A de-activated record is not available for selection, but available for reports.
There are two reasons for de-activating and not deleting records:
(1) The system requires the record for audit purposes.
(2) The record is referenced by other records. E.g., you cannot delete a Business Partner, if there are invoices for this partner record existing. You de-activate the Business Partner and prevent that this record is used for future entries.',1120714,'IsActive','Y',1,'N','N','Y','N','N','N',20,0,0,'Y',TO_TIMESTAMP('2021-01-27 11:04:49','YYYY-MM-DD HH24:MI:SS'),100,TO_TIMESTAMP('2021-01-27 11:04:49','YYYY-MM-DD HH24:MI:SS'),100,348,'Y','N','LBRA','N','N','N','Y','d4218534-6a7a-4687-ac17-1639161ee298','N','N','N','N')
;

-- 27 de jan de 2021 11:04:50 BRT
INSERT INTO AD_Column (AD_Column_ID,Version,Name,Description,Help,AD_Table_ID,ColumnName,DefaultValue,FieldLength,IsKey,IsParent,IsMandatory,IsTranslated,IsIdentifier,IsEncrypted,AD_Reference_ID,AD_Client_ID,AD_Org_ID,IsActive,Created,CreatedBy,Updated,UpdatedBy,AD_Element_ID,IsUpdateable,IsSelectionColumn,EntityType,IsSyncDatabase,IsAlwaysUpdateable,IsAutocomplete,IsAllowLogging,AD_Column_UU,IsAllowCopy,IsToolbarButton,IsSecure,IsHtml) VALUES (1132891,1,'Updated','Date this record was updated','The Updated field indicates the date that this record was updated.',1120714,'Updated','SYSDATE',7,'N','N','Y','N','N','N',16,0,0,'Y',TO_TIMESTAMP('2021-01-27 11:04:50','YYYY-MM-DD HH24:MI:SS'),100,TO_TIMESTAMP('2021-01-27 11:04:50','YYYY-MM-DD HH24:MI:SS'),100,607,'N','N','LBRA','N','N','N','Y','90df5509-c837-4006-868f-7fb5de599fc2','N','N','N','N')
;

-- 27 de jan de 2021 11:04:50 BRT
INSERT INTO AD_Column (AD_Column_ID,Version,Name,Description,Help,AD_Table_ID,ColumnName,FieldLength,IsKey,IsParent,IsMandatory,IsTranslated,IsIdentifier,IsEncrypted,AD_Reference_ID,AD_Reference_Value_ID,AD_Client_ID,AD_Org_ID,IsActive,Created,CreatedBy,Updated,UpdatedBy,AD_Element_ID,IsUpdateable,IsSelectionColumn,EntityType,IsSyncDatabase,IsAlwaysUpdateable,IsAutocomplete,IsAllowLogging,AD_Column_UU,IsAllowCopy,IsToolbarButton,IsSecure,FKConstraintType,IsHtml) VALUES (1132892,1,'Updated By','User who updated this records','The Updated By field indicates the user who updated this record.',1120714,'UpdatedBy',22,'N','N','N','N','N','N',18,110,0,0,'Y',TO_TIMESTAMP('2021-01-27 11:04:50','YYYY-MM-DD HH24:MI:SS'),100,TO_TIMESTAMP('2021-01-27 11:04:50','YYYY-MM-DD HH24:MI:SS'),100,608,'N','N','LBRA','N','N','N','Y','1b819ebf-089b-4522-bd60-9cebb7975014','N','N','N','D','N')
;

-- 27 de jan de 2021 11:05:01 BRT
DELETE FROM AD_Column_Trl WHERE AD_Column_ID=1132885
;

-- 27 de jan de 2021 11:05:01 BRT
DELETE FROM AD_Column WHERE AD_Column_ID=1132885
;

-- 27 de jan de 2021 11:08:17 BRT
INSERT INTO AD_Column (AD_Column_ID,Version,Name,Description,Help,AD_Table_ID,ColumnName,FieldLength,IsKey,IsParent,IsMandatory,IsTranslated,IsIdentifier,SeqNo,IsEncrypted,AD_Reference_ID,AD_Client_ID,AD_Org_ID,IsActive,Created,CreatedBy,Updated,UpdatedBy,AD_Element_ID,IsUpdateable,IsSelectionColumn,EntityType,IsSyncDatabase,IsAlwaysUpdateable,IsAutocomplete,IsAllowLogging,AD_Column_UU,IsAllowCopy,SeqNoSelection,IsToolbarButton,IsSecure,IsHtml) VALUES (1132893,0,'Sequence','Method of ordering records; lowest number comes first','The Sequence indicates the order of records',1120714,'SeqNo',22,'N','N','N','N','N',0,'N',11,0,0,'Y',TO_TIMESTAMP('2021-01-27 11:08:17','YYYY-MM-DD HH24:MI:SS'),100,TO_TIMESTAMP('2021-01-27 11:08:17','YYYY-MM-DD HH24:MI:SS'),100,566,'Y','N','LBRA','N','N','N','Y','bed38ea2-5349-43c9-97d9-a13da658d757','Y',0,'N','N','N')
;

-- 27 de jan de 2021 11:08:52 BRT
INSERT INTO AD_Column (AD_Column_ID,Version,Name,AD_Table_ID,ColumnName,FieldLength,IsKey,IsParent,IsMandatory,IsTranslated,IsIdentifier,SeqNo,IsEncrypted,AD_Reference_ID,AD_Client_ID,AD_Org_ID,IsActive,Created,CreatedBy,Updated,UpdatedBy,AD_Element_ID,IsUpdateable,IsSelectionColumn,EntityType,IsSyncDatabase,IsAlwaysUpdateable,IsAutocomplete,IsAllowLogging,AD_Column_UU,IsAllowCopy,SeqNoSelection,IsToolbarButton,IsSecure,FKConstraintType,IsHtml) VALUES (1132894,0,'Work Period',1120714,'LBR_HRWorkPeriod_ID',22,'N','N','N','N','Y',0,'N',30,0,0,'Y',TO_TIMESTAMP('2021-01-27 11:08:51','YYYY-MM-DD HH24:MI:SS'),100,TO_TIMESTAMP('2021-01-27 11:08:51','YYYY-MM-DD HH24:MI:SS'),100,1123267,'N','N','LBRA','N','N','N','Y','57229a41-6409-4064-a705-27dd6b6f7318','Y',0,'N','N','N','N')
;

-- 27 de jan de 2021 11:08:55 BRT
UPDATE AD_Column SET EntityType='LBRA',Updated=TO_TIMESTAMP('2021-01-27 11:08:55','YYYY-MM-DD HH24:MI:SS'),UpdatedBy=100 WHERE AD_Column_ID=1132894
;

-- 27 de jan de 2021 11:10:40 BRT
INSERT INTO AD_Column (AD_Column_ID,Version,Name,AD_Table_ID,ColumnName,FieldLength,IsKey,IsParent,IsMandatory,IsTranslated,IsIdentifier,SeqNo,IsEncrypted,AD_Reference_ID,AD_Client_ID,AD_Org_ID,IsActive,Created,CreatedBy,Updated,UpdatedBy,AD_Element_ID,IsUpdateable,IsSelectionColumn,EntityType,IsSyncDatabase,IsAlwaysUpdateable,IsAutocomplete,IsAllowLogging,AD_Column_UU,IsAllowCopy,SeqNoSelection,IsToolbarButton,IsSecure,FKConstraintType,IsHtml) VALUES (1132895,0,'Work Schedule',1120714,'LBR_HRWorkSchedule_ID',22,'N','N','N','N','N',0,'N',30,0,0,'Y',TO_TIMESTAMP('2021-01-27 11:10:40','YYYY-MM-DD HH24:MI:SS'),100,TO_TIMESTAMP('2021-01-27 11:10:40','YYYY-MM-DD HH24:MI:SS'),100,1123262,'N','N','LBRA','N','N','N','Y','f34d70c9-a2af-4ebe-bdf6-cce16c7bf2b2','Y',0,'N','N','N','N')
;

-- 27 de jan de 2021 11:19:24 BRT
INSERT INTO AD_Reference (AD_Reference_ID,Name,Description,ValidationType,AD_Client_ID,AD_Org_ID,IsActive,Created,CreatedBy,Updated,UpdatedBy,EntityType,IsOrderByValue,AD_Reference_UU) VALUES (1120380,'Weekdays for Human Resource','List of days used by Human Resource','L',0,0,'Y',TO_TIMESTAMP('2021-01-27 11:19:24','YYYY-MM-DD HH24:MI:SS'),100,TO_TIMESTAMP('2021-01-27 11:19:24','YYYY-MM-DD HH24:MI:SS'),100,'LBRA','N','4413121a-d2a3-4c3b-9424-739ed9316406')
;

-- 27 de jan de 2021 11:27:01 BRT
INSERT INTO AD_Ref_List (AD_Ref_List_ID,Name,AD_Reference_ID,Value,AD_Client_ID,AD_Org_ID,IsActive,Created,CreatedBy,Updated,UpdatedBy,EntityType,AD_Ref_List_UU) VALUES (1122918,'Segunda a sexta',1120380,'1',0,0,'Y',TO_TIMESTAMP('2021-01-27 11:27:00','YYYY-MM-DD HH24:MI:SS'),100,TO_TIMESTAMP('2021-01-27 11:27:00','YYYY-MM-DD HH24:MI:SS'),100,'LBRA','cf1c632e-1012-4114-9130-38aa4f43461c')
;

-- 27 de jan de 2021 11:27:23 BRT
INSERT INTO AD_Ref_List (AD_Ref_List_ID,Name,AD_Reference_ID,Value,AD_Client_ID,AD_Org_ID,IsActive,Created,CreatedBy,Updated,UpdatedBy,EntityType,AD_Ref_List_UU) VALUES (1122919,'Segunda',1120380,'2',0,0,'Y',TO_TIMESTAMP('2021-01-27 11:27:22','YYYY-MM-DD HH24:MI:SS'),100,TO_TIMESTAMP('2021-01-27 11:27:22','YYYY-MM-DD HH24:MI:SS'),100,'LBRA','11e596e1-dde1-40d7-a2f2-2f01b437c424')
;

-- 27 de jan de 2021 11:30:00 BRT
UPDATE AD_Ref_List SET Name='Monday to Friday',Updated=TO_TIMESTAMP('2021-01-27 11:30:00','YYYY-MM-DD HH24:MI:SS'),UpdatedBy=100 WHERE AD_Ref_List_ID=1122918
;

-- 27 de jan de 2021 11:30:20 BRT
UPDATE AD_Ref_List SET Name='Monday',Updated=TO_TIMESTAMP('2021-01-27 11:30:20','YYYY-MM-DD HH24:MI:SS'),UpdatedBy=100 WHERE AD_Ref_List_ID=1122919
;

-- 27 de jan de 2021 11:30:39 BRT
INSERT INTO AD_Ref_List (AD_Ref_List_ID,Name,AD_Reference_ID,Value,AD_Client_ID,AD_Org_ID,IsActive,Created,CreatedBy,Updated,UpdatedBy,EntityType,AD_Ref_List_UU) VALUES (1122920,'Tuesday',1120380,'3',0,0,'Y',TO_TIMESTAMP('2021-01-27 11:30:39','YYYY-MM-DD HH24:MI:SS'),100,TO_TIMESTAMP('2021-01-27 11:30:39','YYYY-MM-DD HH24:MI:SS'),100,'LBRA','1437de40-1034-42a3-86c6-4b5b752fde4f')
;

-- 27 de jan de 2021 11:35:54 BRT
UPDATE AD_Ref_List SET Name='Wednesday',Updated=TO_TIMESTAMP('2021-01-27 11:35:54','YYYY-MM-DD HH24:MI:SS'),UpdatedBy=100 WHERE AD_Ref_List_ID=1122920
;

-- 27 de jan de 2021 11:35:58 BRT
UPDATE AD_Ref_List SET Name='Tuesday',Updated=TO_TIMESTAMP('2021-01-27 11:35:58','YYYY-MM-DD HH24:MI:SS'),UpdatedBy=100 WHERE AD_Ref_List_ID=1122919
;

-- 27 de jan de 2021 11:36:16 BRT
UPDATE AD_Ref_List SET Name='Monday',Updated=TO_TIMESTAMP('2021-01-27 11:36:16','YYYY-MM-DD HH24:MI:SS'),UpdatedBy=100 WHERE AD_Ref_List_ID=1122918
;

-- 27 de jan de 2021 11:36:31 BRT
INSERT INTO AD_Ref_List (AD_Ref_List_ID,Name,AD_Reference_ID,Value,AD_Client_ID,AD_Org_ID,IsActive,Created,CreatedBy,Updated,UpdatedBy,EntityType,AD_Ref_List_UU) VALUES (1122921,'Thursday',1120380,'4',0,0,'Y',TO_TIMESTAMP('2021-01-27 11:36:31','YYYY-MM-DD HH24:MI:SS'),100,TO_TIMESTAMP('2021-01-27 11:36:31','YYYY-MM-DD HH24:MI:SS'),100,'LBRA','26680bf5-a2b3-44ac-b3b7-ffca709dc8ce')
;

-- 27 de jan de 2021 11:36:45 BRT
INSERT INTO AD_Ref_List (AD_Ref_List_ID,Name,AD_Reference_ID,Value,AD_Client_ID,AD_Org_ID,IsActive,Created,CreatedBy,Updated,UpdatedBy,EntityType,AD_Ref_List_UU) VALUES (1122922,'Friday',1120380,'5',0,0,'Y',TO_TIMESTAMP('2021-01-27 11:36:45','YYYY-MM-DD HH24:MI:SS'),100,TO_TIMESTAMP('2021-01-27 11:36:45','YYYY-MM-DD HH24:MI:SS'),100,'LBRA','a98f6595-3d27-473e-9e36-36fde46e4826')
;

-- 27 de jan de 2021 11:36:57 BRT
INSERT INTO AD_Ref_List (AD_Ref_List_ID,Name,AD_Reference_ID,Value,AD_Client_ID,AD_Org_ID,IsActive,Created,CreatedBy,Updated,UpdatedBy,EntityType,AD_Ref_List_UU) VALUES (1122923,'Saturday',1120380,'6',0,0,'Y',TO_TIMESTAMP('2021-01-27 11:36:57','YYYY-MM-DD HH24:MI:SS'),100,TO_TIMESTAMP('2021-01-27 11:36:57','YYYY-MM-DD HH24:MI:SS'),100,'LBRA','a16fb281-a05e-4b2b-9ca4-6563bb598e2e')
;

-- 27 de jan de 2021 11:37:08 BRT
INSERT INTO AD_Ref_List (AD_Ref_List_ID,Name,AD_Reference_ID,Value,AD_Client_ID,AD_Org_ID,IsActive,Created,CreatedBy,Updated,UpdatedBy,EntityType,AD_Ref_List_UU) VALUES (1122924,'Sunday',1120380,'7',0,0,'Y',TO_TIMESTAMP('2021-01-27 11:37:08','YYYY-MM-DD HH24:MI:SS'),100,TO_TIMESTAMP('2021-01-27 11:37:08','YYYY-MM-DD HH24:MI:SS'),100,'LBRA','f8f14595-b5d2-4c69-85ba-b9bd3f7d4296')
;

-- 27 de jan de 2021 11:37:50 BRT
INSERT INTO AD_Ref_List (AD_Ref_List_ID,Name,AD_Reference_ID,Value,AD_Client_ID,AD_Org_ID,IsActive,Created,CreatedBy,Updated,UpdatedBy,EntityType,AD_Ref_List_UU) VALUES (1122925,'Monday to Friday',1120380,'8',0,0,'Y',TO_TIMESTAMP('2021-01-27 11:37:50','YYYY-MM-DD HH24:MI:SS'),100,TO_TIMESTAMP('2021-01-27 11:37:50','YYYY-MM-DD HH24:MI:SS'),100,'LBRA','f8c66906-5775-4fe6-8463-5b9b497d87a8')
;

-- 27 de jan de 2021 11:41:54 BRT
INSERT INTO AD_Ref_List (AD_Ref_List_ID,Name,AD_Reference_ID,Value,AD_Client_ID,AD_Org_ID,IsActive,Created,CreatedBy,Updated,UpdatedBy,EntityType,AD_Ref_List_UU) VALUES (1122926,'First day',1120380,'9',0,0,'Y',TO_TIMESTAMP('2021-01-27 11:41:54','YYYY-MM-DD HH24:MI:SS'),100,TO_TIMESTAMP('2021-01-27 11:41:54','YYYY-MM-DD HH24:MI:SS'),100,'LBRA','b5d3110d-2be7-4af9-b393-54d687a42c6f')
;

-- 27 de jan de 2021 11:45:51 BRT
INSERT INTO AD_Ref_List (AD_Ref_List_ID,Name,AD_Reference_ID,Value,AD_Client_ID,AD_Org_ID,IsActive,Created,CreatedBy,Updated,UpdatedBy,EntityType,AD_Ref_List_UU) VALUES (1122927,'Second Day',1120380,'10',0,0,'Y',TO_TIMESTAMP('2021-01-27 11:45:51','YYYY-MM-DD HH24:MI:SS'),100,TO_TIMESTAMP('2021-01-27 11:45:51','YYYY-MM-DD HH24:MI:SS'),100,'LBRA','eca1a8c1-28f4-459b-8b51-ea70d92a3db6')
;

-- 27 de jan de 2021 11:46:34 BRT
INSERT INTO AD_Ref_List (AD_Ref_List_ID,Name,AD_Reference_ID,Value,AD_Client_ID,AD_Org_ID,IsActive,Created,CreatedBy,Updated,UpdatedBy,EntityType,AD_Ref_List_UU) VALUES (1122928,'Third Day',1120380,'11',0,0,'Y',TO_TIMESTAMP('2021-01-27 11:46:34','YYYY-MM-DD HH24:MI:SS'),100,TO_TIMESTAMP('2021-01-27 11:46:34','YYYY-MM-DD HH24:MI:SS'),100,'LBRA','7bf32434-f2a8-42ba-89e4-2869cc36ba39')
;

-- 27 de jan de 2021 11:53:38 BRT
INSERT INTO AD_Ref_List (AD_Ref_List_ID,Name,AD_Reference_ID,Value,AD_Client_ID,AD_Org_ID,IsActive,Created,CreatedBy,Updated,UpdatedBy,EntityType,AD_Ref_List_UU) VALUES (1122929,'Special Period',1120380,'12',0,0,'Y',TO_TIMESTAMP('2021-01-27 11:53:38','YYYY-MM-DD HH24:MI:SS'),100,TO_TIMESTAMP('2021-01-27 11:53:38','YYYY-MM-DD HH24:MI:SS'),100,'LBRA','a0e00556-1369-47ea-988d-1063648fd46c')
;

-- 27 de jan de 2021 11:54:15 BRT
INSERT INTO AD_Column (AD_Column_ID,Version,Name,Description,AD_Table_ID,ColumnName,FieldLength,IsKey,IsParent,IsMandatory,IsTranslated,IsIdentifier,SeqNo,IsEncrypted,AD_Reference_ID,AD_Reference_Value_ID,AD_Client_ID,AD_Org_ID,IsActive,Created,CreatedBy,Updated,UpdatedBy,AD_Element_ID,IsUpdateable,IsSelectionColumn,EntityType,IsSyncDatabase,IsAlwaysUpdateable,IsAutocomplete,IsAllowLogging,AD_Column_UU,IsAllowCopy,SeqNoSelection,IsToolbarButton,IsSecure,IsHtml) VALUES (1132896,0,'Day of the Week','Day of the Week',1120714,'WeekDay',1,'N','N','N','N','N',0,'N',17,1120380,0,0,'Y',TO_TIMESTAMP('2021-01-27 11:54:15','YYYY-MM-DD HH24:MI:SS'),100,TO_TIMESTAMP('2021-01-27 11:54:15','YYYY-MM-DD HH24:MI:SS'),100,2458,'Y','N','LBRA','N','N','N','Y','c0f37535-c7bc-4b43-9048-07ce4a43769b','Y',0,'N','N','N')
;

-- 27 de jan de 2021 11:54:34 BRT
UPDATE AD_Column SET FKConstraintName='ADClient_LBRHRWorkPeriodLine', FKConstraintType='N',Updated=TO_TIMESTAMP('2021-01-27 11:54:34','YYYY-MM-DD HH24:MI:SS'),UpdatedBy=100 WHERE AD_Column_ID=1132883
;

-- 27 de jan de 2021 11:54:34 BRT
UPDATE AD_Column SET FKConstraintName='ADOrg_LBRHRWorkPeriodLine', FKConstraintType='N',Updated=TO_TIMESTAMP('2021-01-27 11:54:34','YYYY-MM-DD HH24:MI:SS'),UpdatedBy=100 WHERE AD_Column_ID=1132884
;

-- 27 de jan de 2021 11:54:34 BRT
UPDATE AD_Column SET FKConstraintName='LBRHRWorkPeriod_LBRHRWorkPerio', FKConstraintType='N',Updated=TO_TIMESTAMP('2021-01-27 11:54:34','YYYY-MM-DD HH24:MI:SS'),UpdatedBy=100 WHERE AD_Column_ID=1132894
;

-- 27 de jan de 2021 11:54:34 BRT
UPDATE AD_Column SET FKConstraintName='LBRHRWorkSchedule_LBRHRWorkPer', FKConstraintType='N',Updated=TO_TIMESTAMP('2021-01-27 11:54:34','YYYY-MM-DD HH24:MI:SS'),UpdatedBy=100 WHERE AD_Column_ID=1132895
;

-- 27 de jan de 2021 11:54:34 BRT
CREATE TABLE LBR_HRWorkPeriodLine (AD_Client_ID NUMERIC(10) NOT NULL, AD_Org_ID NUMERIC(10) NOT NULL, Created TIMESTAMP DEFAULT statement_timestamp() NOT NULL, CreatedBy NUMERIC(10) DEFAULT NULL , IsActive CHAR(1) DEFAULT 'Y' CHECK (IsActive IN ('Y','N')) NOT NULL, LBR_HRWorkPeriod_ID NUMERIC(10) DEFAULT NULL , LBR_HRWorkPeriodLine_ID NUMERIC(10) NOT NULL, LBR_HRWorkPeriodLine_UU VARCHAR(36) DEFAULT NULL , LBR_HRWorkSchedule_ID NUMERIC(10) DEFAULT NULL , SeqNo NUMERIC(10) DEFAULT NULL , Updated TIMESTAMP DEFAULT statement_timestamp() NOT NULL, UpdatedBy NUMERIC(10) DEFAULT NULL , WeekDay CHAR(1) DEFAULT NULL , CONSTRAINT LBR_HRWorkPeriodLine_Key PRIMARY KEY (LBR_HRWorkPeriodLine_ID), CONSTRAINT LBR_HRWorkPeriodLine_UU_idx UNIQUE (LBR_HRWorkPeriodLine_UU))
;

-- 27 de jan de 2021 11:54:34 BRT
ALTER TABLE LBR_HRWorkPeriodLine ADD CONSTRAINT ADClient_LBRHRWorkPeriodLine FOREIGN KEY (AD_Client_ID) REFERENCES ad_client(ad_client_id) DEFERRABLE INITIALLY DEFERRED
;

-- 27 de jan de 2021 11:54:34 BRT
ALTER TABLE LBR_HRWorkPeriodLine ADD CONSTRAINT ADOrg_LBRHRWorkPeriodLine FOREIGN KEY (AD_Org_ID) REFERENCES ad_org(ad_org_id) DEFERRABLE INITIALLY DEFERRED
;

-- 27 de jan de 2021 11:54:34 BRT
ALTER TABLE LBR_HRWorkPeriodLine ADD CONSTRAINT LBRHRWorkPeriod_LBRHRWorkPerio FOREIGN KEY (LBR_HRWorkPeriod_ID) REFERENCES lbr_hrworkperiod(lbr_hrworkperiod_id) DEFERRABLE INITIALLY DEFERRED
;

-- 27 de jan de 2021 11:54:34 BRT
ALTER TABLE LBR_HRWorkPeriodLine ADD CONSTRAINT LBRHRWorkSchedule_LBRHRWorkPer FOREIGN KEY (LBR_HRWorkSchedule_ID) REFERENCES lbr_hrworkschedule(lbr_hrworkschedule_id) DEFERRABLE INITIALLY DEFERRED
;

-- I forgot to set the DICTIONARY_ID_COMMENTS System Configurator
-- 27 de jan de 2021 15:17:15 BRT
INSERT INTO AD_Window (AD_Window_ID,Name,AD_Client_ID,AD_Org_ID,IsActive,Created,CreatedBy,Updated,UpdatedBy,WindowType,Processing,EntityType,IsSOTrx,IsDefault,WinHeight,WinWidth,IsBetaFunctionality,AD_Window_UU) VALUES (1120175,'Work Schedule',0,0,'Y',TO_TIMESTAMP('2021-01-27 15:17:14','YYYY-MM-DD HH24:MI:SS'),100,TO_TIMESTAMP('2021-01-27 15:17:14','YYYY-MM-DD HH24:MI:SS'),100,'M','N','LBRA','Y','N',0,0,'N','cfa93527-b1b1-4ced-bd80-7e958a01e9b0')
;

-- 27 de jan de 2021 15:17:45 BRT
INSERT INTO AD_Tab (AD_Tab_ID,Name,AD_Window_ID,SeqNo,IsSingleRow,AD_Table_ID,AD_Client_ID,AD_Org_ID,IsActive,Created,CreatedBy,Updated,UpdatedBy,HasTree,IsInfoTab,IsTranslationTab,IsReadOnly,Processing,ImportFields,TabLevel,IsSortTab,EntityType,IsInsertRecord,IsAdvancedTab,AD_Tab_UU,TreeDisplayedOn) VALUES (1120417,'Work Schedule',1120175,10,'Y',1120712,0,0,'Y',TO_TIMESTAMP('2021-01-27 15:17:44','YYYY-MM-DD HH24:MI:SS'),100,TO_TIMESTAMP('2021-01-27 15:17:44','YYYY-MM-DD HH24:MI:SS'),100,'N','N','N','N','N','N',0,'N','LBRA','Y','N','780a6ec7-83b7-472b-b661-4b0082b15f2f','B')
;

-- 27 de jan de 2021 15:17:54 BRT
INSERT INTO AD_Field (AD_Field_ID,Name,Description,Help,AD_Tab_ID,AD_Column_ID,IsDisplayed,DisplayLength,SeqNo,IsSameLine,IsHeading,IsFieldOnly,IsEncrypted,AD_Client_ID,AD_Org_ID,IsActive,Created,CreatedBy,Updated,UpdatedBy,IsReadOnly,IsCentrallyMaintained,EntityType,AD_Field_UU,IsDisplayedGrid,ColumnSpan) VALUES (1130227,'Client','Client/Tenant for this installation.','A Client is a company or a legal entity. You cannot share data between Clients. Tenant is a synonym for Client.',1120417,1132849,'Y',22,10,'N','N','N','N',0,0,'Y',TO_TIMESTAMP('2021-01-27 15:17:54','YYYY-MM-DD HH24:MI:SS'),100,TO_TIMESTAMP('2021-01-27 15:17:54','YYYY-MM-DD HH24:MI:SS'),100,'N','Y','LBRA','7e910cf9-69fc-4ae8-bfef-3af2d0d01d75','N',2)
;

-- 27 de jan de 2021 15:17:55 BRT
INSERT INTO AD_Field (AD_Field_ID,Name,Description,Help,AD_Tab_ID,AD_Column_ID,IsDisplayed,DisplayLength,SeqNo,IsSameLine,IsHeading,IsFieldOnly,IsEncrypted,AD_Client_ID,AD_Org_ID,IsActive,Created,CreatedBy,Updated,UpdatedBy,IsReadOnly,IsCentrallyMaintained,EntityType,AD_Field_UU,IsAllowCopy,IsDisplayedGrid,SeqNoGrid,XPosition,ColumnSpan) VALUES (1130228,'Organization','Organizational entity within client','An organization is a unit of your client or legal entity - examples are store, department. You can share data between organizations.',1120417,1132850,'Y',22,20,'N','N','N','N',0,0,'Y',TO_TIMESTAMP('2021-01-27 15:17:55','YYYY-MM-DD HH24:MI:SS'),100,TO_TIMESTAMP('2021-01-27 15:17:55','YYYY-MM-DD HH24:MI:SS'),100,'N','Y','LBRA','26719a42-0581-475a-a7d8-e6231c46a3f2','Y','Y',10,4,2)
;

-- 27 de jan de 2021 15:17:55 BRT
INSERT INTO AD_Field (AD_Field_ID,Name,AD_Tab_ID,AD_Column_ID,IsDisplayed,DisplayLength,IsSameLine,IsHeading,IsFieldOnly,IsEncrypted,AD_Client_ID,AD_Org_ID,IsActive,Created,CreatedBy,Updated,UpdatedBy,IsReadOnly,IsCentrallyMaintained,EntityType,AD_Field_UU,IsDisplayedGrid,ColumnSpan) VALUES (1130229,'Work Schedule',1120417,1132852,'N',22,'N','N','N','N',0,0,'Y',TO_TIMESTAMP('2021-01-27 15:17:55','YYYY-MM-DD HH24:MI:SS'),100,TO_TIMESTAMP('2021-01-27 15:17:55','YYYY-MM-DD HH24:MI:SS'),100,'N','Y','LBRA','cde680d3-b273-464e-a0de-62584b921a87','N',2)
;

-- 27 de jan de 2021 15:17:55 BRT
INSERT INTO AD_Field (AD_Field_ID,Name,AD_Tab_ID,AD_Column_ID,IsDisplayed,DisplayLength,IsSameLine,IsHeading,IsFieldOnly,IsEncrypted,AD_Client_ID,AD_Org_ID,IsActive,Created,CreatedBy,Updated,UpdatedBy,IsReadOnly,IsCentrallyMaintained,EntityType,AD_Field_UU,IsDisplayedGrid,ColumnSpan) VALUES (1130230,'LBR_HRWorkSchedule_UU',1120417,1132853,'N',36,'N','N','N','N',0,0,'Y',TO_TIMESTAMP('2021-01-27 15:17:55','YYYY-MM-DD HH24:MI:SS'),100,TO_TIMESTAMP('2021-01-27 15:17:55','YYYY-MM-DD HH24:MI:SS'),100,'N','Y','LBRA','a727cfa4-c7dd-47fe-b8b2-7de17190912a','N',2)
;

-- 27 de jan de 2021 15:17:56 BRT
INSERT INTO AD_Field (AD_Field_ID,Name,Description,Help,AD_Tab_ID,AD_Column_ID,IsDisplayed,DisplayLength,SeqNo,IsSameLine,IsHeading,IsFieldOnly,IsEncrypted,AD_Client_ID,AD_Org_ID,IsActive,Created,CreatedBy,Updated,UpdatedBy,IsReadOnly,IsCentrallyMaintained,EntityType,AD_Field_UU,IsDisplayedGrid,SeqNoGrid,XPosition,ColumnSpan) VALUES (1130232,'Active','The record is active in the system','There are two methods of making records unavailable in the system: One is to delete the record, the other is to de-activate the record. A de-activated record is not available for selection, but available for reports.
There are two reasons for de-activating and not deleting records:
(1) The system requires the record for audit purposes.
(2) The record is referenced by other records. E.g., you cannot delete a Business Partner, if there are invoices for this partner record existing. You de-activate the Business Partner and prevent that this record is used for future entries.',1120417,1132856,'Y',1,40,'N','N','N','N',0,0,'Y',TO_TIMESTAMP('2021-01-27 15:17:56','YYYY-MM-DD HH24:MI:SS'),100,TO_TIMESTAMP('2021-01-27 15:17:56','YYYY-MM-DD HH24:MI:SS'),100,'N','Y','LBRA','c33d6062-39a3-4e9c-9297-f9fcce7cec2a','Y',30,2,2)
;

-- 27 de jan de 2021 15:18:41 BRT
INSERT INTO t_alter_column values('lbr_hrworkschedule','EndTime','TIMESTAMP',null,'NULL')
;

-- 27 de jan de 2021 15:19:01 BRT
INSERT INTO t_alter_column values('lbr_hrworkschedule','LBR_HRWorkScheduleType','CHAR(1)',null,'NULL')
;

-- 27 de jan de 2021 15:19:13 BRT
INSERT INTO t_alter_column values('lbr_hrworkschedule','LBR_PeriodInMinutes','NUMERIC',null,'NULL')
;

-- 27 de jan de 2021 15:19:20 BRT
INSERT INTO t_alter_column values('lbr_hrworkschedule','Name','VARCHAR(60)',null,'NULL')
;

-- 27 de jan de 2021 15:19:26 BRT
INSERT INTO t_alter_column values('lbr_hrworkschedule','StartDate','TIMESTAMP',null,'NULL')
;

-- 27 de jan de 2021 15:19:36 BRT
INSERT INTO t_alter_column values('lbr_hrworkschedule','StartTime','TIMESTAMP',null,'NULL')
;

-- 27 de jan de 2021 15:19:41 BRT
INSERT INTO t_alter_column values('lbr_hrworkschedule','Value','VARCHAR(40)',null,'NULL')
;

-- 27 de jan de 2021 15:21:22 BRT
INSERT INTO AD_Field (AD_Field_ID,Name,Description,Help,AD_Tab_ID,AD_Column_ID,IsDisplayed,DisplayLength,SeqNo,SortNo,IsSameLine,IsHeading,IsFieldOnly,IsEncrypted,AD_Client_ID,AD_Org_ID,IsActive,Created,CreatedBy,Updated,UpdatedBy,IsReadOnly,IsCentrallyMaintained,EntityType,AD_Field_UU,IsDisplayedGrid,SeqNoGrid,XPosition,ColumnSpan,NumLines,IsQuickEntry,IsDefaultFocus,IsAdvancedField) VALUES (1130233,'Start Date','First effective day (inclusive)','The Start Date indicates the first or starting date',1120417,1132863,'Y',0,50,0,'N','N','N','N',0,0,'Y',TO_TIMESTAMP('2021-01-27 15:21:22','YYYY-MM-DD HH24:MI:SS'),100,TO_TIMESTAMP('2021-01-27 15:21:22','YYYY-MM-DD HH24:MI:SS'),100,'N','Y','LBRA','ae2d2d00-660e-4280-9688-df225d4d6c28','Y',40,1,1,1,'N','N','N')
;

-- 27 de jan de 2021 15:21:41 BRT
INSERT INTO AD_Field (AD_Field_ID,Name,Description,AD_Tab_ID,AD_Column_ID,IsDisplayed,DisplayLength,SeqNo,SortNo,IsSameLine,IsHeading,IsFieldOnly,IsEncrypted,AD_Client_ID,AD_Org_ID,IsActive,Created,CreatedBy,Updated,UpdatedBy,IsReadOnly,IsCentrallyMaintained,EntityType,AD_Field_UU,IsDisplayedGrid,SeqNoGrid,XPosition,ColumnSpan,NumLines,IsQuickEntry,IsDefaultFocus,IsAdvancedField) VALUES (1130234,'Start Time','Time started',1120417,1132861,'Y',0,60,0,'N','N','N','N',0,0,'Y',TO_TIMESTAMP('2021-01-27 15:21:41','YYYY-MM-DD HH24:MI:SS'),100,TO_TIMESTAMP('2021-01-27 15:21:41','YYYY-MM-DD HH24:MI:SS'),100,'N','Y','LBRA','3c2ec819-ae3b-4c45-98ea-cba6bbfe3dcd','Y',50,1,1,1,'N','N','N')
;

-- 27 de jan de 2021 15:21:56 BRT
INSERT INTO AD_Field (AD_Field_ID,Name,Description,AD_Tab_ID,AD_Column_ID,IsDisplayed,DisplayLength,SeqNo,SortNo,IsSameLine,IsHeading,IsFieldOnly,IsEncrypted,AD_Client_ID,AD_Org_ID,IsActive,Created,CreatedBy,Updated,UpdatedBy,IsReadOnly,IsCentrallyMaintained,EntityType,AD_Field_UU,IsDisplayedGrid,SeqNoGrid,XPosition,ColumnSpan,NumLines,IsQuickEntry,IsDefaultFocus,IsAdvancedField) VALUES (1130235,'End Time','End of the time span',1120417,1132862,'Y',0,70,0,'N','N','N','N',0,0,'Y',TO_TIMESTAMP('2021-01-27 15:21:56','YYYY-MM-DD HH24:MI:SS'),100,TO_TIMESTAMP('2021-01-27 15:21:56','YYYY-MM-DD HH24:MI:SS'),100,'N','Y','LBRA','f1593cfd-25af-426e-93f8-c3f616339a27','Y',60,1,1,1,'N','N','N')
;

-- 27 de jan de 2021 15:22:07 BRT
INSERT INTO AD_Field (AD_Field_ID,Name,Description,Help,AD_Tab_ID,AD_Column_ID,IsDisplayed,DisplayLength,SeqNo,SortNo,IsSameLine,IsHeading,IsFieldOnly,IsEncrypted,AD_Client_ID,AD_Org_ID,IsActive,Created,CreatedBy,Updated,UpdatedBy,IsReadOnly,IsCentrallyMaintained,EntityType,AD_Field_UU,IsDisplayedGrid,SeqNoGrid,XPosition,ColumnSpan,NumLines,IsQuickEntry,IsDefaultFocus,IsAdvancedField) VALUES (1130236,'Work Schedule Type','Indicate Type of Work Schedule','Indicate Type of Work Schedule',1120417,1132866,'Y',0,80,0,'N','N','N','N',0,0,'Y',TO_TIMESTAMP('2021-01-27 15:22:07','YYYY-MM-DD HH24:MI:SS'),100,TO_TIMESTAMP('2021-01-27 15:22:07','YYYY-MM-DD HH24:MI:SS'),100,'N','Y','LBRA','633f9552-ea54-46be-86a7-1c21b875ae4f','Y',70,1,1,1,'N','N','N')
;

-- 27 de jan de 2021 15:23:35 BRT
INSERT INTO AD_Field (AD_Field_ID,Name,Description,Help,AD_Tab_ID,AD_Column_ID,IsDisplayed,DisplayLength,SeqNo,SortNo,IsSameLine,IsHeading,IsFieldOnly,IsEncrypted,AD_Client_ID,AD_Org_ID,IsActive,Created,CreatedBy,Updated,UpdatedBy,IsReadOnly,IsCentrallyMaintained,EntityType,AD_Field_UU,IsDisplayedGrid,SeqNoGrid,XPosition,ColumnSpan,NumLines,IsQuickEntry,IsDefaultFocus,IsAdvancedField) VALUES (1130239,'Work Interval Type','Indicate Type of Interval','Indicate Type of Interval',1120417,1132865,'Y',0,90,0,'N','N','N','N',0,0,'Y',TO_TIMESTAMP('2021-01-27 15:23:35','YYYY-MM-DD HH24:MI:SS'),100,TO_TIMESTAMP('2021-01-27 15:23:35','YYYY-MM-DD HH24:MI:SS'),100,'N','Y','LBRA','b0dc5f39-f615-4a4b-9ca6-70ed189b3b82','Y',80,1,1,1,'N','N','N')
;

-- 27 de jan de 2021 15:58:44 BRT
INSERT INTO AD_Field (AD_Field_ID,Name,AD_Tab_ID,AD_Column_ID,IsDisplayed,DisplayLength,SeqNo,SortNo,IsSameLine,IsHeading,IsFieldOnly,IsEncrypted,AD_Client_ID,AD_Org_ID,IsActive,Created,CreatedBy,Updated,UpdatedBy,IsReadOnly,IsCentrallyMaintained,EntityType,AD_Field_UU,IsDisplayedGrid,SeqNoGrid,XPosition,ColumnSpan,NumLines,IsQuickEntry,IsDefaultFocus,IsAdvancedField) VALUES (1130240,'Period In Minutes',1120417,1132864,'Y',0,100,0,'N','N','N','N',0,0,'Y',TO_TIMESTAMP('2021-01-27 15:58:43','YYYY-MM-DD HH24:MI:SS'),100,TO_TIMESTAMP('2021-01-27 15:58:43','YYYY-MM-DD HH24:MI:SS'),100,'N','Y','LBRA','1a127d5b-a275-48c6-a897-c91cb01aa6e2','Y',90,1,1,1,'N','N','N')
;

-- 27 de jan de 2021 15:58:59 BRT
INSERT INTO AD_Field (AD_Field_ID,Name,Description,Help,AD_Tab_ID,AD_Column_ID,IsDisplayed,DisplayLength,SeqNo,SortNo,IsSameLine,IsHeading,IsFieldOnly,IsEncrypted,AD_Client_ID,AD_Org_ID,IsActive,Created,CreatedBy,Updated,UpdatedBy,IsReadOnly,IsCentrallyMaintained,EntityType,AD_Field_UU,IsDisplayedGrid,SeqNoGrid,XPosition,ColumnSpan,NumLines,IsQuickEntry,IsDefaultFocus,IsAdvancedField) VALUES (1130241,'Name','Alphanumeric identifier of the entity','The name of an entity (record) is used as an default search option in addition to the search key. The name is up to 60 characters in length.',1120417,1132860,'Y',0,110,0,'N','N','N','N',0,0,'Y',TO_TIMESTAMP('2021-01-27 15:58:58','YYYY-MM-DD HH24:MI:SS'),100,TO_TIMESTAMP('2021-01-27 15:58:58','YYYY-MM-DD HH24:MI:SS'),100,'N','Y','LBRA','e4e1f950-ed3e-4250-9115-665ca82bd14d','Y',100,1,1,1,'N','N','N')
;

-- 27 de jan de 2021 16:01:01 BRT
INSERT INTO AD_Field (AD_Field_ID,Name,Description,Help,AD_Tab_ID,AD_Column_ID,IsDisplayed,DisplayLength,SeqNo,SortNo,IsSameLine,IsHeading,IsFieldOnly,IsEncrypted,AD_Client_ID,AD_Org_ID,IsActive,Created,CreatedBy,Updated,UpdatedBy,IsReadOnly,IsCentrallyMaintained,EntityType,AD_Field_UU,IsDisplayedGrid,SeqNoGrid,XPosition,ColumnSpan,NumLines,IsQuickEntry,IsDefaultFocus,IsAdvancedField) VALUES (1130242,'Search Key','Search key for the record in the format required - must be unique','A search key allows you a fast method of finding a particular record.
If you leave the search key empty, the system automatically creates a numeric number.  The document sequence used for this fallback number is defined in the "Maintain Sequence" window with the name "DocumentNo_<TableName>", where TableName is the actual name of the table (e.g. C_Order).',1120417,1132859,'Y',0,120,0,'N','N','N','N',0,0,'Y',TO_TIMESTAMP('2021-01-27 16:01:00','YYYY-MM-DD HH24:MI:SS'),100,TO_TIMESTAMP('2021-01-27 16:01:00','YYYY-MM-DD HH24:MI:SS'),100,'N','Y','LBRA','b214b359-0108-445c-aab7-ba94f66a12e2','Y',110,1,1,1,'N','N','N')
;


-- 27 de jan de 2021 16:30:29 BRT
UPDATE AD_Field SET IsDisplayed='Y', SeqNo=10, AD_Reference_Value_ID=NULL, AD_Val_Rule_ID=NULL, XPosition=1, IsToolbarButton=NULL,Updated=TO_TIMESTAMP('2021-01-27 16:30:29','YYYY-MM-DD HH24:MI:SS'),UpdatedBy=100 WHERE AD_Field_ID=1130250
;

-- 27 de jan de 2021 16:30:29 BRT
UPDATE AD_Field SET IsDisplayed='Y', SeqNo=20, AD_Reference_Value_ID=NULL, AD_Val_Rule_ID=NULL, XPosition=3, IsToolbarButton=NULL,Updated=TO_TIMESTAMP('2021-01-27 16:30:29','YYYY-MM-DD HH24:MI:SS'),UpdatedBy=100 WHERE AD_Field_ID=1130251
;

-- 27 de jan de 2021 16:30:29 BRT
UPDATE AD_Field SET IsDisplayed='Y', SeqNo=30, AD_Reference_Value_ID=NULL, AD_Val_Rule_ID=NULL, XPosition=1, IsToolbarButton=NULL,Updated=TO_TIMESTAMP('2021-01-27 16:30:29','YYYY-MM-DD HH24:MI:SS'),UpdatedBy=100 WHERE AD_Field_ID=1130259
;

-- 27 de jan de 2021 16:30:29 BRT
UPDATE AD_Field SET IsDisplayed='Y', SeqNo=40, AD_Reference_Value_ID=NULL, AD_Val_Rule_ID=NULL, XPosition=3, IsToolbarButton=NULL,Updated=TO_TIMESTAMP('2021-01-27 16:30:29','YYYY-MM-DD HH24:MI:SS'),UpdatedBy=100 WHERE AD_Field_ID=1130258
;

-- 27 de jan de 2021 16:30:29 BRT
UPDATE AD_Field SET IsDisplayed='Y', SeqNo=50, AD_Reference_Value_ID=NULL, AD_Val_Rule_ID=NULL, XPosition=1, IsToolbarButton=NULL,Updated=TO_TIMESTAMP('2021-01-27 16:30:29','YYYY-MM-DD HH24:MI:SS'),UpdatedBy=100 WHERE AD_Field_ID=1130257
;

-- 27 de jan de 2021 16:30:29 BRT
UPDATE AD_Field SET IsDisplayed='Y', SeqNo=60, AD_Reference_Value_ID=NULL, AD_Val_Rule_ID=NULL, XPosition=4, IsToolbarButton=NULL,Updated=TO_TIMESTAMP('2021-01-27 16:30:29','YYYY-MM-DD HH24:MI:SS'),UpdatedBy=100 WHERE AD_Field_ID=1130252
;

-- 27 de jan de 2021 16:30:29 BRT
UPDATE AD_Field SET IsDisplayed='Y', SeqNo=80, AD_Reference_Value_ID=NULL, AD_Val_Rule_ID=NULL, XPosition=3, ColumnSpan=1, IsToolbarButton=NULL,Updated=TO_TIMESTAMP('2021-01-27 16:30:29','YYYY-MM-DD HH24:MI:SS'),UpdatedBy=100 WHERE AD_Field_ID=1130243
;

-- 27 de jan de 2021 16:30:29 BRT
UPDATE AD_Field SET SeqNo=90, AD_Reference_Value_ID=NULL, AD_Val_Rule_ID=NULL, ColumnSpan=3, IsToolbarButton=NULL,Updated=TO_TIMESTAMP('2021-01-27 16:30:29','YYYY-MM-DD HH24:MI:SS'),UpdatedBy=100 WHERE AD_Field_ID=1130253
;

-- 27 de jan de 2021 16:30:29 BRT
UPDATE AD_Field SET IsDisplayed='N', SeqNo=0, AD_Reference_Value_ID=NULL, AD_Val_Rule_ID=NULL, XPosition=1, IsToolbarButton=NULL,Updated=TO_TIMESTAMP('2021-01-27 16:30:29','YYYY-MM-DD HH24:MI:SS'),UpdatedBy=100 WHERE AD_Field_ID=1130254
;

-- 27 de jan de 2021 17:00:59 BRT
UPDATE AD_Field SET IsDisplayed='Y', SeqNo=40, AD_Reference_Value_ID=NULL, AD_Val_Rule_ID=NULL, XPosition=5, ColumnSpan=1, IsToolbarButton=NULL,Updated=TO_TIMESTAMP('2021-01-27 17:00:59','YYYY-MM-DD HH24:MI:SS'),UpdatedBy=100 WHERE AD_Field_ID=1130249
;

-- 27 de jan de 2021 17:00:59 BRT
UPDATE AD_Field SET IsDisplayed='Y', SeqNo=70, AD_Reference_Value_ID=NULL, AD_Val_Rule_ID=NULL, XPosition=4, IsToolbarButton=NULL,Updated=TO_TIMESTAMP('2021-01-27 17:00:59','YYYY-MM-DD HH24:MI:SS'),UpdatedBy=100 WHERE AD_Field_ID=1130264
;

-- 27 de jan de 2021 17:01:00 BRT
UPDATE AD_Field SET SeqNo=0, AD_Reference_Value_ID=NULL, AD_Val_Rule_ID=NULL, IsToolbarButton=NULL,Updated=TO_TIMESTAMP('2021-01-27 17:01:00','YYYY-MM-DD HH24:MI:SS'),UpdatedBy=100 WHERE AD_Field_ID=1130247
;

-- 27 de jan de 2021 17:01:00 BRT
UPDATE AD_Field SET SeqNo=0, AD_Reference_Value_ID=NULL, AD_Val_Rule_ID=NULL, IsToolbarButton=NULL,Updated=TO_TIMESTAMP('2021-01-27 17:01:00','YYYY-MM-DD HH24:MI:SS'),UpdatedBy=100 WHERE AD_Field_ID=1130246
;

-- 27 de jan de 2021 17:01:17 BRT
UPDATE AD_Column SET AD_Reference_ID=19,Updated=TO_TIMESTAMP('2021-01-27 17:01:17','YYYY-MM-DD HH24:MI:SS'),UpdatedBy=100 WHERE AD_Column_ID=1132895
;

-- 27 de jan de 2021 17:01:20 BRT
INSERT INTO t_alter_column values('lbr_hrworkperiodline','LBR_HRWorkSchedule_ID','NUMERIC(10)',null,'NULL')
;

-- 27 de jan de 2021 17:17:15 BRT
INSERT INTO AD_Menu (AD_Menu_ID,Name,"action",AD_Window_ID,AD_Client_ID,AD_Org_ID,IsActive,Created,CreatedBy,Updated,UpdatedBy,IsSummary,IsSOTrx,IsReadOnly,EntityType,IsCentrallyMaintained,AD_Menu_UU) VALUES (1120377,'Work Schedule','W',1120175,0,0,'Y',TO_TIMESTAMP('2021-01-27 17:17:15','YYYY-MM-DD HH24:MI:SS'),100,TO_TIMESTAMP('2021-01-27 17:17:15','YYYY-MM-DD HH24:MI:SS'),100,'N','Y','N','LBRA','Y','0f761b8f-bab4-4a49-be79-36705b26cecf')
;

-- 27 de jan de 2021 17:17:15 BRT
INSERT INTO AD_TreeNodeMM (AD_Client_ID,AD_Org_ID, IsActive,Created,CreatedBy,Updated,UpdatedBy, AD_Tree_ID, Node_ID, Parent_ID, SeqNo, AD_TreeNodeMM_UU) SELECT t.AD_Client_ID, 0, 'Y', statement_timestamp(), 100, statement_timestamp(), 100,t.AD_Tree_ID, 1120377, 0, 999, Generate_UUID() FROM AD_Tree t WHERE t.AD_Client_ID=0 AND t.IsActive='Y' AND t.IsAllNodes='Y' AND t.TreeType='MM' AND NOT EXISTS (SELECT * FROM AD_TreeNodeMM e WHERE e.AD_Tree_ID=t.AD_Tree_ID AND Node_ID=1120377)
;

-- 27 de jan de 2021 17:17:49 BRT
UPDATE AD_TreeNodeMM SET Parent_ID=0, SeqNo=0, Updated=statement_timestamp() WHERE AD_Tree_ID=10 AND Node_ID=218
;

-- 27 de jan de 2021 17:17:49 BRT
UPDATE AD_TreeNodeMM SET Parent_ID=0, SeqNo=1, Updated=statement_timestamp() WHERE AD_Tree_ID=10 AND Node_ID=153
;

-- 27 de jan de 2021 17:17:49 BRT
UPDATE AD_TreeNodeMM SET Parent_ID=0, SeqNo=2, Updated=statement_timestamp() WHERE AD_Tree_ID=10 AND Node_ID=263
;

-- 27 de jan de 2021 17:17:49 BRT
UPDATE AD_TreeNodeMM SET Parent_ID=0, SeqNo=3, Updated=statement_timestamp() WHERE AD_Tree_ID=10 AND Node_ID=166
;

-- 27 de jan de 2021 17:17:49 BRT
UPDATE AD_TreeNodeMM SET Parent_ID=0, SeqNo=4, Updated=statement_timestamp() WHERE AD_Tree_ID=10 AND Node_ID=203
;

-- 27 de jan de 2021 17:17:49 BRT
UPDATE AD_TreeNodeMM SET Parent_ID=0, SeqNo=5, Updated=statement_timestamp() WHERE AD_Tree_ID=10 AND Node_ID=1120359
;

-- 27 de jan de 2021 17:17:49 BRT
UPDATE AD_TreeNodeMM SET Parent_ID=0, SeqNo=6, Updated=statement_timestamp() WHERE AD_Tree_ID=10 AND Node_ID=53242
;

-- 27 de jan de 2021 17:17:49 BRT
UPDATE AD_TreeNodeMM SET Parent_ID=0, SeqNo=7, Updated=statement_timestamp() WHERE AD_Tree_ID=10 AND Node_ID=1000016
;

-- 27 de jan de 2021 17:17:49 BRT
UPDATE AD_TreeNodeMM SET Parent_ID=0, SeqNo=8, Updated=statement_timestamp() WHERE AD_Tree_ID=10 AND Node_ID=236
;

-- 27 de jan de 2021 17:17:49 BRT
UPDATE AD_TreeNodeMM SET Parent_ID=0, SeqNo=9, Updated=statement_timestamp() WHERE AD_Tree_ID=10 AND Node_ID=183
;

-- 27 de jan de 2021 17:17:49 BRT
UPDATE AD_TreeNodeMM SET Parent_ID=0, SeqNo=10, Updated=statement_timestamp() WHERE AD_Tree_ID=10 AND Node_ID=160
;

-- 27 de jan de 2021 17:17:49 BRT
UPDATE AD_TreeNodeMM SET Parent_ID=0, SeqNo=11, Updated=statement_timestamp() WHERE AD_Tree_ID=10 AND Node_ID=278
;

-- 27 de jan de 2021 17:17:49 BRT
UPDATE AD_TreeNodeMM SET Parent_ID=0, SeqNo=12, Updated=statement_timestamp() WHERE AD_Tree_ID=10 AND Node_ID=345
;

-- 27 de jan de 2021 17:17:49 BRT
UPDATE AD_TreeNodeMM SET Parent_ID=0, SeqNo=13, Updated=statement_timestamp() WHERE AD_Tree_ID=10 AND Node_ID=53296
;

-- 27 de jan de 2021 17:17:49 BRT
UPDATE AD_TreeNodeMM SET Parent_ID=0, SeqNo=14, Updated=statement_timestamp() WHERE AD_Tree_ID=10 AND Node_ID=53014
;

-- 27 de jan de 2021 17:17:49 BRT
UPDATE AD_TreeNodeMM SET Parent_ID=0, SeqNo=15, Updated=statement_timestamp() WHERE AD_Tree_ID=10 AND Node_ID=53108
;

-- 27 de jan de 2021 17:17:49 BRT
UPDATE AD_TreeNodeMM SET Parent_ID=0, SeqNo=16, Updated=statement_timestamp() WHERE AD_Tree_ID=10 AND Node_ID=1000000
;

-- 27 de jan de 2021 17:17:49 BRT
UPDATE AD_TreeNodeMM SET Parent_ID=53109, SeqNo=0, Updated=statement_timestamp() WHERE AD_Tree_ID=10 AND Node_ID=1120345
;

-- 27 de jan de 2021 17:17:49 BRT
UPDATE AD_TreeNodeMM SET Parent_ID=53109, SeqNo=1, Updated=statement_timestamp() WHERE AD_Tree_ID=10 AND Node_ID=1120344
;

-- 27 de jan de 2021 17:17:49 BRT
UPDATE AD_TreeNodeMM SET Parent_ID=53109, SeqNo=2, Updated=statement_timestamp() WHERE AD_Tree_ID=10 AND Node_ID=1120343
;

-- 27 de jan de 2021 17:17:49 BRT
UPDATE AD_TreeNodeMM SET Parent_ID=53109, SeqNo=3, Updated=statement_timestamp() WHERE AD_Tree_ID=10 AND Node_ID=53110
;

-- 27 de jan de 2021 17:17:49 BRT
UPDATE AD_TreeNodeMM SET Parent_ID=53109, SeqNo=4, Updated=statement_timestamp() WHERE AD_Tree_ID=10 AND Node_ID=53112
;

-- 27 de jan de 2021 17:17:49 BRT
UPDATE AD_TreeNodeMM SET Parent_ID=53109, SeqNo=5, Updated=statement_timestamp() WHERE AD_Tree_ID=10 AND Node_ID=53113
;

-- 27 de jan de 2021 17:17:49 BRT
UPDATE AD_TreeNodeMM SET Parent_ID=53109, SeqNo=6, Updated=statement_timestamp() WHERE AD_Tree_ID=10 AND Node_ID=1120346
;

-- 27 de jan de 2021 17:17:49 BRT
UPDATE AD_TreeNodeMM SET Parent_ID=53109, SeqNo=7, Updated=statement_timestamp() WHERE AD_Tree_ID=10 AND Node_ID=1120377
;

-- 27 de jan de 2021 17:17:49 BRT
UPDATE AD_TreeNodeMM SET Parent_ID=53109, SeqNo=8, Updated=statement_timestamp() WHERE AD_Tree_ID=10 AND Node_ID=1120347
;

-- 27 de jan de 2021 17:17:49 BRT
UPDATE AD_TreeNodeMM SET Parent_ID=53109, SeqNo=9, Updated=statement_timestamp() WHERE AD_Tree_ID=10 AND Node_ID=53111
;

-- 27 de jan de 2021 17:17:53 BRT
UPDATE AD_TreeNodeMM SET Parent_ID=53109, SeqNo=0, Updated=statement_timestamp() WHERE AD_Tree_ID=10 AND Node_ID=1120345
;

-- 27 de jan de 2021 17:17:53 BRT
UPDATE AD_TreeNodeMM SET Parent_ID=53109, SeqNo=1, Updated=statement_timestamp() WHERE AD_Tree_ID=10 AND Node_ID=1120344
;

-- 27 de jan de 2021 17:17:53 BRT
UPDATE AD_TreeNodeMM SET Parent_ID=53109, SeqNo=2, Updated=statement_timestamp() WHERE AD_Tree_ID=10 AND Node_ID=1120343
;

-- 27 de jan de 2021 17:17:53 BRT
UPDATE AD_TreeNodeMM SET Parent_ID=53109, SeqNo=3, Updated=statement_timestamp() WHERE AD_Tree_ID=10 AND Node_ID=53110
;

-- 27 de jan de 2021 17:17:53 BRT
UPDATE AD_TreeNodeMM SET Parent_ID=53109, SeqNo=4, Updated=statement_timestamp() WHERE AD_Tree_ID=10 AND Node_ID=53112
;

-- 27 de jan de 2021 17:17:53 BRT
UPDATE AD_TreeNodeMM SET Parent_ID=53109, SeqNo=5, Updated=statement_timestamp() WHERE AD_Tree_ID=10 AND Node_ID=1120377
;

-- 27 de jan de 2021 17:17:53 BRT
UPDATE AD_TreeNodeMM SET Parent_ID=53109, SeqNo=6, Updated=statement_timestamp() WHERE AD_Tree_ID=10 AND Node_ID=53113
;

-- 27 de jan de 2021 17:17:53 BRT
UPDATE AD_TreeNodeMM SET Parent_ID=53109, SeqNo=7, Updated=statement_timestamp() WHERE AD_Tree_ID=10 AND Node_ID=1120346
;

-- 27 de jan de 2021 17:17:53 BRT
UPDATE AD_TreeNodeMM SET Parent_ID=53109, SeqNo=8, Updated=statement_timestamp() WHERE AD_Tree_ID=10 AND Node_ID=1120347
;

-- 27 de jan de 2021 17:17:53 BRT
UPDATE AD_TreeNodeMM SET Parent_ID=53109, SeqNo=9, Updated=statement_timestamp() WHERE AD_Tree_ID=10 AND Node_ID=53111
;

-- 27 de jan de 2021 17:18:08 BRT
UPDATE AD_Menu SET IsSOTrx='N',Updated=TO_TIMESTAMP('2021-01-27 17:18:08','YYYY-MM-DD HH24:MI:SS'),UpdatedBy=100 WHERE AD_Menu_ID=1120377
;

-- 27 de jan de 2021 17:24:25 BRT
INSERT INTO AD_Menu (AD_Menu_ID,Name,"action",AD_Window_ID,AD_Client_ID,AD_Org_ID,IsActive,Created,CreatedBy,Updated,UpdatedBy,IsSummary,IsSOTrx,IsReadOnly,EntityType,IsCentrallyMaintained,AD_Menu_UU) VALUES (1120378,'Syndicate','W',1120174,0,0,'Y',TO_TIMESTAMP('2021-01-27 17:24:25','YYYY-MM-DD HH24:MI:SS'),100,TO_TIMESTAMP('2021-01-27 17:24:25','YYYY-MM-DD HH24:MI:SS'),100,'N','N','N','LBRA','Y','21b522ae-2866-4043-adee-bcbdcc0e5810')
;

-- 27 de jan de 2021 17:24:25 BRT
INSERT INTO AD_TreeNodeMM (AD_Client_ID,AD_Org_ID, IsActive,Created,CreatedBy,Updated,UpdatedBy, AD_Tree_ID, Node_ID, Parent_ID, SeqNo, AD_TreeNodeMM_UU) SELECT t.AD_Client_ID, 0, 'Y', statement_timestamp(), 100, statement_timestamp(), 100,t.AD_Tree_ID, 1120378, 0, 999, Generate_UUID() FROM AD_Tree t WHERE t.AD_Client_ID=0 AND t.IsActive='Y' AND t.IsAllNodes='Y' AND t.TreeType='MM' AND NOT EXISTS (SELECT * FROM AD_TreeNodeMM e WHERE e.AD_Tree_ID=t.AD_Tree_ID AND Node_ID=1120378)
;

-- 27 de jan de 2021 17:25:25 BRT
UPDATE AD_TreeNodeMM SET Parent_ID=0, SeqNo=0, Updated=statement_timestamp() WHERE AD_Tree_ID=10 AND Node_ID=218
;

-- 27 de jan de 2021 17:25:25 BRT
UPDATE AD_TreeNodeMM SET Parent_ID=0, SeqNo=1, Updated=statement_timestamp() WHERE AD_Tree_ID=10 AND Node_ID=153
;

-- 27 de jan de 2021 17:25:25 BRT
UPDATE AD_TreeNodeMM SET Parent_ID=0, SeqNo=2, Updated=statement_timestamp() WHERE AD_Tree_ID=10 AND Node_ID=263
;

-- 27 de jan de 2021 17:25:25 BRT
UPDATE AD_TreeNodeMM SET Parent_ID=0, SeqNo=3, Updated=statement_timestamp() WHERE AD_Tree_ID=10 AND Node_ID=166
;

-- 27 de jan de 2021 17:25:25 BRT
UPDATE AD_TreeNodeMM SET Parent_ID=0, SeqNo=4, Updated=statement_timestamp() WHERE AD_Tree_ID=10 AND Node_ID=203
;

-- 27 de jan de 2021 17:25:25 BRT
UPDATE AD_TreeNodeMM SET Parent_ID=0, SeqNo=5, Updated=statement_timestamp() WHERE AD_Tree_ID=10 AND Node_ID=1120359
;

-- 27 de jan de 2021 17:25:25 BRT
UPDATE AD_TreeNodeMM SET Parent_ID=0, SeqNo=6, Updated=statement_timestamp() WHERE AD_Tree_ID=10 AND Node_ID=53242
;

-- 27 de jan de 2021 17:25:25 BRT
UPDATE AD_TreeNodeMM SET Parent_ID=0, SeqNo=7, Updated=statement_timestamp() WHERE AD_Tree_ID=10 AND Node_ID=1000016
;

-- 27 de jan de 2021 17:25:25 BRT
UPDATE AD_TreeNodeMM SET Parent_ID=0, SeqNo=8, Updated=statement_timestamp() WHERE AD_Tree_ID=10 AND Node_ID=236
;

-- 27 de jan de 2021 17:25:25 BRT
UPDATE AD_TreeNodeMM SET Parent_ID=0, SeqNo=9, Updated=statement_timestamp() WHERE AD_Tree_ID=10 AND Node_ID=183
;

-- 27 de jan de 2021 17:25:25 BRT
UPDATE AD_TreeNodeMM SET Parent_ID=0, SeqNo=10, Updated=statement_timestamp() WHERE AD_Tree_ID=10 AND Node_ID=160
;

-- 27 de jan de 2021 17:25:25 BRT
UPDATE AD_TreeNodeMM SET Parent_ID=0, SeqNo=11, Updated=statement_timestamp() WHERE AD_Tree_ID=10 AND Node_ID=278
;

-- 27 de jan de 2021 17:25:25 BRT
UPDATE AD_TreeNodeMM SET Parent_ID=0, SeqNo=12, Updated=statement_timestamp() WHERE AD_Tree_ID=10 AND Node_ID=345
;

-- 27 de jan de 2021 17:25:25 BRT
UPDATE AD_TreeNodeMM SET Parent_ID=0, SeqNo=13, Updated=statement_timestamp() WHERE AD_Tree_ID=10 AND Node_ID=53296
;

-- 27 de jan de 2021 17:25:25 BRT
UPDATE AD_TreeNodeMM SET Parent_ID=0, SeqNo=14, Updated=statement_timestamp() WHERE AD_Tree_ID=10 AND Node_ID=53014
;

-- 27 de jan de 2021 17:25:25 BRT
UPDATE AD_TreeNodeMM SET Parent_ID=0, SeqNo=15, Updated=statement_timestamp() WHERE AD_Tree_ID=10 AND Node_ID=53108
;

-- 27 de jan de 2021 17:25:25 BRT
UPDATE AD_TreeNodeMM SET Parent_ID=0, SeqNo=16, Updated=statement_timestamp() WHERE AD_Tree_ID=10 AND Node_ID=1000000
;

-- 27 de jan de 2021 17:25:25 BRT
UPDATE AD_TreeNodeMM SET Parent_ID=53109, SeqNo=0, Updated=statement_timestamp() WHERE AD_Tree_ID=10 AND Node_ID=1120345
;

-- 27 de jan de 2021 17:25:25 BRT
UPDATE AD_TreeNodeMM SET Parent_ID=53109, SeqNo=1, Updated=statement_timestamp() WHERE AD_Tree_ID=10 AND Node_ID=1120344
;

-- 27 de jan de 2021 17:25:25 BRT
UPDATE AD_TreeNodeMM SET Parent_ID=53109, SeqNo=2, Updated=statement_timestamp() WHERE AD_Tree_ID=10 AND Node_ID=1120343
;

-- 27 de jan de 2021 17:25:25 BRT
UPDATE AD_TreeNodeMM SET Parent_ID=53109, SeqNo=3, Updated=statement_timestamp() WHERE AD_Tree_ID=10 AND Node_ID=53110
;

-- 27 de jan de 2021 17:25:25 BRT
UPDATE AD_TreeNodeMM SET Parent_ID=53109, SeqNo=4, Updated=statement_timestamp() WHERE AD_Tree_ID=10 AND Node_ID=53112
;

-- 27 de jan de 2021 17:25:25 BRT
UPDATE AD_TreeNodeMM SET Parent_ID=53109, SeqNo=5, Updated=statement_timestamp() WHERE AD_Tree_ID=10 AND Node_ID=1120377
;

-- 27 de jan de 2021 17:25:25 BRT
UPDATE AD_TreeNodeMM SET Parent_ID=53109, SeqNo=6, Updated=statement_timestamp() WHERE AD_Tree_ID=10 AND Node_ID=1120378
;

-- 27 de jan de 2021 17:25:25 BRT
UPDATE AD_TreeNodeMM SET Parent_ID=53109, SeqNo=7, Updated=statement_timestamp() WHERE AD_Tree_ID=10 AND Node_ID=53113
;

-- 27 de jan de 2021 17:25:25 BRT
UPDATE AD_TreeNodeMM SET Parent_ID=53109, SeqNo=8, Updated=statement_timestamp() WHERE AD_Tree_ID=10 AND Node_ID=1120346
;

-- 27 de jan de 2021 17:25:25 BRT
UPDATE AD_TreeNodeMM SET Parent_ID=53109, SeqNo=9, Updated=statement_timestamp() WHERE AD_Tree_ID=10 AND Node_ID=1120347
;

-- 27 de jan de 2021 17:25:25 BRT
UPDATE AD_TreeNodeMM SET Parent_ID=53109, SeqNo=10, Updated=statement_timestamp() WHERE AD_Tree_ID=10 AND Node_ID=53111
;

-- 27 de jan de 2021 17:30:42 BRT
UPDATE AD_Field SET SeqNo=60, AD_Reference_Value_ID=NULL, AD_Val_Rule_ID=NULL, ColumnSpan=1, IsToolbarButton=NULL,Updated=TO_TIMESTAMP('2021-01-27 17:30:42','YYYY-MM-DD HH24:MI:SS'),UpdatedBy=100 WHERE AD_Field_ID=1128032
;

-- 27 de jan de 2021 17:30:42 BRT
UPDATE AD_Field SET SeqNo=90, AD_Reference_Value_ID=NULL, AD_Val_Rule_ID=NULL, ColumnSpan=1, IsToolbarButton=NULL,Updated=TO_TIMESTAMP('2021-01-27 17:30:42','YYYY-MM-DD HH24:MI:SS'),UpdatedBy=100 WHERE AD_Field_ID=1128033
;

-- 27 de jan de 2021 17:30:42 BRT
UPDATE AD_Field SET SeqNo=110, AD_Reference_Value_ID=NULL, AD_Val_Rule_ID=NULL, ColumnSpan=1, IsToolbarButton=NULL,Updated=TO_TIMESTAMP('2021-01-27 17:30:42','YYYY-MM-DD HH24:MI:SS'),UpdatedBy=100 WHERE AD_Field_ID=1128168
;

-- 27 de jan de 2021 17:30:42 BRT
UPDATE AD_Field SET SeqNo=120, AD_Reference_Value_ID=NULL, AD_Val_Rule_ID=NULL, ColumnSpan=1, IsToolbarButton=NULL,Updated=TO_TIMESTAMP('2021-01-27 17:30:42','YYYY-MM-DD HH24:MI:SS'),UpdatedBy=100 WHERE AD_Field_ID=1128014
;

-- 27 de jan de 2021 17:30:42 BRT
UPDATE AD_Field SET SeqNo=220, AD_Reference_Value_ID=NULL, AD_Val_Rule_ID=NULL, ColumnSpan=1, IsToolbarButton=NULL,Updated=TO_TIMESTAMP('2021-01-27 17:30:42','YYYY-MM-DD HH24:MI:SS'),UpdatedBy=100 WHERE AD_Field_ID=1128024
;

-- 27 de jan de 2021 17:30:42 BRT
UPDATE AD_Field SET SeqNo=230, AD_Reference_Value_ID=NULL, AD_Val_Rule_ID=NULL, ColumnSpan=1, IsToolbarButton=NULL,Updated=TO_TIMESTAMP('2021-01-27 17:30:42','YYYY-MM-DD HH24:MI:SS'),UpdatedBy=100 WHERE AD_Field_ID=1128031
;

-- 27 de jan de 2021 17:30:42 BRT
UPDATE AD_Field SET SeqNo=570, AD_Reference_Value_ID=NULL, AD_Val_Rule_ID=NULL, ColumnSpan=1, IsToolbarButton=NULL,Updated=TO_TIMESTAMP('2021-01-27 17:30:42','YYYY-MM-DD HH24:MI:SS'),UpdatedBy=100 WHERE AD_Field_ID=1128022
;

-- 27 de jan de 2021 17:30:42 BRT
UPDATE AD_Field SET SeqNo=590, AD_Reference_Value_ID=NULL, AD_Val_Rule_ID=NULL, ColumnSpan=1, IsToolbarButton=NULL,Updated=TO_TIMESTAMP('2021-01-27 17:30:42','YYYY-MM-DD HH24:MI:SS'),UpdatedBy=100 WHERE AD_Field_ID=1128035
;

-- 27 de jan de 2021 17:31:34 BRT
INSERT INTO AD_Column (AD_Column_ID,Version,Name,Description,Help,AD_Table_ID,ColumnName,FieldLength,IsKey,IsParent,IsMandatory,IsTranslated,IsIdentifier,SeqNo,IsEncrypted,AD_Reference_ID,AD_Client_ID,AD_Org_ID,IsActive,Created,CreatedBy,Updated,UpdatedBy,AD_Element_ID,IsUpdateable,IsSelectionColumn,EntityType,IsSyncDatabase,IsAlwaysUpdateable,IsAutocomplete,IsAllowLogging,AD_Column_UU,IsAllowCopy,SeqNoSelection,IsToolbarButton,IsSecure,FKConstraintType,IsHtml) VALUES (1132898,0,'Qty Hour Month','Indicate Qty Work Hour in a Month','Indicate Qty Work Hour in a Month',53086,'LBR_QtyHourMonth',22,'N','N','N','N','N',0,'N',29,0,0,'Y',TO_TIMESTAMP('2021-01-27 17:31:33','YYYY-MM-DD HH24:MI:SS'),100,TO_TIMESTAMP('2021-01-27 17:31:33','YYYY-MM-DD HH24:MI:SS'),100,1123239,'Y','N','LBRA','N','N','N','Y','7dcaa718-58f5-4e49-81f1-fc9b82cf218f','Y',0,'N','N','N','N')
;

-- 27 de jan de 2021 17:31:37 BRT
ALTER TABLE HR_Employee ADD COLUMN LBR_QtyHourMonth NUMERIC DEFAULT NULL 
;

-- 27 de jan de 2021 17:31:53 BRT
INSERT INTO AD_Column (AD_Column_ID,Version,Name,Description,Help,AD_Table_ID,ColumnName,FieldLength,IsKey,IsParent,IsMandatory,IsTranslated,IsIdentifier,SeqNo,IsEncrypted,AD_Reference_ID,AD_Client_ID,AD_Org_ID,IsActive,Created,CreatedBy,Updated,UpdatedBy,AD_Element_ID,IsUpdateable,IsSelectionColumn,EntityType,IsSyncDatabase,IsAlwaysUpdateable,IsAutocomplete,IsAllowLogging,AD_Column_UU,IsAllowCopy,SeqNoSelection,IsToolbarButton,IsSecure,FKConstraintType,IsHtml) VALUES (1132899,0,'Qty Hour Week','Indicate Qty Work Hour in a Week','Indicate Qty Work Hour in a Week',53086,'LBR_QtyHourWeek',22,'N','N','N','N','N',0,'N',29,0,0,'Y',TO_TIMESTAMP('2021-01-27 17:31:53','YYYY-MM-DD HH24:MI:SS'),100,TO_TIMESTAMP('2021-01-27 17:31:53','YYYY-MM-DD HH24:MI:SS'),100,1123240,'Y','N','LBRA','N','N','N','Y','b1156f77-f6f5-4669-a985-b385b36ab83a','Y',0,'N','N','N','N')
;

-- 27 de jan de 2021 17:31:56 BRT
ALTER TABLE HR_Employee ADD COLUMN LBR_QtyHourWeek NUMERIC DEFAULT NULL 
;

-- 27 de jan de 2021 17:32:19 BRT
INSERT INTO AD_Column (AD_Column_ID,Version,Name,Description,Help,AD_Table_ID,ColumnName,FieldLength,IsKey,IsParent,IsMandatory,IsTranslated,IsIdentifier,SeqNo,IsEncrypted,AD_Reference_ID,AD_Client_ID,AD_Org_ID,IsActive,Created,CreatedBy,Updated,UpdatedBy,AD_Element_ID,IsUpdateable,IsSelectionColumn,EntityType,IsSyncDatabase,IsAlwaysUpdateable,IsAutocomplete,IsAllowLogging,AD_Column_UU,IsAllowCopy,SeqNoSelection,IsToolbarButton,IsSecure,FKConstraintType,IsHtml) VALUES (1132900,0,'Qty Hour Day','Indicate Qty Work Hour in a Day','Indicate Qty Work Hour in a Day',53086,'LBR_QtyHourDay',22,'N','N','N','N','N',0,'N',29,0,0,'Y',TO_TIMESTAMP('2021-01-27 17:32:19','YYYY-MM-DD HH24:MI:SS'),100,TO_TIMESTAMP('2021-01-27 17:32:19','YYYY-MM-DD HH24:MI:SS'),100,1123241,'Y','N','LBRA','N','N','N','Y','8109e98a-a3c7-426f-b480-b8f3efc297c6','Y',0,'N','N','N','N')
;

-- 27 de jan de 2021 17:32:22 BRT
ALTER TABLE HR_Employee ADD COLUMN LBR_QtyHourDay NUMERIC DEFAULT NULL 
;

-- 27 de jan de 2021 17:32:56 BRT
INSERT INTO AD_Field (AD_Field_ID,Name,Description,Help,AD_Tab_ID,AD_Column_ID,IsDisplayed,DisplayLength,SeqNo,SortNo,IsSameLine,IsHeading,IsFieldOnly,IsEncrypted,AD_Client_ID,AD_Org_ID,IsActive,Created,CreatedBy,Updated,UpdatedBy,IsReadOnly,IsCentrallyMaintained,EntityType,AD_Field_UU,IsDisplayedGrid,SeqNoGrid,XPosition,ColumnSpan,NumLines,IsQuickEntry,IsDefaultFocus,IsAdvancedField) VALUES (1130265,'Qty Hour Month','Indicate Qty Work Hour in a Month','Indicate Qty Work Hour in a Month',53102,1132898,'Y',0,630,0,'N','N','N','N',0,0,'Y',TO_TIMESTAMP('2021-01-27 17:32:56','YYYY-MM-DD HH24:MI:SS'),100,TO_TIMESTAMP('2021-01-27 17:32:56','YYYY-MM-DD HH24:MI:SS'),100,'N','Y','LBRA','6b7eda62-f519-4262-9068-0bc5faac58bf','Y',241,1,1,1,'N','N','N')
;

-- 27 de jan de 2021 17:33:18 BRT
INSERT INTO AD_Field (AD_Field_ID,Name,Description,Help,AD_Tab_ID,AD_Column_ID,IsDisplayed,DisplayLength,SeqNo,SortNo,IsSameLine,IsHeading,IsFieldOnly,IsEncrypted,AD_Client_ID,AD_Org_ID,IsActive,Created,CreatedBy,Updated,UpdatedBy,IsReadOnly,IsCentrallyMaintained,EntityType,AD_Field_UU,IsDisplayedGrid,SeqNoGrid,XPosition,ColumnSpan,NumLines,IsQuickEntry,IsDefaultFocus,IsAdvancedField) VALUES (1130266,'Qty Hour Week','Indicate Qty Work Hour in a Week','Indicate Qty Work Hour in a Week',53102,1132899,'Y',0,640,0,'N','N','N','N',0,0,'Y',TO_TIMESTAMP('2021-01-27 17:33:17','YYYY-MM-DD HH24:MI:SS'),100,TO_TIMESTAMP('2021-01-27 17:33:17','YYYY-MM-DD HH24:MI:SS'),100,'N','Y','LBRA','49c90785-3676-464d-bd13-d1d27af98d32','Y',241,1,1,1,'N','N','N')
;

-- 27 de jan de 2021 17:33:24 BRT
INSERT INTO AD_Field (AD_Field_ID,Name,Description,Help,AD_Tab_ID,AD_Column_ID,IsDisplayed,DisplayLength,SeqNo,SortNo,IsSameLine,IsHeading,IsFieldOnly,IsEncrypted,AD_Client_ID,AD_Org_ID,IsActive,Created,CreatedBy,Updated,UpdatedBy,IsReadOnly,IsCentrallyMaintained,EntityType,AD_Field_UU,IsDisplayedGrid,SeqNoGrid,XPosition,ColumnSpan,NumLines,IsQuickEntry,IsDefaultFocus,IsAdvancedField) VALUES (1130267,'Qty Hour Day','Indicate Qty Work Hour in a Day','Indicate Qty Work Hour in a Day',53102,1132900,'Y',0,650,0,'N','N','N','N',0,0,'Y',TO_TIMESTAMP('2021-01-27 17:33:23','YYYY-MM-DD HH24:MI:SS'),100,TO_TIMESTAMP('2021-01-27 17:33:23','YYYY-MM-DD HH24:MI:SS'),100,'N','Y','LBRA','c8bca9ba-774d-47e6-9902-ac7ca2786194','Y',241,1,1,1,'N','N','N')
;

-- 27 de jan de 2021 17:34:54 BRT
UPDATE AD_Field SET SeqNo=620, AD_Reference_Value_ID=NULL, AD_Val_Rule_ID=NULL, ColumnSpan=2, IsToolbarButton=NULL,Updated=TO_TIMESTAMP('2021-01-27 17:34:54','YYYY-MM-DD HH24:MI:SS'),UpdatedBy=100 WHERE AD_Field_ID=1130219
;

-- 27 de jan de 2021 17:34:55 BRT
UPDATE AD_Field SET IsDisplayed='Y', SeqNo=640, AD_Reference_Value_ID=NULL, AD_Val_Rule_ID=NULL, XPosition=3, IsToolbarButton=NULL,Updated=TO_TIMESTAMP('2021-01-27 17:34:54','YYYY-MM-DD HH24:MI:SS'),UpdatedBy=100 WHERE AD_Field_ID=1130266
;

-- 27 de jan de 2021 17:34:55 BRT
UPDATE AD_Field SET IsDisplayed='Y', SeqNo=650, AD_Reference_Value_ID=NULL, AD_Val_Rule_ID=NULL, XPosition=5, IsToolbarButton=NULL,Updated=TO_TIMESTAMP('2021-01-27 17:34:55','YYYY-MM-DD HH24:MI:SS'),UpdatedBy=100 WHERE AD_Field_ID=1130267
;

-- I forgot to set the DICTIONARY_ID_COMMENTS System Configurator
-- 28 de jan de 2021 11:01:08 BRT
UPDATE AD_Field SET SeqNo=80, AD_Reference_Value_ID=NULL, AD_Val_Rule_ID=NULL, IsToolbarButton=NULL,Updated=TO_TIMESTAMP('2021-01-28 11:01:08','YYYY-MM-DD HH24:MI:SS'),UpdatedBy=100 WHERE AD_Field_ID=1128033
;

-- 28 de jan de 2021 11:01:08 BRT
UPDATE AD_Field SET SeqNo=100, AD_Reference_Value_ID=NULL, AD_Val_Rule_ID=NULL, IsToolbarButton=NULL,Updated=TO_TIMESTAMP('2021-01-28 11:01:08','YYYY-MM-DD HH24:MI:SS'),UpdatedBy=100 WHERE AD_Field_ID=1128168
;

-- 28 de jan de 2021 11:01:08 BRT
UPDATE AD_Field SET SeqNo=130, AD_Reference_Value_ID=NULL, AD_Val_Rule_ID=NULL, ColumnSpan=1, IsToolbarButton=NULL,Updated=TO_TIMESTAMP('2021-01-28 11:01:08','YYYY-MM-DD HH24:MI:SS'),UpdatedBy=100 WHERE AD_Field_ID=1128037
;

-- 28 de jan de 2021 11:01:08 BRT
UPDATE AD_Field SET SeqNo=140, AD_Reference_Value_ID=NULL, AD_Val_Rule_ID=NULL, ColumnSpan=1, IsToolbarButton=NULL,Updated=TO_TIMESTAMP('2021-01-28 11:01:08','YYYY-MM-DD HH24:MI:SS'),UpdatedBy=100 WHERE AD_Field_ID=1128010
;

-- 28 de jan de 2021 11:01:08 BRT
UPDATE AD_Field SET SeqNo=160, AD_Reference_Value_ID=NULL, AD_Val_Rule_ID=NULL, ColumnSpan=1, IsToolbarButton=NULL,Updated=TO_TIMESTAMP('2021-01-28 11:01:08','YYYY-MM-DD HH24:MI:SS'),UpdatedBy=100 WHERE AD_Field_ID=1128013
;

-- 28 de jan de 2021 11:01:08 BRT
UPDATE AD_Field SET SeqNo=170, AD_Reference_Value_ID=NULL, AD_Val_Rule_ID=NULL, ColumnSpan=1, IsToolbarButton=NULL,Updated=TO_TIMESTAMP('2021-01-28 11:01:08','YYYY-MM-DD HH24:MI:SS'),UpdatedBy=100 WHERE AD_Field_ID=1128034
;

-- 28 de jan de 2021 11:01:08 BRT
UPDATE AD_Field SET SeqNo=180, AD_Reference_Value_ID=NULL, AD_Val_Rule_ID=NULL, ColumnSpan=1, IsToolbarButton=NULL,Updated=TO_TIMESTAMP('2021-01-28 11:01:08','YYYY-MM-DD HH24:MI:SS'),UpdatedBy=100 WHERE AD_Field_ID=1128015
;

-- 28 de jan de 2021 11:01:08 BRT
UPDATE AD_Field SET SeqNo=190, AD_Reference_Value_ID=NULL, AD_Val_Rule_ID=NULL, ColumnSpan=1, IsToolbarButton=NULL,Updated=TO_TIMESTAMP('2021-01-28 11:01:08','YYYY-MM-DD HH24:MI:SS'),UpdatedBy=100 WHERE AD_Field_ID=1128030
;

-- 28 de jan de 2021 11:01:08 BRT
UPDATE AD_Field SET SeqNo=200, AD_Reference_Value_ID=NULL, AD_Val_Rule_ID=NULL, ColumnSpan=1, IsToolbarButton=NULL,Updated=TO_TIMESTAMP('2021-01-28 11:01:08','YYYY-MM-DD HH24:MI:SS'),UpdatedBy=100 WHERE AD_Field_ID=1128026
;

-- 28 de jan de 2021 11:01:08 BRT
UPDATE AD_Field SET IsDisplayed='Y', SeqNo=450, AD_Reference_Value_ID=NULL, AD_Val_Rule_ID=NULL, XPosition=6, IsToolbarButton=NULL,Updated=TO_TIMESTAMP('2021-01-28 11:01:08','YYYY-MM-DD HH24:MI:SS'),UpdatedBy=100 WHERE AD_Field_ID=1130207
;

-- 28 de jan de 2021 11:01:08 BRT
UPDATE AD_Field SET SeqNo=460, AD_Reference_Value_ID=NULL, AD_Val_Rule_ID=NULL, IsToolbarButton=NULL,Updated=TO_TIMESTAMP('2021-01-28 11:01:08','YYYY-MM-DD HH24:MI:SS'),UpdatedBy=100 WHERE AD_Field_ID=54786
;

-- 28 de jan de 2021 11:01:08 BRT
UPDATE AD_Field SET SeqNo=470, AD_Reference_Value_ID=NULL, AD_Val_Rule_ID=NULL, IsToolbarButton=NULL,Updated=TO_TIMESTAMP('2021-01-28 11:01:08','YYYY-MM-DD HH24:MI:SS'),UpdatedBy=100 WHERE AD_Field_ID=54787
;

-- 28 de jan de 2021 11:01:08 BRT
UPDATE AD_Field SET SeqNo=480, AD_Reference_Value_ID=NULL, AD_Val_Rule_ID=NULL, IsToolbarButton=NULL,Updated=TO_TIMESTAMP('2021-01-28 11:01:08','YYYY-MM-DD HH24:MI:SS'),UpdatedBy=100 WHERE AD_Field_ID=1128012
;

-- 28 de jan de 2021 11:01:08 BRT
UPDATE AD_Field SET SeqNo=490, AD_Reference_Value_ID=NULL, AD_Val_Rule_ID=NULL, IsToolbarButton=NULL,Updated=TO_TIMESTAMP('2021-01-28 11:01:08','YYYY-MM-DD HH24:MI:SS'),UpdatedBy=100 WHERE AD_Field_ID=1128039
;

-- 28 de jan de 2021 11:01:08 BRT
UPDATE AD_Field SET SeqNo=500, AD_Reference_Value_ID=NULL, AD_Val_Rule_ID=NULL, IsToolbarButton=NULL,Updated=TO_TIMESTAMP('2021-01-28 11:01:08','YYYY-MM-DD HH24:MI:SS'),UpdatedBy=100 WHERE AD_Field_ID=1130217
;

-- 28 de jan de 2021 11:01:08 BRT
UPDATE AD_Field SET SeqNo=510, AD_Reference_Value_ID=NULL, AD_Val_Rule_ID=NULL, IsToolbarButton=NULL,Updated=TO_TIMESTAMP('2021-01-28 11:01:08','YYYY-MM-DD HH24:MI:SS'),UpdatedBy=100 WHERE AD_Field_ID=1130215
;

-- 28 de jan de 2021 11:01:08 BRT
UPDATE AD_Field SET SeqNo=520, AD_Reference_Value_ID=NULL, AD_Val_Rule_ID=NULL, IsToolbarButton=NULL,Updated=TO_TIMESTAMP('2021-01-28 11:01:08','YYYY-MM-DD HH24:MI:SS'),UpdatedBy=100 WHERE AD_Field_ID=1128028
;

-- 28 de jan de 2021 11:01:08 BRT
UPDATE AD_Field SET SeqNo=530, AD_Reference_Value_ID=NULL, AD_Val_Rule_ID=NULL, IsToolbarButton=NULL,Updated=TO_TIMESTAMP('2021-01-28 11:01:08','YYYY-MM-DD HH24:MI:SS'),UpdatedBy=100 WHERE AD_Field_ID=1128029
;

-- 28 de jan de 2021 11:01:08 BRT
UPDATE AD_Field SET IsDisplayed='Y', SeqNo=540, AD_Reference_Value_ID=NULL, AD_Val_Rule_ID=NULL, XPosition=1, ColumnSpan=1, IsToolbarButton=NULL,Updated=TO_TIMESTAMP('2021-01-28 11:01:08','YYYY-MM-DD HH24:MI:SS'),UpdatedBy=100 WHERE AD_Field_ID=54788
;

-- 28 de jan de 2021 11:01:08 BRT
UPDATE AD_Field SET SeqNo=550, AD_Reference_Value_ID=NULL, AD_Val_Rule_ID=NULL, IsToolbarButton=NULL,Updated=TO_TIMESTAMP('2021-01-28 11:01:08','YYYY-MM-DD HH24:MI:SS'),UpdatedBy=100 WHERE AD_Field_ID=1128018
;

-- 28 de jan de 2021 11:01:08 BRT
UPDATE AD_Field SET SeqNo=560, AD_Reference_Value_ID=NULL, AD_Val_Rule_ID=NULL, IsToolbarButton=NULL,Updated=TO_TIMESTAMP('2021-01-28 11:01:08','YYYY-MM-DD HH24:MI:SS'),UpdatedBy=100 WHERE AD_Field_ID=1128017
;

-- 28 de jan de 2021 11:01:08 BRT
UPDATE AD_Field SET SeqNo=570, AD_Reference_Value_ID=NULL, AD_Val_Rule_ID=NULL, ColumnSpan=1, IsToolbarButton=NULL,Updated=TO_TIMESTAMP('2021-01-28 11:01:08','YYYY-MM-DD HH24:MI:SS'),UpdatedBy=100 WHERE AD_Field_ID=1128021
;

-- 28 de jan de 2021 11:01:08 BRT
UPDATE AD_Field SET SeqNo=580, AD_Reference_Value_ID=NULL, AD_Val_Rule_ID=NULL, IsToolbarButton=NULL,Updated=TO_TIMESTAMP('2021-01-28 11:01:08','YYYY-MM-DD HH24:MI:SS'),UpdatedBy=100 WHERE AD_Field_ID=1128022
;

-- 28 de jan de 2021 11:01:08 BRT
UPDATE AD_Field SET SeqNo=590, AD_Reference_Value_ID=NULL, AD_Val_Rule_ID=NULL, IsToolbarButton=NULL,Updated=TO_TIMESTAMP('2021-01-28 11:01:08','YYYY-MM-DD HH24:MI:SS'),UpdatedBy=100 WHERE AD_Field_ID=1128023
;

-- 28 de jan de 2021 11:01:08 BRT
UPDATE AD_Field SET SeqNo=600, AD_Reference_Value_ID=NULL, AD_Val_Rule_ID=NULL, IsToolbarButton=NULL,Updated=TO_TIMESTAMP('2021-01-28 11:01:08','YYYY-MM-DD HH24:MI:SS'),UpdatedBy=100 WHERE AD_Field_ID=1128035
;

-- 28 de jan de 2021 11:01:09 BRT
UPDATE AD_Field SET SeqNo=610, AD_Reference_Value_ID=NULL, AD_Val_Rule_ID=NULL, IsToolbarButton=NULL,Updated=TO_TIMESTAMP('2021-01-28 11:01:09','YYYY-MM-DD HH24:MI:SS'),UpdatedBy=100 WHERE AD_Field_ID=1128036
;

-- 28 de jan de 2021 11:01:09 BRT
UPDATE AD_Field SET SeqNo=620, AD_Reference_Value_ID=NULL, AD_Val_Rule_ID=NULL, IsToolbarButton=NULL,Updated=TO_TIMESTAMP('2021-01-28 11:01:09','YYYY-MM-DD HH24:MI:SS'),UpdatedBy=100 WHERE AD_Field_ID=1130265
;

-- 28 de jan de 2021 11:01:09 BRT
UPDATE AD_Field SET SeqNo=630, AD_Reference_Value_ID=NULL, AD_Val_Rule_ID=NULL, IsToolbarButton=NULL,Updated=TO_TIMESTAMP('2021-01-28 11:01:09','YYYY-MM-DD HH24:MI:SS'),UpdatedBy=100 WHERE AD_Field_ID=1130266
;

-- 28 de jan de 2021 11:01:09 BRT
UPDATE AD_Field SET SeqNo=640, AD_Reference_Value_ID=NULL, AD_Val_Rule_ID=NULL, IsToolbarButton=NULL,Updated=TO_TIMESTAMP('2021-01-28 11:01:09','YYYY-MM-DD HH24:MI:SS'),UpdatedBy=100 WHERE AD_Field_ID=1130267
;

-- 28 de jan de 2021 11:07:06 BRT
UPDATE AD_Field SET IsDisplayed='Y', SeqNo=80, AD_Reference_Value_ID=NULL, AD_Val_Rule_ID=NULL, XPosition=5, IsToolbarButton=NULL,Updated=TO_TIMESTAMP('2021-01-28 11:07:06','YYYY-MM-DD HH24:MI:SS'),UpdatedBy=100 WHERE AD_Field_ID=1128128
;

-- 28 de jan de 2021 11:07:06 BRT
UPDATE AD_Field SET SeqNo=90, AD_Reference_Value_ID=NULL, AD_Val_Rule_ID=NULL, IsToolbarButton=NULL,Updated=TO_TIMESTAMP('2021-01-28 11:07:06','YYYY-MM-DD HH24:MI:SS'),UpdatedBy=100 WHERE AD_Field_ID=1128033
;

-- 28 de jan de 2021 11:07:06 BRT
UPDATE AD_Field SET SeqNo=100, AD_Reference_Value_ID=NULL, AD_Val_Rule_ID=NULL, IsToolbarButton=NULL,Updated=TO_TIMESTAMP('2021-01-28 11:07:06','YYYY-MM-DD HH24:MI:SS'),UpdatedBy=100 WHERE AD_Field_ID=1128049
;

-- 28 de jan de 2021 11:07:06 BRT
UPDATE AD_Field SET SeqNo=110, AD_Reference_Value_ID=NULL, AD_Val_Rule_ID=NULL, IsToolbarButton=NULL,Updated=TO_TIMESTAMP('2021-01-28 11:07:06','YYYY-MM-DD HH24:MI:SS'),UpdatedBy=100 WHERE AD_Field_ID=1128168
;

-- I forgot to set the DICTIONARY_ID_COMMENTS System Configurator
-- 28 de jan de 2021 12:05:32 BRT
INSERT INTO t_alter_column values('hr_employee','LBR_HasIntellectualDisability','CHAR(1)',null,'N')
;

-- 28 de jan de 2021 12:05:32 BRT
UPDATE HR_Employee SET LBR_HasIntellectualDisability='N' WHERE LBR_HasIntellectualDisability IS NULL
;

-- 28 de jan de 2021 12:05:47 BRT
ALTER TABLE HR_Employee ADD COLUMN LBR_HasMentallyDisability CHAR(1) DEFAULT 'N' CHECK (LBR_HasMentallyDisability IN ('Y','N')) NOT NULL
;
-- 28 de jan de 2021 12:28:33 BRT
INSERT INTO AD_Window (AD_Window_ID,Name,AD_Client_ID,AD_Org_ID,IsActive,Created,CreatedBy,Updated,UpdatedBy,WindowType,Processing,EntityType,IsSOTrx,IsDefault,WinHeight,WinWidth,IsBetaFunctionality,AD_Window_UU) VALUES (1120176,'Work Period',0,0,'Y',TO_TIMESTAMP('2021-01-28 12:28:33','YYYY-MM-DD HH24:MI:SS'),100,TO_TIMESTAMP('2021-01-28 12:28:33','YYYY-MM-DD HH24:MI:SS'),100,'M','N','LBRA','Y','N',0,0,'N','3e2229c1-92a7-45dc-95aa-709ee20ea88a')
;

-- 28 de jan de 2021 12:29:09 BRT
INSERT INTO AD_Menu (AD_Menu_ID,Name,"action",AD_Window_ID,AD_Client_ID,AD_Org_ID,IsActive,Created,CreatedBy,Updated,UpdatedBy,IsSummary,IsSOTrx,IsReadOnly,EntityType,IsCentrallyMaintained,AD_Menu_UU) VALUES (1120379,'Work Period','W',1120176,0,0,'Y',TO_TIMESTAMP('2021-01-28 12:29:09','YYYY-MM-DD HH24:MI:SS'),100,TO_TIMESTAMP('2021-01-28 12:29:09','YYYY-MM-DD HH24:MI:SS'),100,'N','N','N','LBRA','Y','2c010998-7687-4bdc-a310-1f47aeb3fb6d')
;

-- 28 de jan de 2021 12:29:09 BRT
INSERT INTO AD_TreeNodeMM (AD_Client_ID,AD_Org_ID, IsActive,Created,CreatedBy,Updated,UpdatedBy, AD_Tree_ID, Node_ID, Parent_ID, SeqNo, AD_TreeNodeMM_UU) SELECT t.AD_Client_ID, 0, 'Y', statement_timestamp(), 100, statement_timestamp(), 100,t.AD_Tree_ID, 1120379, 0, 999, Generate_UUID() FROM AD_Tree t WHERE t.AD_Client_ID=0 AND t.IsActive='Y' AND t.IsAllNodes='Y' AND t.TreeType='MM' AND NOT EXISTS (SELECT * FROM AD_TreeNodeMM e WHERE e.AD_Tree_ID=t.AD_Tree_ID AND Node_ID=1120379)
;

-- 27 de jan de 2021 16:11:15 BRT
INSERT INTO AD_Tab (AD_Tab_ID,Name,AD_Window_ID,SeqNo,IsSingleRow,AD_Table_ID,AD_Client_ID,AD_Org_ID,IsActive,Created,CreatedBy,Updated,UpdatedBy,HasTree,IsInfoTab,IsTranslationTab,IsReadOnly,Processing,ImportFields,TabLevel,IsSortTab,EntityType,IsInsertRecord,IsAdvancedTab,AD_Tab_UU,TreeDisplayedOn) VALUES (1120418,'Work Period',1120176,120,'Y',1120713,0,0,'Y',TO_TIMESTAMP('2021-01-27 16:11:15','YYYY-MM-DD HH24:MI:SS'),100,TO_TIMESTAMP('2021-01-27 16:11:15','YYYY-MM-DD HH24:MI:SS'),100,'N','N','N','N','N','N',2,'N','LBRA','Y','N','1ad90d69-7c12-4b44-b3f6-67149178da36','B')
;

-- 27 de jan de 2021 16:12:34 BRT
UPDATE AD_Tab SET SeqNo=62,Updated=TO_TIMESTAMP('2021-01-27 16:12:34','YYYY-MM-DD HH24:MI:SS'),UpdatedBy=100 WHERE AD_Tab_ID=1120418
;

-- 27 de jan de 2021 16:14:11 BRT
INSERT INTO AD_Field (AD_Field_ID,Name,AD_Tab_ID,AD_Column_ID,IsDisplayed,DisplayLength,SeqNo,IsSameLine,IsHeading,IsFieldOnly,IsEncrypted,AD_Client_ID,AD_Org_ID,IsActive,Created,CreatedBy,Updated,UpdatedBy,IsReadOnly,IsCentrallyMaintained,EntityType,AD_Field_UU,IsDisplayedGrid,SeqNoGrid,ColumnSpan) VALUES (1130243,'Special Period Type',1120418,1132882,'Y',1,10,'N','N','N','N',0,0,'Y',TO_TIMESTAMP('2021-01-27 16:14:11','YYYY-MM-DD HH24:MI:SS'),100,TO_TIMESTAMP('2021-01-27 16:14:11','YYYY-MM-DD HH24:MI:SS'),100,'N','Y','LBRA','d1e2b646-5d32-4de5-9064-9561face9124','Y',10,2)
;

-- 27 de jan de 2021 16:26:19 BRT
INSERT INTO AD_Field (AD_Field_ID,Name,Description,Help,AD_Tab_ID,AD_Column_ID,IsDisplayed,DisplayLength,SeqNo,SortNo,IsSameLine,IsHeading,IsFieldOnly,IsEncrypted,AD_Client_ID,AD_Org_ID,IsActive,Created,CreatedBy,Updated,UpdatedBy,IsReadOnly,IsCentrallyMaintained,EntityType,AD_Field_UU,IsDisplayedGrid,SeqNoGrid,XPosition,ColumnSpan,NumLines,IsQuickEntry,IsDefaultFocus,IsAdvancedField) VALUES (1130250,'Client','Client/Tenant for this installation.','A Client is a company or a legal entity. You cannot share data between Clients. Tenant is a synonym for Client.',1120418,1132867,'Y',0,20,0,'N','N','N','N',0,0,'Y',TO_TIMESTAMP('2021-01-27 16:26:19','YYYY-MM-DD HH24:MI:SS'),100,TO_TIMESTAMP('2021-01-27 16:26:19','YYYY-MM-DD HH24:MI:SS'),100,'N','Y','LBRA','887fb4f7-994e-4973-a4e4-a872b3c3b9d6','Y',20,1,1,1,'N','N','N')
;

-- 27 de jan de 2021 16:26:28 BRT
INSERT INTO AD_Field (AD_Field_ID,Name,Description,Help,AD_Tab_ID,AD_Column_ID,IsDisplayed,DisplayLength,SeqNo,SortNo,IsSameLine,IsHeading,IsFieldOnly,IsEncrypted,AD_Client_ID,AD_Org_ID,IsActive,Created,CreatedBy,Updated,UpdatedBy,IsReadOnly,IsCentrallyMaintained,EntityType,AD_Field_UU,IsAllowCopy,IsDisplayedGrid,SeqNoGrid,XPosition,ColumnSpan,NumLines,IsQuickEntry,IsDefaultFocus,IsAdvancedField) VALUES (1130251,'Organization','Organizational entity within client','An organization is a unit of your client or legal entity - examples are store, department. You can share data between organizations.',1120418,1132868,'Y',0,30,0,'N','N','N','N',0,0,'Y',TO_TIMESTAMP('2021-01-27 16:26:28','YYYY-MM-DD HH24:MI:SS'),100,TO_TIMESTAMP('2021-01-27 16:26:28','YYYY-MM-DD HH24:MI:SS'),100,'N','Y','LBRA','7116ac78-6eee-407b-aed1-9b1ad26b7de4','Y','Y',30,1,1,1,'N','N','N')
;

-- 27 de jan de 2021 16:26:35 BRT
INSERT INTO AD_Field (AD_Field_ID,Name,Description,Help,AD_Tab_ID,AD_Column_ID,IsDisplayed,DisplayLength,SeqNo,SortNo,IsSameLine,IsHeading,IsFieldOnly,IsEncrypted,AD_Client_ID,AD_Org_ID,IsActive,Created,CreatedBy,Updated,UpdatedBy,IsReadOnly,IsCentrallyMaintained,EntityType,AD_Field_UU,IsDisplayedGrid,SeqNoGrid,XPosition,ColumnSpan,NumLines,IsQuickEntry,IsDefaultFocus,IsAdvancedField) VALUES (1130252,'Active','The record is active in the system','There are two methods of making records unavailable in the system: One is to delete the record, the other is to de-activate the record. A de-activated record is not available for selection, but available for reports.
There are two reasons for de-activating and not deleting records:
(1) The system requires the record for audit purposes.
(2) The record is referenced by other records. E.g., you cannot delete a Business Partner, if there are invoices for this partner record existing. You de-activate the Business Partner and prevent that this record is used for future entries.',1120418,1132874,'Y',0,40,0,'N','N','N','N',0,0,'Y',TO_TIMESTAMP('2021-01-27 16:26:35','YYYY-MM-DD HH24:MI:SS'),100,TO_TIMESTAMP('2021-01-27 16:26:35','YYYY-MM-DD HH24:MI:SS'),100,'N','Y','LBRA','5f9f1d16-ebd3-4a8a-817a-c06c3b5befe2','Y',40,1,1,1,'N','N','N')
;

-- 27 de jan de 2021 16:26:50 BRT
INSERT INTO AD_Field (AD_Field_ID,Name,Description,Help,AD_Tab_ID,AD_Column_ID,IsDisplayed,DisplayLength,SeqNo,SortNo,IsSameLine,IsHeading,IsFieldOnly,IsEncrypted,AD_Client_ID,AD_Org_ID,IsActive,Created,CreatedBy,Updated,UpdatedBy,IsReadOnly,IsCentrallyMaintained,EntityType,AD_Field_UU,IsDisplayedGrid,SeqNoGrid,XPosition,ColumnSpan,NumLines,IsQuickEntry,IsDefaultFocus,IsAdvancedField) VALUES (1130253,'Description','Optional short description of the record','A description is limited to 255 characters.',1120418,1132880,'Y',0,50,0,'N','N','N','N',0,0,'Y',TO_TIMESTAMP('2021-01-27 16:26:50','YYYY-MM-DD HH24:MI:SS'),100,TO_TIMESTAMP('2021-01-27 16:26:50','YYYY-MM-DD HH24:MI:SS'),100,'N','Y','LBRA','53fb9270-40ad-47b4-bc3f-695c3a4da4fe','Y',50,1,1,1,'N','N','N')
;

-- 27 de jan de 2021 16:27:04 BRT
INSERT INTO AD_Field (AD_Field_ID,Name,AD_Tab_ID,AD_Column_ID,IsDisplayed,DisplayLength,SeqNo,SortNo,IsSameLine,IsHeading,IsFieldOnly,IsEncrypted,AD_Client_ID,AD_Org_ID,IsActive,Created,CreatedBy,Updated,UpdatedBy,IsReadOnly,IsCentrallyMaintained,EntityType,AD_Field_UU,IsDisplayedGrid,SeqNoGrid,XPosition,ColumnSpan,NumLines,IsQuickEntry,IsDefaultFocus,IsAdvancedField) VALUES (1130254,'Work Period',1120418,1132870,'Y',0,60,0,'N','N','N','N',0,0,'Y',TO_TIMESTAMP('2021-01-27 16:27:03','YYYY-MM-DD HH24:MI:SS'),100,TO_TIMESTAMP('2021-01-27 16:27:03','YYYY-MM-DD HH24:MI:SS'),100,'N','Y','LBRA','bc797db5-438c-441a-bcda-79c49b3c8b4a','Y',60,1,1,1,'N','N','N')
;

-- 27 de jan de 2021 16:27:22 BRT
INSERT INTO AD_Field (AD_Field_ID,Name,AD_Tab_ID,AD_Column_ID,IsDisplayed,DisplayLength,SeqNo,SortNo,IsSameLine,IsHeading,IsFieldOnly,IsEncrypted,AD_Client_ID,AD_Org_ID,IsActive,Created,CreatedBy,Updated,UpdatedBy,IsReadOnly,IsCentrallyMaintained,EntityType,AD_Field_UU,IsDisplayedGrid,SeqNoGrid,XPosition,ColumnSpan,NumLines,IsQuickEntry,IsDefaultFocus,IsAdvancedField) VALUES (1130255,'Work Period Type',1120418,1132881,'Y',0,70,0,'N','N','N','N',0,0,'Y',TO_TIMESTAMP('2021-01-27 16:27:21','YYYY-MM-DD HH24:MI:SS'),100,TO_TIMESTAMP('2021-01-27 16:27:21','YYYY-MM-DD HH24:MI:SS'),100,'N','Y','LBRA','ac3a96d6-3afc-4b73-8e52-d29c7834b415','Y',70,1,1,1,'N','N','N')
;


-- 27 de jan de 2021 16:28:02 BRT
INSERT INTO AD_Field (AD_Field_ID,Name,Description,Help,AD_Tab_ID,AD_Column_ID,IsDisplayed,DisplayLength,SeqNo,SortNo,IsSameLine,IsHeading,IsFieldOnly,IsEncrypted,AD_Client_ID,AD_Org_ID,IsActive,Created,CreatedBy,Updated,UpdatedBy,IsReadOnly,IsCentrallyMaintained,EntityType,AD_Field_UU,IsDisplayedGrid,SeqNoGrid,XPosition,ColumnSpan,NumLines,IsQuickEntry,IsDefaultFocus,IsAdvancedField) VALUES (1130257,'Name','Alphanumeric identifier of the entity','The name of an entity (record) is used as an default search option in addition to the search key. The name is up to 60 characters in length.',1120418,1132878,'Y',0,80,0,'N','N','N','N',0,0,'Y',TO_TIMESTAMP('2021-01-27 16:28:01','YYYY-MM-DD HH24:MI:SS'),100,TO_TIMESTAMP('2021-01-27 16:28:01','YYYY-MM-DD HH24:MI:SS'),100,'N','Y','LBRA','8eaffff7-a2a0-4091-ba38-9b15d6da8cc4','Y',80,1,1,1,'N','N','N')
;

-- 27 de jan de 2021 16:28:12 BRT
INSERT INTO AD_Field (AD_Field_ID,Name,Description,Help,AD_Tab_ID,AD_Column_ID,IsDisplayed,DisplayLength,SeqNo,SortNo,IsSameLine,IsHeading,IsFieldOnly,IsEncrypted,AD_Client_ID,AD_Org_ID,IsActive,Created,CreatedBy,Updated,UpdatedBy,IsReadOnly,IsCentrallyMaintained,EntityType,AD_Field_UU,IsDisplayedGrid,SeqNoGrid,XPosition,ColumnSpan,NumLines,IsQuickEntry,IsDefaultFocus,IsAdvancedField) VALUES (1130258,'Start Date','First effective day (inclusive)','The Start Date indicates the first or starting date',1120418,1132879,'Y',0,90,0,'N','N','N','N',0,0,'Y',TO_TIMESTAMP('2021-01-27 16:28:12','YYYY-MM-DD HH24:MI:SS'),100,TO_TIMESTAMP('2021-01-27 16:28:12','YYYY-MM-DD HH24:MI:SS'),100,'N','Y','LBRA','ec07a28b-d3e4-4947-afa9-2277a647c7ed','Y',90,1,1,1,'N','N','N')
;

-- 27 de jan de 2021 16:28:21 BRT
INSERT INTO AD_Field (AD_Field_ID,Name,Description,Help,AD_Tab_ID,AD_Column_ID,IsDisplayed,DisplayLength,SeqNo,SortNo,IsSameLine,IsHeading,IsFieldOnly,IsEncrypted,AD_Client_ID,AD_Org_ID,IsActive,Created,CreatedBy,Updated,UpdatedBy,IsReadOnly,IsCentrallyMaintained,EntityType,AD_Field_UU,IsDisplayedGrid,SeqNoGrid,XPosition,ColumnSpan,NumLines,IsQuickEntry,IsDefaultFocus,IsAdvancedField) VALUES (1130259,'Search Key','Search key for the record in the format required - must be unique','A search key allows you a fast method of finding a particular record.
If you leave the search key empty, the system automatically creates a numeric number.  The document sequence used for this fallback number is defined in the "Maintain Sequence" window with the name "DocumentNo_<TableName>", where TableName is the actual name of the table (e.g. C_Order).',1120418,1132877,'Y',0,100,0,'N','N','N','N',0,0,'Y',TO_TIMESTAMP('2021-01-27 16:28:20','YYYY-MM-DD HH24:MI:SS'),100,TO_TIMESTAMP('2021-01-27 16:28:20','YYYY-MM-DD HH24:MI:SS'),100,'N','Y','LBRA','88265b74-1291-407c-acee-c636649412f7','Y',100,1,1,1,'N','N','N')
;

-- 27 de jan de 2021 16:12:10 BRT
INSERT INTO AD_Tab (AD_Tab_ID,Name,AD_Window_ID,SeqNo,IsSingleRow,AD_Table_ID,AD_Client_ID,AD_Org_ID,IsActive,Created,CreatedBy,Updated,UpdatedBy,HasTree,IsInfoTab,IsTranslationTab,IsReadOnly,Processing,ImportFields,TabLevel,IsSortTab,EntityType,IsInsertRecord,IsAdvancedTab,AD_Tab_UU,TreeDisplayedOn) VALUES (1120419,'Line WP',1120176,64,'Y',1120714,0,0,'Y',TO_TIMESTAMP('2021-01-27 16:12:10','YYYY-MM-DD HH24:MI:SS'),100,TO_TIMESTAMP('2021-01-27 16:12:10','YYYY-MM-DD HH24:MI:SS'),100,'N','N','N','N','N','N',3,'N','LBRA','Y','N','ce7776d6-609d-4d9b-a19f-631fb0f17bce','B')
;


-- 27 de jan de 2021 16:13:19 BRT
UPDATE AD_Tab SET SeqNo=63,Updated=TO_TIMESTAMP('2021-01-27 16:13:19','YYYY-MM-DD HH24:MI:SS'),UpdatedBy=100 WHERE AD_Tab_ID=1120419
;

-- 27 de jan de 2021 16:13:59 BRT
UPDATE AD_Tab SET EntityType='LBRA',Updated=TO_TIMESTAMP('2021-01-27 16:13:59','YYYY-MM-DD HH24:MI:SS'),UpdatedBy=100 WHERE AD_Tab_ID=1120419
;

-- 27 de jan de 2021 16:14:27 BRT
INSERT INTO AD_Field (AD_Field_ID,Name,Description,Help,AD_Tab_ID,AD_Column_ID,IsDisplayed,DisplayLength,SeqNo,IsSameLine,IsHeading,IsFieldOnly,IsEncrypted,AD_Client_ID,AD_Org_ID,IsActive,Created,CreatedBy,Updated,UpdatedBy,IsReadOnly,IsCentrallyMaintained,EntityType,AD_Field_UU,IsDisplayedGrid,ColumnSpan) VALUES (1130244,'Client','Client/Tenant for this installation.','A Client is a company or a legal entity. You cannot share data between Clients. Tenant is a synonym for Client.',1120419,1132883,'Y',22,10,'N','N','N','N',0,0,'Y',TO_TIMESTAMP('2021-01-27 16:14:27','YYYY-MM-DD HH24:MI:SS'),100,TO_TIMESTAMP('2021-01-27 16:14:27','YYYY-MM-DD HH24:MI:SS'),100,'N','Y','LBRA','60f59629-e67e-4e1b-9672-ef3412519dfe','N',2)
;

-- 27 de jan de 2021 16:14:27 BRT
INSERT INTO AD_Field (AD_Field_ID,Name,Description,Help,AD_Tab_ID,AD_Column_ID,IsDisplayed,DisplayLength,SeqNo,IsSameLine,IsHeading,IsFieldOnly,IsEncrypted,AD_Client_ID,AD_Org_ID,IsActive,Created,CreatedBy,Updated,UpdatedBy,IsReadOnly,IsCentrallyMaintained,EntityType,AD_Field_UU,IsAllowCopy,IsDisplayedGrid,SeqNoGrid,XPosition,ColumnSpan) VALUES (1130245,'Organization','Organizational entity within client','An organization is a unit of your client or legal entity - examples are store, department. You can share data between organizations.',1120419,1132884,'Y',22,20,'N','N','N','N',0,0,'Y',TO_TIMESTAMP('2021-01-27 16:14:27','YYYY-MM-DD HH24:MI:SS'),100,TO_TIMESTAMP('2021-01-27 16:14:27','YYYY-MM-DD HH24:MI:SS'),100,'N','Y','LBRA','b40e1c8e-e287-4da8-8eef-f5adc6f28115','Y','Y',10,4,2)
;

-- 27 de jan de 2021 16:14:28 BRT
INSERT INTO AD_Field (AD_Field_ID,Name,AD_Tab_ID,AD_Column_ID,IsDisplayed,DisplayLength,IsSameLine,IsHeading,IsFieldOnly,IsEncrypted,AD_Client_ID,AD_Org_ID,IsActive,Created,CreatedBy,Updated,UpdatedBy,IsReadOnly,IsCentrallyMaintained,EntityType,AD_Field_UU,IsDisplayedGrid,ColumnSpan) VALUES (1130246,'Work Period Line',1120419,1132886,'N',22,'N','N','N','N',0,0,'Y',TO_TIMESTAMP('2021-01-27 16:14:27','YYYY-MM-DD HH24:MI:SS'),100,TO_TIMESTAMP('2021-01-27 16:14:27','YYYY-MM-DD HH24:MI:SS'),100,'N','Y','LBRA','00193c37-0ad0-408a-921c-f2472955332a','N',2)
;

-- 27 de jan de 2021 16:14:28 BRT
INSERT INTO AD_Field (AD_Field_ID,Name,AD_Tab_ID,AD_Column_ID,IsDisplayed,DisplayLength,IsSameLine,IsHeading,IsFieldOnly,IsEncrypted,AD_Client_ID,AD_Org_ID,IsActive,Created,CreatedBy,Updated,UpdatedBy,IsReadOnly,IsCentrallyMaintained,EntityType,AD_Field_UU,IsDisplayedGrid,ColumnSpan) VALUES (1130247,'LBR_HRWorkPeriodLine_UU',1120419,1132887,'N',36,'N','N','N','N',0,0,'Y',TO_TIMESTAMP('2021-01-27 16:14:28','YYYY-MM-DD HH24:MI:SS'),100,TO_TIMESTAMP('2021-01-27 16:14:28','YYYY-MM-DD HH24:MI:SS'),100,'N','Y','LBRA','77ee047d-a7d9-408c-a2fe-9674ed5d7ce8','N',2)
;

-- 27 de jan de 2021 16:14:28 BRT
INSERT INTO AD_Field (AD_Field_ID,Name,AD_Tab_ID,AD_Column_ID,IsDisplayed,DisplayLength,SeqNo,IsSameLine,IsHeading,IsFieldOnly,IsEncrypted,AD_Client_ID,AD_Org_ID,IsActive,Created,CreatedBy,Updated,UpdatedBy,IsReadOnly,IsCentrallyMaintained,EntityType,AD_Field_UU,IsDisplayedGrid,SeqNoGrid,ColumnSpan) VALUES (1130248,'Work Period',1120419,1132894,'Y',22,30,'N','N','N','N',0,0,'Y',TO_TIMESTAMP('2021-01-27 16:14:28','YYYY-MM-DD HH24:MI:SS'),100,TO_TIMESTAMP('2021-01-27 16:14:28','YYYY-MM-DD HH24:MI:SS'),100,'N','Y','LBRA','5256cdc0-e533-4606-a251-258a421a6123','Y',20,2)
;

-- 27 de jan de 2021 16:14:28 BRT
INSERT INTO AD_Field (AD_Field_ID,Name,Description,Help,AD_Tab_ID,AD_Column_ID,IsDisplayed,DisplayLength,SeqNo,IsSameLine,IsHeading,IsFieldOnly,IsEncrypted,AD_Client_ID,AD_Org_ID,IsActive,Created,CreatedBy,Updated,UpdatedBy,IsReadOnly,IsCentrallyMaintained,EntityType,AD_Field_UU,IsDisplayedGrid,SeqNoGrid,XPosition,ColumnSpan) VALUES (1130249,'Active','The record is active in the system','There are two methods of making records unavailable in the system: One is to delete the record, the other is to de-activate the record. A de-activated record is not available for selection, but available for reports.
There are two reasons for de-activating and not deleting records:
(1) The system requires the record for audit purposes.
(2) The record is referenced by other records. E.g., you cannot delete a Business Partner, if there are invoices for this partner record existing. You de-activate the Business Partner and prevent that this record is used for future entries.',1120419,1132890,'Y',1,40,'N','N','N','N',0,0,'Y',TO_TIMESTAMP('2021-01-27 16:14:28','YYYY-MM-DD HH24:MI:SS'),100,TO_TIMESTAMP('2021-01-27 16:14:28','YYYY-MM-DD HH24:MI:SS'),100,'N','Y','LBRA','539bda79-1797-41df-a449-1cc38dd7456b','Y',30,2,2)
;

-- 27 de jan de 2021 16:56:45 BRT
INSERT INTO AD_Field (AD_Field_ID,Name,Description,Help,AD_Tab_ID,AD_Column_ID,IsDisplayed,DisplayLength,SeqNo,SortNo,IsSameLine,IsHeading,IsFieldOnly,IsEncrypted,AD_Client_ID,AD_Org_ID,IsActive,Created,CreatedBy,Updated,UpdatedBy,IsReadOnly,IsCentrallyMaintained,EntityType,AD_Field_UU,IsDisplayedGrid,SeqNoGrid,XPosition,ColumnSpan,NumLines,IsQuickEntry,IsDefaultFocus,IsAdvancedField) VALUES (1130262,'Sequence','Method of ordering records; lowest number comes first','The Sequence indicates the order of records',1120419,1132893,'Y',0,50,0,'N','N','N','N',0,0,'Y',TO_TIMESTAMP('2021-01-27 16:56:45','YYYY-MM-DD HH24:MI:SS'),100,TO_TIMESTAMP('2021-01-27 16:56:45','YYYY-MM-DD HH24:MI:SS'),100,'N','Y','LBRA','ca63240e-0308-45b6-88fb-4dd159cb7b50','Y',40,1,1,1,'N','N','N')
;

-- 27 de jan de 2021 16:58:36 BRT
INSERT INTO AD_Field (AD_Field_ID,Name,Description,AD_Tab_ID,AD_Column_ID,IsDisplayed,DisplayLength,SeqNo,SortNo,IsSameLine,IsHeading,IsFieldOnly,IsEncrypted,AD_Client_ID,AD_Org_ID,IsActive,Created,CreatedBy,Updated,UpdatedBy,IsReadOnly,IsCentrallyMaintained,EntityType,AD_Field_UU,IsDisplayedGrid,SeqNoGrid,XPosition,ColumnSpan,NumLines,IsQuickEntry,IsDefaultFocus,IsAdvancedField) VALUES (1130263,'Day of the Week','Day of the Week',1120419,1132896,'Y',0,60,0,'N','N','N','N',0,0,'Y',TO_TIMESTAMP('2021-01-27 16:58:36','YYYY-MM-DD HH24:MI:SS'),100,TO_TIMESTAMP('2021-01-27 16:58:36','YYYY-MM-DD HH24:MI:SS'),100,'N','Y','LBRA','ff0d4904-d2be-4733-92c8-542f92f47266','Y',50,1,1,1,'N','N','N')
;

-- 27 de jan de 2021 16:58:58 BRT
UPDATE AD_Tab SET AD_Column_ID=1132894, Parent_Column_ID=1132870,Updated=TO_TIMESTAMP('2021-01-27 16:58:58','YYYY-MM-DD HH24:MI:SS'),UpdatedBy=100 WHERE AD_Tab_ID=1120419
;

-- 27 de jan de 2021 17:00:09 BRT
INSERT INTO AD_Field (AD_Field_ID,Name,AD_Tab_ID,AD_Column_ID,IsDisplayed,DisplayLength,SeqNo,SortNo,IsSameLine,IsHeading,IsFieldOnly,IsEncrypted,AD_Client_ID,AD_Org_ID,IsActive,Created,CreatedBy,Updated,UpdatedBy,IsReadOnly,IsCentrallyMaintained,EntityType,AD_Field_UU,IsDisplayedGrid,SeqNoGrid,XPosition,ColumnSpan,NumLines,IsQuickEntry,IsDefaultFocus,IsAdvancedField) VALUES (1130264,'Work Schedule',1120419,1132895,'Y',0,70,0,'N','N','N','N',0,0,'Y',TO_TIMESTAMP('2021-01-27 17:00:09','YYYY-MM-DD HH24:MI:SS'),100,TO_TIMESTAMP('2021-01-27 17:00:09','YYYY-MM-DD HH24:MI:SS'),100,'N','Y','LBRA','ad7e78d1-8ed9-4a5f-95b1-a0201f18fa9f','Y',60,1,1,1,'N','N','N')
;

-- 28 de jan de 2021 12:29:26 BRT
UPDATE AD_TreeNodeMM SET Parent_ID=0, SeqNo=0, Updated=statement_timestamp() WHERE AD_Tree_ID=10 AND Node_ID=218
;

-- 28 de jan de 2021 12:29:26 BRT
UPDATE AD_TreeNodeMM SET Parent_ID=0, SeqNo=1, Updated=statement_timestamp() WHERE AD_Tree_ID=10 AND Node_ID=153
;

-- 28 de jan de 2021 12:29:26 BRT
UPDATE AD_TreeNodeMM SET Parent_ID=0, SeqNo=2, Updated=statement_timestamp() WHERE AD_Tree_ID=10 AND Node_ID=263
;

-- 28 de jan de 2021 12:29:26 BRT
UPDATE AD_TreeNodeMM SET Parent_ID=0, SeqNo=3, Updated=statement_timestamp() WHERE AD_Tree_ID=10 AND Node_ID=166
;

-- 28 de jan de 2021 12:29:26 BRT
UPDATE AD_TreeNodeMM SET Parent_ID=0, SeqNo=4, Updated=statement_timestamp() WHERE AD_Tree_ID=10 AND Node_ID=203
;

-- 28 de jan de 2021 12:29:26 BRT
UPDATE AD_TreeNodeMM SET Parent_ID=0, SeqNo=5, Updated=statement_timestamp() WHERE AD_Tree_ID=10 AND Node_ID=1120359
;

-- 28 de jan de 2021 12:29:26 BRT
UPDATE AD_TreeNodeMM SET Parent_ID=0, SeqNo=6, Updated=statement_timestamp() WHERE AD_Tree_ID=10 AND Node_ID=53242
;

-- 28 de jan de 2021 12:29:26 BRT
UPDATE AD_TreeNodeMM SET Parent_ID=0, SeqNo=7, Updated=statement_timestamp() WHERE AD_Tree_ID=10 AND Node_ID=1000016
;

-- 28 de jan de 2021 12:29:26 BRT
UPDATE AD_TreeNodeMM SET Parent_ID=0, SeqNo=8, Updated=statement_timestamp() WHERE AD_Tree_ID=10 AND Node_ID=236
;

-- 28 de jan de 2021 12:29:26 BRT
UPDATE AD_TreeNodeMM SET Parent_ID=0, SeqNo=9, Updated=statement_timestamp() WHERE AD_Tree_ID=10 AND Node_ID=183
;

-- 28 de jan de 2021 12:29:26 BRT
UPDATE AD_TreeNodeMM SET Parent_ID=0, SeqNo=10, Updated=statement_timestamp() WHERE AD_Tree_ID=10 AND Node_ID=160
;

-- 28 de jan de 2021 12:29:26 BRT
UPDATE AD_TreeNodeMM SET Parent_ID=0, SeqNo=11, Updated=statement_timestamp() WHERE AD_Tree_ID=10 AND Node_ID=278
;

-- 28 de jan de 2021 12:29:26 BRT
UPDATE AD_TreeNodeMM SET Parent_ID=0, SeqNo=12, Updated=statement_timestamp() WHERE AD_Tree_ID=10 AND Node_ID=53014
;

-- 28 de jan de 2021 12:29:26 BRT
UPDATE AD_TreeNodeMM SET Parent_ID=0, SeqNo=13, Updated=statement_timestamp() WHERE AD_Tree_ID=10 AND Node_ID=345
;

-- 28 de jan de 2021 12:29:26 BRT
UPDATE AD_TreeNodeMM SET Parent_ID=0, SeqNo=14, Updated=statement_timestamp() WHERE AD_Tree_ID=10 AND Node_ID=53296
;

-- 28 de jan de 2021 12:29:26 BRT
UPDATE AD_TreeNodeMM SET Parent_ID=0, SeqNo=15, Updated=statement_timestamp() WHERE AD_Tree_ID=10 AND Node_ID=53108
;

-- 28 de jan de 2021 12:29:26 BRT
UPDATE AD_TreeNodeMM SET Parent_ID=0, SeqNo=16, Updated=statement_timestamp() WHERE AD_Tree_ID=10 AND Node_ID=1000000
;

-- 28 de jan de 2021 12:29:26 BRT
UPDATE AD_TreeNodeMM SET Parent_ID=53109, SeqNo=0, Updated=statement_timestamp() WHERE AD_Tree_ID=10 AND Node_ID=1120345
;

-- 28 de jan de 2021 12:29:26 BRT
UPDATE AD_TreeNodeMM SET Parent_ID=53109, SeqNo=1, Updated=statement_timestamp() WHERE AD_Tree_ID=10 AND Node_ID=1120344
;

-- 28 de jan de 2021 12:29:26 BRT
UPDATE AD_TreeNodeMM SET Parent_ID=53109, SeqNo=2, Updated=statement_timestamp() WHERE AD_Tree_ID=10 AND Node_ID=1120343
;

-- 28 de jan de 2021 12:29:26 BRT
UPDATE AD_TreeNodeMM SET Parent_ID=53109, SeqNo=3, Updated=statement_timestamp() WHERE AD_Tree_ID=10 AND Node_ID=53110
;

-- 28 de jan de 2021 12:29:26 BRT
UPDATE AD_TreeNodeMM SET Parent_ID=53109, SeqNo=4, Updated=statement_timestamp() WHERE AD_Tree_ID=10 AND Node_ID=53112
;

-- 28 de jan de 2021 12:29:26 BRT
UPDATE AD_TreeNodeMM SET Parent_ID=53109, SeqNo=5, Updated=statement_timestamp() WHERE AD_Tree_ID=10 AND Node_ID=1120377
;

-- 28 de jan de 2021 12:29:26 BRT
UPDATE AD_TreeNodeMM SET Parent_ID=53109, SeqNo=6, Updated=statement_timestamp() WHERE AD_Tree_ID=10 AND Node_ID=1120378
;

-- 28 de jan de 2021 12:29:26 BRT
UPDATE AD_TreeNodeMM SET Parent_ID=53109, SeqNo=7, Updated=statement_timestamp() WHERE AD_Tree_ID=10 AND Node_ID=1120379
;

-- 28 de jan de 2021 12:29:26 BRT
UPDATE AD_TreeNodeMM SET Parent_ID=53109, SeqNo=8, Updated=statement_timestamp() WHERE AD_Tree_ID=10 AND Node_ID=53113
;

-- 28 de jan de 2021 12:29:26 BRT
UPDATE AD_TreeNodeMM SET Parent_ID=53109, SeqNo=9, Updated=statement_timestamp() WHERE AD_Tree_ID=10 AND Node_ID=1120346
;

-- 28 de jan de 2021 12:29:26 BRT
UPDATE AD_TreeNodeMM SET Parent_ID=53109, SeqNo=10, Updated=statement_timestamp() WHERE AD_Tree_ID=10 AND Node_ID=1120347
;

-- 28 de jan de 2021 12:29:26 BRT
UPDATE AD_TreeNodeMM SET Parent_ID=53109, SeqNo=11, Updated=statement_timestamp() WHERE AD_Tree_ID=10 AND Node_ID=53111
;

-- 28 de jan de 2021 12:29:28 BRT
UPDATE AD_TreeNodeMM SET Parent_ID=53109, SeqNo=0, Updated=statement_timestamp() WHERE AD_Tree_ID=10 AND Node_ID=1120345
;

-- 28 de jan de 2021 12:29:28 BRT
UPDATE AD_TreeNodeMM SET Parent_ID=53109, SeqNo=1, Updated=statement_timestamp() WHERE AD_Tree_ID=10 AND Node_ID=1120344
;

-- 28 de jan de 2021 12:29:28 BRT
UPDATE AD_TreeNodeMM SET Parent_ID=53109, SeqNo=2, Updated=statement_timestamp() WHERE AD_Tree_ID=10 AND Node_ID=1120343
;

-- 28 de jan de 2021 12:29:28 BRT
UPDATE AD_TreeNodeMM SET Parent_ID=53109, SeqNo=3, Updated=statement_timestamp() WHERE AD_Tree_ID=10 AND Node_ID=53110
;

-- 28 de jan de 2021 12:29:28 BRT
UPDATE AD_TreeNodeMM SET Parent_ID=53109, SeqNo=4, Updated=statement_timestamp() WHERE AD_Tree_ID=10 AND Node_ID=53112
;

-- 28 de jan de 2021 12:29:28 BRT
UPDATE AD_TreeNodeMM SET Parent_ID=53109, SeqNo=5, Updated=statement_timestamp() WHERE AD_Tree_ID=10 AND Node_ID=1120377
;

-- 28 de jan de 2021 12:29:28 BRT
UPDATE AD_TreeNodeMM SET Parent_ID=53109, SeqNo=6, Updated=statement_timestamp() WHERE AD_Tree_ID=10 AND Node_ID=1120379
;

-- 28 de jan de 2021 12:29:28 BRT
UPDATE AD_TreeNodeMM SET Parent_ID=53109, SeqNo=7, Updated=statement_timestamp() WHERE AD_Tree_ID=10 AND Node_ID=1120378
;

-- 28 de jan de 2021 12:29:28 BRT
UPDATE AD_TreeNodeMM SET Parent_ID=53109, SeqNo=8, Updated=statement_timestamp() WHERE AD_Tree_ID=10 AND Node_ID=53113
;

-- 28 de jan de 2021 12:29:28 BRT
UPDATE AD_TreeNodeMM SET Parent_ID=53109, SeqNo=9, Updated=statement_timestamp() WHERE AD_Tree_ID=10 AND Node_ID=1120346
;

-- 28 de jan de 2021 12:29:28 BRT
UPDATE AD_TreeNodeMM SET Parent_ID=53109, SeqNo=10, Updated=statement_timestamp() WHERE AD_Tree_ID=10 AND Node_ID=1120347
;

-- 28 de jan de 2021 12:29:28 BRT
UPDATE AD_TreeNodeMM SET Parent_ID=53109, SeqNo=11, Updated=statement_timestamp() WHERE AD_Tree_ID=10 AND Node_ID=53111
;

-- 28 de jan de 2021 12:29:32 BRT
UPDATE AD_TreeNodeMM SET Parent_ID=53109, SeqNo=0, Updated=statement_timestamp() WHERE AD_Tree_ID=10 AND Node_ID=1120345
;

-- 28 de jan de 2021 12:29:32 BRT
UPDATE AD_TreeNodeMM SET Parent_ID=53109, SeqNo=1, Updated=statement_timestamp() WHERE AD_Tree_ID=10 AND Node_ID=1120344
;

-- 28 de jan de 2021 12:29:32 BRT
UPDATE AD_TreeNodeMM SET Parent_ID=53109, SeqNo=2, Updated=statement_timestamp() WHERE AD_Tree_ID=10 AND Node_ID=1120343
;

-- 28 de jan de 2021 12:29:32 BRT
UPDATE AD_TreeNodeMM SET Parent_ID=53109, SeqNo=3, Updated=statement_timestamp() WHERE AD_Tree_ID=10 AND Node_ID=53110
;

-- 28 de jan de 2021 12:29:32 BRT
UPDATE AD_TreeNodeMM SET Parent_ID=53109, SeqNo=4, Updated=statement_timestamp() WHERE AD_Tree_ID=10 AND Node_ID=53112
;

-- 28 de jan de 2021 12:29:32 BRT
UPDATE AD_TreeNodeMM SET Parent_ID=53109, SeqNo=5, Updated=statement_timestamp() WHERE AD_Tree_ID=10 AND Node_ID=1120377
;

-- 28 de jan de 2021 12:29:32 BRT
UPDATE AD_TreeNodeMM SET Parent_ID=53109, SeqNo=6, Updated=statement_timestamp() WHERE AD_Tree_ID=10 AND Node_ID=1120379
;

-- 28 de jan de 2021 12:29:32 BRT
UPDATE AD_TreeNodeMM SET Parent_ID=53109, SeqNo=7, Updated=statement_timestamp() WHERE AD_Tree_ID=10 AND Node_ID=1120378
;

-- 28 de jan de 2021 12:29:32 BRT
UPDATE AD_TreeNodeMM SET Parent_ID=53109, SeqNo=8, Updated=statement_timestamp() WHERE AD_Tree_ID=10 AND Node_ID=53113
;

-- 28 de jan de 2021 12:29:32 BRT
UPDATE AD_TreeNodeMM SET Parent_ID=53109, SeqNo=9, Updated=statement_timestamp() WHERE AD_Tree_ID=10 AND Node_ID=1120346
;

-- 28 de jan de 2021 12:29:32 BRT
UPDATE AD_TreeNodeMM SET Parent_ID=53109, SeqNo=10, Updated=statement_timestamp() WHERE AD_Tree_ID=10 AND Node_ID=1120347
;

-- 28 de jan de 2021 12:29:32 BRT
UPDATE AD_TreeNodeMM SET Parent_ID=53109, SeqNo=11, Updated=statement_timestamp() WHERE AD_Tree_ID=10 AND Node_ID=53111
;

-- 28 de jan de 2021 12:29:34 BRT
UPDATE AD_TreeNodeMM SET Parent_ID=53109, SeqNo=0, Updated=statement_timestamp() WHERE AD_Tree_ID=10 AND Node_ID=1120345
;

-- 28 de jan de 2021 12:29:34 BRT
UPDATE AD_TreeNodeMM SET Parent_ID=53109, SeqNo=1, Updated=statement_timestamp() WHERE AD_Tree_ID=10 AND Node_ID=1120344
;

-- 28 de jan de 2021 12:29:34 BRT
UPDATE AD_TreeNodeMM SET Parent_ID=53109, SeqNo=2, Updated=statement_timestamp() WHERE AD_Tree_ID=10 AND Node_ID=1120343
;

-- 28 de jan de 2021 12:29:34 BRT
UPDATE AD_TreeNodeMM SET Parent_ID=53109, SeqNo=3, Updated=statement_timestamp() WHERE AD_Tree_ID=10 AND Node_ID=53110
;

-- 28 de jan de 2021 12:29:34 BRT
UPDATE AD_TreeNodeMM SET Parent_ID=53109, SeqNo=4, Updated=statement_timestamp() WHERE AD_Tree_ID=10 AND Node_ID=53112
;

-- 28 de jan de 2021 12:29:34 BRT
UPDATE AD_TreeNodeMM SET Parent_ID=53109, SeqNo=5, Updated=statement_timestamp() WHERE AD_Tree_ID=10 AND Node_ID=1120379
;

-- 28 de jan de 2021 12:29:34 BRT
UPDATE AD_TreeNodeMM SET Parent_ID=53109, SeqNo=6, Updated=statement_timestamp() WHERE AD_Tree_ID=10 AND Node_ID=1120377
;

-- 28 de jan de 2021 12:29:34 BRT
UPDATE AD_TreeNodeMM SET Parent_ID=53109, SeqNo=7, Updated=statement_timestamp() WHERE AD_Tree_ID=10 AND Node_ID=1120378
;

-- 28 de jan de 2021 12:29:34 BRT
UPDATE AD_TreeNodeMM SET Parent_ID=53109, SeqNo=8, Updated=statement_timestamp() WHERE AD_Tree_ID=10 AND Node_ID=53113
;

-- 28 de jan de 2021 12:29:34 BRT
UPDATE AD_TreeNodeMM SET Parent_ID=53109, SeqNo=9, Updated=statement_timestamp() WHERE AD_Tree_ID=10 AND Node_ID=1120346
;

-- 28 de jan de 2021 12:29:34 BRT
UPDATE AD_TreeNodeMM SET Parent_ID=53109, SeqNo=10, Updated=statement_timestamp() WHERE AD_Tree_ID=10 AND Node_ID=1120347
;

-- 28 de jan de 2021 12:29:34 BRT
UPDATE AD_TreeNodeMM SET Parent_ID=53109, SeqNo=11, Updated=statement_timestamp() WHERE AD_Tree_ID=10 AND Node_ID=53111
;
-- I forgot to set the DICTIONARY_ID_COMMENTS System Configurator
-- 28 de jan de 2021 14:55:38 BRT
UPDATE AD_Field SET SeqNo=10, AD_Reference_Value_ID=NULL, AD_Val_Rule_ID=NULL, ColumnSpan=1, IsToolbarButton=NULL,Updated=TO_TIMESTAMP('2021-01-28 14:55:37','YYYY-MM-DD HH24:MI:SS'),UpdatedBy=100 WHERE AD_Field_ID=1130227
;

-- 28 de jan de 2021 14:55:38 BRT
UPDATE AD_Field SET SeqNo=20, AD_Reference_Value_ID=NULL, AD_Val_Rule_ID=NULL, XPosition=3, ColumnSpan=1, IsToolbarButton=NULL,Updated=TO_TIMESTAMP('2021-01-28 14:55:38','YYYY-MM-DD HH24:MI:SS'),UpdatedBy=100 WHERE AD_Field_ID=1130228
;

-- 28 de jan de 2021 14:55:38 BRT
UPDATE AD_Field SET IsDisplayed='Y', SeqNo=30, AD_Reference_Value_ID=NULL, AD_Val_Rule_ID=NULL, XPosition=1, IsToolbarButton=NULL,Updated=TO_TIMESTAMP('2021-01-28 14:55:38','YYYY-MM-DD HH24:MI:SS'),UpdatedBy=100 WHERE AD_Field_ID=1130242
;

-- 28 de jan de 2021 14:55:38 BRT
UPDATE AD_Field SET IsDisplayed='Y', SeqNo=40, AD_Reference_Value_ID=NULL, AD_Val_Rule_ID=NULL, XPosition=3, IsToolbarButton=NULL,Updated=TO_TIMESTAMP('2021-01-28 14:55:38','YYYY-MM-DD HH24:MI:SS'),UpdatedBy=100 WHERE AD_Field_ID=1130233
;

-- 28 de jan de 2021 14:55:38 BRT
UPDATE AD_Field SET IsDisplayed='Y', SeqNo=50, AD_Reference_Value_ID=NULL, AD_Val_Rule_ID=NULL, XPosition=1, IsToolbarButton=NULL,Updated=TO_TIMESTAMP('2021-01-28 14:55:38','YYYY-MM-DD HH24:MI:SS'),UpdatedBy=100 WHERE AD_Field_ID=1130241
;

-- 28 de jan de 2021 14:55:38 BRT
UPDATE AD_Field SET IsDisplayed='Y', SeqNo=60, AD_Reference_Value_ID=NULL, AD_Val_Rule_ID=NULL, XPosition=4, ColumnSpan=1, IsToolbarButton=NULL,Updated=TO_TIMESTAMP('2021-01-28 14:55:38','YYYY-MM-DD HH24:MI:SS'),UpdatedBy=100 WHERE AD_Field_ID=1130232
;

-- 28 de jan de 2021 14:55:38 BRT
UPDATE AD_Field SET IsDisplayed='Y', SeqNo=70, AD_Reference_Value_ID=NULL, AD_Val_Rule_ID=NULL, XPosition=1, IsToolbarButton=NULL,Updated=TO_TIMESTAMP('2021-01-28 14:55:38','YYYY-MM-DD HH24:MI:SS'),UpdatedBy=100 WHERE AD_Field_ID=1130236
;

-- 28 de jan de 2021 14:55:38 BRT
UPDATE AD_Field SET IsDisplayed='Y', SeqNo=80, AD_Reference_Value_ID=NULL, AD_Val_Rule_ID=NULL, XPosition=1, IsToolbarButton=NULL,Updated=TO_TIMESTAMP('2021-01-28 14:55:38','YYYY-MM-DD HH24:MI:SS'),UpdatedBy=100 WHERE AD_Field_ID=1130234
;

-- 28 de jan de 2021 14:55:38 BRT
UPDATE AD_Field SET IsDisplayed='Y', SeqNo=90, AD_Reference_Value_ID=NULL, AD_Val_Rule_ID=NULL, XPosition=3, IsToolbarButton=NULL,Updated=TO_TIMESTAMP('2021-01-28 14:55:38','YYYY-MM-DD HH24:MI:SS'),UpdatedBy=100 WHERE AD_Field_ID=1130235
;

-- 28 de jan de 2021 14:55:38 BRT
UPDATE AD_Field SET IsDisplayed='Y', SeqNo=100, AD_Reference_Value_ID=NULL, AD_Val_Rule_ID=NULL, XPosition=1, IsToolbarButton=NULL,Updated=TO_TIMESTAMP('2021-01-28 14:55:38','YYYY-MM-DD HH24:MI:SS'),UpdatedBy=100 WHERE AD_Field_ID=1130239
;

-- 28 de jan de 2021 14:55:38 BRT
UPDATE AD_Field SET SeqNo=110, AD_Reference_Value_ID=NULL, AD_Val_Rule_ID=NULL, ColumnSpan=1, IsToolbarButton=NULL,Updated=TO_TIMESTAMP('2021-01-28 14:55:38','YYYY-MM-DD HH24:MI:SS'),UpdatedBy=100 WHERE AD_Field_ID=1130231
;

-- 28 de jan de 2021 14:55:38 BRT
UPDATE AD_Field SET SeqNo=120, AD_Reference_Value_ID=NULL, AD_Val_Rule_ID=NULL, IsToolbarButton=NULL,Updated=TO_TIMESTAMP('2021-01-28 14:55:38','YYYY-MM-DD HH24:MI:SS'),UpdatedBy=100 WHERE AD_Field_ID=1130240
;

-- 28 de jan de 2021 14:55:38 BRT
UPDATE AD_Field SET SeqNo=0, AD_Reference_Value_ID=NULL, AD_Val_Rule_ID=NULL, IsToolbarButton=NULL,Updated=TO_TIMESTAMP('2021-01-28 14:55:38','YYYY-MM-DD HH24:MI:SS'),UpdatedBy=100 WHERE AD_Field_ID=1130230
;

-- 28 de jan de 2021 14:55:38 BRT
UPDATE AD_Field SET SeqNo=0, AD_Reference_Value_ID=NULL, AD_Val_Rule_ID=NULL, IsToolbarButton=NULL,Updated=TO_TIMESTAMP('2021-01-28 14:55:38','YYYY-MM-DD HH24:MI:SS'),UpdatedBy=100 WHERE AD_Field_ID=1130229
;

-- 28 de jan de 2021 14:58:16 BRT
UPDATE AD_Field SET IsDisplayed='Y', SeqNo=10, AD_Reference_Value_ID=NULL, AD_Val_Rule_ID=NULL, XPosition=1, IsToolbarButton=NULL,Updated=TO_TIMESTAMP('2021-01-28 14:58:16','YYYY-MM-DD HH24:MI:SS'),UpdatedBy=100 WHERE AD_Field_ID=1130250
;

-- 28 de jan de 2021 14:58:16 BRT
UPDATE AD_Field SET IsDisplayed='Y', SeqNo=20, AD_Reference_Value_ID=NULL, AD_Val_Rule_ID=NULL, XPosition=3, IsToolbarButton=NULL,Updated=TO_TIMESTAMP('2021-01-28 14:58:16','YYYY-MM-DD HH24:MI:SS'),UpdatedBy=100 WHERE AD_Field_ID=1130251
;

-- 28 de jan de 2021 14:58:16 BRT
UPDATE AD_Field SET IsDisplayed='Y', SeqNo=30, AD_Reference_Value_ID=NULL, AD_Val_Rule_ID=NULL, XPosition=1, IsToolbarButton=NULL,Updated=TO_TIMESTAMP('2021-01-28 14:58:16','YYYY-MM-DD HH24:MI:SS'),UpdatedBy=100 WHERE AD_Field_ID=1130259
;

-- 28 de jan de 2021 14:58:16 BRT
UPDATE AD_Field SET IsDisplayed='Y', SeqNo=40, AD_Reference_Value_ID=NULL, AD_Val_Rule_ID=NULL, XPosition=3, IsToolbarButton=NULL,Updated=TO_TIMESTAMP('2021-01-28 14:58:16','YYYY-MM-DD HH24:MI:SS'),UpdatedBy=100 WHERE AD_Field_ID=1130258
;

-- 28 de jan de 2021 14:58:16 BRT
UPDATE AD_Field SET IsDisplayed='Y', SeqNo=50, AD_Reference_Value_ID=NULL, AD_Val_Rule_ID=NULL, XPosition=1, IsToolbarButton=NULL,Updated=TO_TIMESTAMP('2021-01-28 14:58:16','YYYY-MM-DD HH24:MI:SS'),UpdatedBy=100 WHERE AD_Field_ID=1130257
;

-- 28 de jan de 2021 14:58:16 BRT
UPDATE AD_Field SET IsDisplayed='Y', SeqNo=60, AD_Reference_Value_ID=NULL, AD_Val_Rule_ID=NULL, XPosition=4, IsToolbarButton=NULL,Updated=TO_TIMESTAMP('2021-01-28 14:58:16','YYYY-MM-DD HH24:MI:SS'),UpdatedBy=100 WHERE AD_Field_ID=1130252
;

-- 28 de jan de 2021 14:58:16 BRT
UPDATE AD_Field SET SeqNo=80, AD_Reference_Value_ID=NULL, AD_Val_Rule_ID=NULL, ColumnSpan=1, IsToolbarButton=NULL,Updated=TO_TIMESTAMP('2021-01-28 14:58:16','YYYY-MM-DD HH24:MI:SS'),UpdatedBy=100 WHERE AD_Field_ID=1130243
;

-- 28 de jan de 2021 14:58:16 BRT
UPDATE AD_Field SET IsDisplayed='Y', SeqNo=90, AD_Reference_Value_ID=NULL, AD_Val_Rule_ID=NULL, XPosition=3, IsToolbarButton=NULL,Updated=TO_TIMESTAMP('2021-01-28 14:58:16','YYYY-MM-DD HH24:MI:SS'),UpdatedBy=100 WHERE AD_Field_ID=1130253
;

-- 28 de jan de 2021 14:58:16 BRT
UPDATE AD_Field SET SeqNo=100, AD_Reference_Value_ID=NULL, AD_Val_Rule_ID=NULL, IsToolbarButton=NULL,Updated=TO_TIMESTAMP('2021-01-28 14:58:16','YYYY-MM-DD HH24:MI:SS'),UpdatedBy=100 WHERE AD_Field_ID=1130254
;

-- 28 de jan de 2021 14:58:52 BRT
UPDATE AD_Field SET IsDisplayed='N', SeqNo=0, AD_Reference_Value_ID=NULL, AD_Val_Rule_ID=NULL, XPosition=1, IsToolbarButton=NULL,Updated=TO_TIMESTAMP('2021-01-28 14:58:52','YYYY-MM-DD HH24:MI:SS'),UpdatedBy=100 WHERE AD_Field_ID=1130254
;

-- 28 de jan de 2021 14:59:44 BRT
UPDATE AD_Field SET DisplayLogic='@LBR_SpecialPeriodType@=''O''', AD_Reference_Value_ID=NULL, AD_Val_Rule_ID=NULL, IsToolbarButton=NULL,Updated=TO_TIMESTAMP('2021-01-28 14:59:44','YYYY-MM-DD HH24:MI:SS'),UpdatedBy=100 WHERE AD_Field_ID=1130253
;

-- 28 de jan de 2021 15:00:20 BRT
UPDATE AD_Tab SET Name='Line',Updated=TO_TIMESTAMP('2021-01-28 15:00:20','YYYY-MM-DD HH24:MI:SS'),UpdatedBy=100 WHERE AD_Tab_ID=1120419
;

-- 28 de jan de 2021 15:01:29 BRT
UPDATE AD_Field SET SeqNo=10, AD_Reference_Value_ID=NULL, AD_Val_Rule_ID=NULL, ColumnSpan=1, IsToolbarButton=NULL,Updated=TO_TIMESTAMP('2021-01-28 15:01:29','YYYY-MM-DD HH24:MI:SS'),UpdatedBy=100 WHERE AD_Field_ID=1130244
;

-- 28 de jan de 2021 15:01:29 BRT
UPDATE AD_Field SET SeqNo=20, AD_Reference_Value_ID=NULL, AD_Val_Rule_ID=NULL, XPosition=3, ColumnSpan=1, IsToolbarButton=NULL,Updated=TO_TIMESTAMP('2021-01-28 15:01:29','YYYY-MM-DD HH24:MI:SS'),UpdatedBy=100 WHERE AD_Field_ID=1130245
;

-- 28 de jan de 2021 15:01:29 BRT
UPDATE AD_Field SET SeqNo=30, AD_Reference_Value_ID=NULL, AD_Val_Rule_ID=NULL, ColumnSpan=1, IsToolbarButton=NULL,Updated=TO_TIMESTAMP('2021-01-28 15:01:29','YYYY-MM-DD HH24:MI:SS'),UpdatedBy=100 WHERE AD_Field_ID=1130248
;

-- 28 de jan de 2021 15:01:29 BRT
UPDATE AD_Field SET IsDisplayed='Y', SeqNo=40, AD_Reference_Value_ID=NULL, AD_Val_Rule_ID=NULL, XPosition=4, IsToolbarButton=NULL,Updated=TO_TIMESTAMP('2021-01-28 15:01:29','YYYY-MM-DD HH24:MI:SS'),UpdatedBy=100 WHERE AD_Field_ID=1130249
;

-- 28 de jan de 2021 15:01:30 BRT
UPDATE AD_Field SET IsDisplayed='Y', SeqNo=70, AD_Reference_Value_ID=NULL, AD_Val_Rule_ID=NULL, XPosition=3, IsToolbarButton=NULL,Updated=TO_TIMESTAMP('2021-01-28 15:01:29','YYYY-MM-DD HH24:MI:SS'),UpdatedBy=100 WHERE AD_Field_ID=1130264
;

-- 28 de jan de 2021 15:01:30 BRT
UPDATE AD_Field SET SeqNo=0, AD_Reference_Value_ID=NULL, AD_Val_Rule_ID=NULL, IsToolbarButton=NULL,Updated=TO_TIMESTAMP('2021-01-28 15:01:30','YYYY-MM-DD HH24:MI:SS'),UpdatedBy=100 WHERE AD_Field_ID=1130247
;

-- 28 de jan de 2021 15:01:30 BRT
UPDATE AD_Field SET SeqNo=0, AD_Reference_Value_ID=NULL, AD_Val_Rule_ID=NULL, IsToolbarButton=NULL,Updated=TO_TIMESTAMP('2021-01-28 15:01:30','YYYY-MM-DD HH24:MI:SS'),UpdatedBy=100 WHERE AD_Field_ID=1130246
;

-- 28 de jan de 2021 15:03:32 BRT
UPDATE AD_Column SET DefaultValue='@SQL=SELECT COALESCE(MAX(SeqNo),0)+10 AS DefaultValue FROM LBR_HRWorkPeriodLine WHERE LBR_HRWorkPeriod_ID=@LBR_HRWorkPeriod_ID@',Updated=TO_TIMESTAMP('2021-01-28 15:03:32','YYYY-MM-DD HH24:MI:SS'),UpdatedBy=100 WHERE AD_Column_ID=1132893
;

-- 28 de jan de 2021 15:14:08 BRT
INSERT INTO AD_Column (AD_Column_ID,Version,Name,AD_Table_ID,ColumnName,FieldLength,IsKey,IsParent,IsMandatory,IsTranslated,IsIdentifier,SeqNo,IsEncrypted,AD_Reference_ID,AD_Client_ID,AD_Org_ID,IsActive,Created,CreatedBy,Updated,UpdatedBy,AD_Element_ID,IsUpdateable,IsSelectionColumn,EntityType,IsSyncDatabase,IsAlwaysUpdateable,IsAutocomplete,IsAllowLogging,AD_Column_UU,IsAllowCopy,SeqNoSelection,IsToolbarButton,IsSecure,FKConstraintType,IsHtml) VALUES (1132901,0,'Work Period',53086,'LBR_HRWorkPeriod_ID',22,'N','N','N','N','Y',0,'N',19,0,0,'Y',TO_TIMESTAMP('2021-01-28 15:14:07','YYYY-MM-DD HH24:MI:SS'),100,TO_TIMESTAMP('2021-01-28 15:14:07','YYYY-MM-DD HH24:MI:SS'),100,1123267,'Y','N','LBRA','N','N','N','Y','d46ae1f1-be01-4bd3-915a-058b2cdccfec','Y',0,'N','N','N','N')
;

-- 28 de jan de 2021 15:14:21 BRT
UPDATE AD_Column SET FKConstraintName='LBRHRWorkPeriod_HREmployee', FKConstraintType='N',Updated=TO_TIMESTAMP('2021-01-28 15:14:21','YYYY-MM-DD HH24:MI:SS'),UpdatedBy=100 WHERE AD_Column_ID=1132901
;

-- 28 de jan de 2021 15:14:21 BRT
ALTER TABLE HR_Employee ADD COLUMN LBR_HRWorkPeriod_ID NUMERIC(10) DEFAULT NULL 
;

-- 28 de jan de 2021 15:14:22 BRT
ALTER TABLE HR_Employee ADD CONSTRAINT LBRHRWorkPeriod_HREmployee FOREIGN KEY (LBR_HRWorkPeriod_ID) REFERENCES lbr_hrworkperiod(lbr_hrworkperiod_id) DEFERRABLE INITIALLY DEFERRED
;

-- 28 de jan de 2021 15:15:20 BRT
INSERT INTO AD_Field (AD_Field_ID,Name,AD_Tab_ID,AD_Column_ID,IsDisplayed,DisplayLength,SeqNo,SortNo,IsSameLine,IsHeading,IsFieldOnly,IsEncrypted,AD_Client_ID,AD_Org_ID,IsActive,Created,CreatedBy,Updated,UpdatedBy,IsReadOnly,IsCentrallyMaintained,EntityType,AD_Field_UU,IsDisplayedGrid,SeqNoGrid,XPosition,ColumnSpan,NumLines,IsQuickEntry,IsDefaultFocus,IsAdvancedField) VALUES (1130268,'Work Period',53102,1132901,'Y',0,650,0,'N','N','N','N',0,0,'Y',TO_TIMESTAMP('2021-01-28 15:15:19','YYYY-MM-DD HH24:MI:SS'),100,TO_TIMESTAMP('2021-01-28 15:15:19','YYYY-MM-DD HH24:MI:SS'),100,'N','Y','LBRA','003063bd-ff18-45ce-8f84-f0f1880be363','Y',251,1,1,1,'N','N','N')
;

-- 28 de jan de 2021 15:17:05 BRT
UPDATE AD_Field SET IsDisplayed='Y', SeqNo=570, AD_Reference_Value_ID=NULL, AD_Val_Rule_ID=NULL, XPosition=1, IsToolbarButton=NULL,Updated=TO_TIMESTAMP('2021-01-28 15:17:05','YYYY-MM-DD HH24:MI:SS'),UpdatedBy=100 WHERE AD_Field_ID=1130268
;

-- 28 de jan de 2021 15:17:06 BRT
UPDATE AD_Field SET IsDisplayed='Y', SeqNo=580, AD_Reference_Value_ID=NULL, AD_Val_Rule_ID=NULL, XPosition=3, IsToolbarButton=NULL,Updated=TO_TIMESTAMP('2021-01-28 15:17:06','YYYY-MM-DD HH24:MI:SS'),UpdatedBy=100 WHERE AD_Field_ID=1128035
;

-- 28 de jan de 2021 15:17:06 BRT
UPDATE AD_Field SET IsDisplayed='Y', SeqNo=590, AD_Reference_Value_ID=NULL, AD_Val_Rule_ID=NULL, XPosition=5, IsToolbarButton=NULL,Updated=TO_TIMESTAMP('2021-01-28 15:17:06','YYYY-MM-DD HH24:MI:SS'),UpdatedBy=100 WHERE AD_Field_ID=1128036
;

-- 28 de jan de 2021 15:17:06 BRT
UPDATE AD_Field SET SeqNo=600, AD_Reference_Value_ID=NULL, AD_Val_Rule_ID=NULL, IsToolbarButton=NULL,Updated=TO_TIMESTAMP('2021-01-28 15:17:06','YYYY-MM-DD HH24:MI:SS'),UpdatedBy=100 WHERE AD_Field_ID=1128021
;

-- 28 de jan de 2021 15:17:06 BRT
UPDATE AD_Field SET SeqNo=610, AD_Reference_Value_ID=NULL, AD_Val_Rule_ID=NULL, IsToolbarButton=NULL,Updated=TO_TIMESTAMP('2021-01-28 15:17:06','YYYY-MM-DD HH24:MI:SS'),UpdatedBy=100 WHERE AD_Field_ID=1128022
;

-- 28 de jan de 2021 15:17:06 BRT
UPDATE AD_Field SET SeqNo=620, AD_Reference_Value_ID=NULL, AD_Val_Rule_ID=NULL, IsToolbarButton=NULL,Updated=TO_TIMESTAMP('2021-01-28 15:17:06','YYYY-MM-DD HH24:MI:SS'),UpdatedBy=100 WHERE AD_Field_ID=1128023
;

-- 28 de jan de 2021 15:17:06 BRT
UPDATE AD_Field SET SeqNo=630, AD_Reference_Value_ID=NULL, AD_Val_Rule_ID=NULL, IsToolbarButton=NULL,Updated=TO_TIMESTAMP('2021-01-28 15:17:06','YYYY-MM-DD HH24:MI:SS'),UpdatedBy=100 WHERE AD_Field_ID=1130265
;

-- 28 de jan de 2021 15:17:06 BRT
UPDATE AD_Field SET SeqNo=640, AD_Reference_Value_ID=NULL, AD_Val_Rule_ID=NULL, IsToolbarButton=NULL,Updated=TO_TIMESTAMP('2021-01-28 15:17:06','YYYY-MM-DD HH24:MI:SS'),UpdatedBy=100 WHERE AD_Field_ID=1130266
;

-- 28 de jan de 2021 15:17:06 BRT
UPDATE AD_Field SET SeqNo=650, AD_Reference_Value_ID=NULL, AD_Val_Rule_ID=NULL, IsToolbarButton=NULL,Updated=TO_TIMESTAMP('2021-01-28 15:17:06','YYYY-MM-DD HH24:MI:SS'),UpdatedBy=100 WHERE AD_Field_ID=1130267
;

-- 28 de jan de 2021 15:26:05 BRT
UPDATE AD_Field SET SeqNo=10, AD_Reference_Value_ID=NULL, AD_Val_Rule_ID=NULL, ColumnSpan=2, IsToolbarButton=NULL,Updated=TO_TIMESTAMP('2021-01-28 15:26:05','YYYY-MM-DD HH24:MI:SS'),UpdatedBy=100 WHERE AD_Field_ID=1130227
;

-- 28 de jan de 2021 15:26:05 BRT
UPDATE AD_Field SET SeqNo=20, AD_Reference_Value_ID=NULL, AD_Val_Rule_ID=NULL, XPosition=4, ColumnSpan=2, IsToolbarButton=NULL,Updated=TO_TIMESTAMP('2021-01-28 15:26:05','YYYY-MM-DD HH24:MI:SS'),UpdatedBy=100 WHERE AD_Field_ID=1130228
;

-- 28 de jan de 2021 15:26:05 BRT
UPDATE AD_Field SET SeqNo=30, AD_Reference_Value_ID=NULL, AD_Val_Rule_ID=NULL, ColumnSpan=2, IsToolbarButton=NULL,Updated=TO_TIMESTAMP('2021-01-28 15:26:05','YYYY-MM-DD HH24:MI:SS'),UpdatedBy=100 WHERE AD_Field_ID=1130242
;

-- 28 de jan de 2021 15:26:05 BRT
UPDATE AD_Field SET SeqNo=40, AD_Reference_Value_ID=NULL, AD_Val_Rule_ID=NULL, XPosition=4, ColumnSpan=2, IsToolbarButton=NULL,Updated=TO_TIMESTAMP('2021-01-28 15:26:05','YYYY-MM-DD HH24:MI:SS'),UpdatedBy=100 WHERE AD_Field_ID=1130233
;

-- 28 de jan de 2021 15:26:05 BRT
UPDATE AD_Field SET SeqNo=50, AD_Reference_Value_ID=NULL, AD_Val_Rule_ID=NULL, ColumnSpan=2, IsToolbarButton=NULL,Updated=TO_TIMESTAMP('2021-01-28 15:26:05','YYYY-MM-DD HH24:MI:SS'),UpdatedBy=100 WHERE AD_Field_ID=1130241
;

-- 28 de jan de 2021 15:26:05 BRT
UPDATE AD_Field SET SeqNo=60, AD_Reference_Value_ID=NULL, AD_Val_Rule_ID=NULL, XPosition=5, IsToolbarButton=NULL,Updated=TO_TIMESTAMP('2021-01-28 15:26:05','YYYY-MM-DD HH24:MI:SS'),UpdatedBy=100 WHERE AD_Field_ID=1130232
;

-- 28 de jan de 2021 15:26:05 BRT
UPDATE AD_Field SET SeqNo=70, AD_Reference_Value_ID=NULL, AD_Val_Rule_ID=NULL, ColumnSpan=2, IsToolbarButton=NULL,Updated=TO_TIMESTAMP('2021-01-28 15:26:05','YYYY-MM-DD HH24:MI:SS'),UpdatedBy=100 WHERE AD_Field_ID=1130236
;

-- 28 de jan de 2021 15:26:05 BRT
UPDATE AD_Field SET SeqNo=80, AD_Reference_Value_ID=NULL, AD_Val_Rule_ID=NULL, ColumnSpan=2, IsToolbarButton=NULL,Updated=TO_TIMESTAMP('2021-01-28 15:26:05','YYYY-MM-DD HH24:MI:SS'),UpdatedBy=100 WHERE AD_Field_ID=1130234
;

-- 28 de jan de 2021 15:26:05 BRT
UPDATE AD_Field SET SeqNo=90, AD_Reference_Value_ID=NULL, AD_Val_Rule_ID=NULL, XPosition=4, ColumnSpan=2, IsToolbarButton=NULL,Updated=TO_TIMESTAMP('2021-01-28 15:26:05','YYYY-MM-DD HH24:MI:SS'),UpdatedBy=100 WHERE AD_Field_ID=1130235
;

-- 28 de jan de 2021 15:26:05 BRT
UPDATE AD_Field SET SeqNo=100, AD_Reference_Value_ID=NULL, AD_Val_Rule_ID=NULL, ColumnSpan=2, IsToolbarButton=NULL,Updated=TO_TIMESTAMP('2021-01-28 15:26:05','YYYY-MM-DD HH24:MI:SS'),UpdatedBy=100 WHERE AD_Field_ID=1130239
;

-- 28 de jan de 2021 15:26:05 BRT
UPDATE AD_Field SET SeqNo=110, AD_Reference_Value_ID=NULL, AD_Val_Rule_ID=NULL, ColumnSpan=2, IsToolbarButton=NULL,Updated=TO_TIMESTAMP('2021-01-28 15:26:05','YYYY-MM-DD HH24:MI:SS'),UpdatedBy=100 WHERE AD_Field_ID=1130231
;

-- 28 de jan de 2021 15:26:06 BRT
UPDATE AD_Field SET IsDisplayed='Y', SeqNo=120, AD_Reference_Value_ID=NULL, AD_Val_Rule_ID=NULL, XPosition=4, ColumnSpan=2, IsToolbarButton=NULL,Updated=TO_TIMESTAMP('2021-01-28 15:26:06','YYYY-MM-DD HH24:MI:SS'),UpdatedBy=100 WHERE AD_Field_ID=1130240
;

-- 28 de jan de 2021 15:27:22 BRT
UPDATE AD_Field SET SeqNo=10, AD_Reference_Value_ID=NULL, AD_Val_Rule_ID=NULL, ColumnSpan=2, IsToolbarButton=NULL,Updated=TO_TIMESTAMP('2021-01-28 15:27:22','YYYY-MM-DD HH24:MI:SS'),UpdatedBy=100 WHERE AD_Field_ID=1130250
;

-- 28 de jan de 2021 15:27:23 BRT
UPDATE AD_Field SET SeqNo=20, AD_Reference_Value_ID=NULL, AD_Val_Rule_ID=NULL, XPosition=4, ColumnSpan=2, IsToolbarButton=NULL,Updated=TO_TIMESTAMP('2021-01-28 15:27:23','YYYY-MM-DD HH24:MI:SS'),UpdatedBy=100 WHERE AD_Field_ID=1130251
;

-- 28 de jan de 2021 15:27:23 BRT
UPDATE AD_Field SET SeqNo=30, AD_Reference_Value_ID=NULL, AD_Val_Rule_ID=NULL, ColumnSpan=2, IsToolbarButton=NULL,Updated=TO_TIMESTAMP('2021-01-28 15:27:23','YYYY-MM-DD HH24:MI:SS'),UpdatedBy=100 WHERE AD_Field_ID=1130259
;

-- 28 de jan de 2021 15:27:23 BRT
UPDATE AD_Field SET SeqNo=40, AD_Reference_Value_ID=NULL, AD_Val_Rule_ID=NULL, XPosition=4, ColumnSpan=2, IsToolbarButton=NULL,Updated=TO_TIMESTAMP('2021-01-28 15:27:23','YYYY-MM-DD HH24:MI:SS'),UpdatedBy=100 WHERE AD_Field_ID=1130258
;

-- 28 de jan de 2021 15:27:23 BRT
UPDATE AD_Field SET SeqNo=50, AD_Reference_Value_ID=NULL, AD_Val_Rule_ID=NULL, ColumnSpan=2, IsToolbarButton=NULL,Updated=TO_TIMESTAMP('2021-01-28 15:27:23','YYYY-MM-DD HH24:MI:SS'),UpdatedBy=100 WHERE AD_Field_ID=1130257
;

-- 28 de jan de 2021 15:27:23 BRT
UPDATE AD_Field SET SeqNo=60, AD_Reference_Value_ID=NULL, AD_Val_Rule_ID=NULL, XPosition=5, IsToolbarButton=NULL,Updated=TO_TIMESTAMP('2021-01-28 15:27:23','YYYY-MM-DD HH24:MI:SS'),UpdatedBy=100 WHERE AD_Field_ID=1130252
;

-- 28 de jan de 2021 15:27:23 BRT
UPDATE AD_Field SET SeqNo=70, AD_Reference_Value_ID=NULL, AD_Val_Rule_ID=NULL, ColumnSpan=2, IsToolbarButton=NULL,Updated=TO_TIMESTAMP('2021-01-28 15:27:23','YYYY-MM-DD HH24:MI:SS'),UpdatedBy=100 WHERE AD_Field_ID=1130255
;

-- 28 de jan de 2021 15:27:23 BRT
UPDATE AD_Field SET SeqNo=80, AD_Reference_Value_ID=NULL, AD_Val_Rule_ID=NULL, ColumnSpan=2, IsToolbarButton=NULL,Updated=TO_TIMESTAMP('2021-01-28 15:27:23','YYYY-MM-DD HH24:MI:SS'),UpdatedBy=100 WHERE AD_Field_ID=1130243
;

-- 28 de jan de 2021 15:27:23 BRT
UPDATE AD_Field SET SeqNo=90, AD_Reference_Value_ID=NULL, AD_Val_Rule_ID=NULL, XPosition=4, ColumnSpan=2, IsToolbarButton=NULL,Updated=TO_TIMESTAMP('2021-01-28 15:27:23','YYYY-MM-DD HH24:MI:SS'),UpdatedBy=100 WHERE AD_Field_ID=1130253
;

-- 28 de jan de 2021 15:27:44 BRT
UPDATE AD_Tab SET TabLevel=0,Updated=TO_TIMESTAMP('2021-01-28 15:27:44','YYYY-MM-DD HH24:MI:SS'),UpdatedBy=100 WHERE AD_Tab_ID=1120418
;

-- 28 de jan de 2021 15:27:52 BRT
UPDATE AD_Tab SET TabLevel=1,Updated=TO_TIMESTAMP('2021-01-28 15:27:52','YYYY-MM-DD HH24:MI:SS'),UpdatedBy=100 WHERE AD_Tab_ID=1120419
;

-- 28 de jan de 2021 15:28:33 BRT
UPDATE AD_Field SET SeqNo=10, AD_Reference_Value_ID=NULL, AD_Val_Rule_ID=NULL, ColumnSpan=2, IsToolbarButton=NULL,Updated=TO_TIMESTAMP('2021-01-28 15:28:33','YYYY-MM-DD HH24:MI:SS'),UpdatedBy=100 WHERE AD_Field_ID=1130244
;

-- 28 de jan de 2021 15:28:34 BRT
UPDATE AD_Field SET SeqNo=20, AD_Reference_Value_ID=NULL, AD_Val_Rule_ID=NULL, XPosition=4, ColumnSpan=2, IsToolbarButton=NULL,Updated=TO_TIMESTAMP('2021-01-28 15:28:34','YYYY-MM-DD HH24:MI:SS'),UpdatedBy=100 WHERE AD_Field_ID=1130245
;

-- 28 de jan de 2021 15:28:34 BRT
UPDATE AD_Field SET SeqNo=30, AD_Reference_Value_ID=NULL, AD_Val_Rule_ID=NULL, ColumnSpan=2, IsToolbarButton=NULL,Updated=TO_TIMESTAMP('2021-01-28 15:28:34','YYYY-MM-DD HH24:MI:SS'),UpdatedBy=100 WHERE AD_Field_ID=1130248
;

-- 28 de jan de 2021 15:28:34 BRT
UPDATE AD_Field SET SeqNo=40, AD_Reference_Value_ID=NULL, AD_Val_Rule_ID=NULL, XPosition=5, IsToolbarButton=NULL,Updated=TO_TIMESTAMP('2021-01-28 15:28:34','YYYY-MM-DD HH24:MI:SS'),UpdatedBy=100 WHERE AD_Field_ID=1130249
;

-- 28 de jan de 2021 15:28:34 BRT
UPDATE AD_Field SET SeqNo=50, AD_Reference_Value_ID=NULL, AD_Val_Rule_ID=NULL, ColumnSpan=2, IsToolbarButton=NULL,Updated=TO_TIMESTAMP('2021-01-28 15:28:34','YYYY-MM-DD HH24:MI:SS'),UpdatedBy=100 WHERE AD_Field_ID=1130262
;

-- 28 de jan de 2021 15:28:34 BRT
UPDATE AD_Field SET SeqNo=60, AD_Reference_Value_ID=NULL, AD_Val_Rule_ID=NULL, ColumnSpan=2, IsToolbarButton=NULL,Updated=TO_TIMESTAMP('2021-01-28 15:28:34','YYYY-MM-DD HH24:MI:SS'),UpdatedBy=100 WHERE AD_Field_ID=1130263
;

-- 28 de jan de 2021 15:28:34 BRT
UPDATE AD_Field SET SeqNo=70, AD_Reference_Value_ID=NULL, AD_Val_Rule_ID=NULL, XPosition=4, ColumnSpan=2, IsToolbarButton=NULL,Updated=TO_TIMESTAMP('2021-01-28 15:28:34','YYYY-MM-DD HH24:MI:SS'),UpdatedBy=100 WHERE AD_Field_ID=1130264
;

-- 28 de jan de 2021 15:29:03 BRT
UPDATE AD_Column SET DefaultValue='@LBR_HRWorkPeriod_ID@',Updated=TO_TIMESTAMP('2021-01-28 15:29:03','YYYY-MM-DD HH24:MI:SS'),UpdatedBy=100 WHERE AD_Column_ID=1132894
;

-- 28 de jan de 2021 15:29:10 BRT
UPDATE AD_Field SET IsReadOnly='Y', AD_Reference_Value_ID=NULL, AD_Val_Rule_ID=NULL, IsToolbarButton=NULL,Updated=TO_TIMESTAMP('2021-01-28 15:29:10','YYYY-MM-DD HH24:MI:SS'),UpdatedBy=100 WHERE AD_Field_ID=1130248
;

-- 28 de jan de 2021 15:29:44 BRT
UPDATE AD_Column SET DefaultValue='@AD_Org_ID@',Updated=TO_TIMESTAMP('2021-01-28 15:29:44','YYYY-MM-DD HH24:MI:SS'),UpdatedBy=100 WHERE AD_Column_ID=1132884
;

-- 28 de jan de 2021 15:30:56 BRT
UPDATE AD_Field SET DisplayLogic='@LBR_HRWorkPeriodType@=''E''', AD_Reference_Value_ID=NULL, AD_Val_Rule_ID=NULL, IsToolbarButton=NULL,Updated=TO_TIMESTAMP('2021-01-28 15:30:56','YYYY-MM-DD HH24:MI:SS'),UpdatedBy=100 WHERE AD_Field_ID=1130243
;

-- 28 de jan de 2021 15:54:22 BRT
UPDATE AD_Field SET SeqNo=10, AD_Reference_Value_ID=NULL, AD_Val_Rule_ID=NULL, ColumnSpan=2, IsToolbarButton=NULL,Updated=TO_TIMESTAMP('2021-01-28 15:54:22','YYYY-MM-DD HH24:MI:SS'),UpdatedBy=100 WHERE AD_Field_ID=54780
;

-- 28 de jan de 2021 15:54:22 BRT
UPDATE AD_Field SET SeqNo=20, AD_Reference_Value_ID=NULL, AD_Val_Rule_ID=NULL, XPosition=4, ColumnSpan=2, IsToolbarButton=NULL,Updated=TO_TIMESTAMP('2021-01-28 15:54:22','YYYY-MM-DD HH24:MI:SS'),UpdatedBy=100 WHERE AD_Field_ID=54781
;

-- 28 de jan de 2021 15:54:23 BRT
UPDATE AD_Field SET SeqNo=40, AD_Reference_Value_ID=NULL, AD_Val_Rule_ID=NULL, ColumnSpan=2, IsToolbarButton=NULL,Updated=TO_TIMESTAMP('2021-01-28 15:54:23','YYYY-MM-DD HH24:MI:SS'),UpdatedBy=100 WHERE AD_Field_ID=1128038
;

-- 28 de jan de 2021 15:54:23 BRT
UPDATE AD_Field SET SeqNo=50, AD_Reference_Value_ID=NULL, AD_Val_Rule_ID=NULL, XPosition=4, ColumnSpan=2, IsToolbarButton=NULL,Updated=TO_TIMESTAMP('2021-01-28 15:54:23','YYYY-MM-DD HH24:MI:SS'),UpdatedBy=100 WHERE AD_Field_ID=1130214
;

-- 28 de jan de 2021 15:54:23 BRT
UPDATE AD_Field SET SeqNo=60, AD_Reference_Value_ID=NULL, AD_Val_Rule_ID=NULL, ColumnSpan=2, IsToolbarButton=NULL,Updated=TO_TIMESTAMP('2021-01-28 15:54:23','YYYY-MM-DD HH24:MI:SS'),UpdatedBy=100 WHERE AD_Field_ID=1128032
;

-- 28 de jan de 2021 15:54:23 BRT
UPDATE AD_Field SET SeqNo=70, AD_Reference_Value_ID=NULL, AD_Val_Rule_ID=NULL, XPosition=5, ColumnSpan=2, IsToolbarButton=NULL,Updated=TO_TIMESTAMP('2021-01-28 15:54:23','YYYY-MM-DD HH24:MI:SS'),UpdatedBy=100 WHERE AD_Field_ID=1128041
;

-- 28 de jan de 2021 15:54:23 BRT
UPDATE AD_Field SET SeqNo=80, AD_Reference_Value_ID=NULL, AD_Val_Rule_ID=NULL, XPosition=7, IsToolbarButton=NULL,Updated=TO_TIMESTAMP('2021-01-28 15:54:23','YYYY-MM-DD HH24:MI:SS'),UpdatedBy=100 WHERE AD_Field_ID=1128128
;

-- 28 de jan de 2021 15:54:23 BRT
UPDATE AD_Field SET SeqNo=90, AD_Reference_Value_ID=NULL, AD_Val_Rule_ID=NULL, ColumnSpan=2, IsToolbarButton=NULL,Updated=TO_TIMESTAMP('2021-01-28 15:54:23','YYYY-MM-DD HH24:MI:SS'),UpdatedBy=100 WHERE AD_Field_ID=1128033
;

-- 28 de jan de 2021 15:54:23 BRT
UPDATE AD_Field SET SeqNo=100, AD_Reference_Value_ID=NULL, AD_Val_Rule_ID=NULL, XPosition=5, ColumnSpan=2, IsToolbarButton=NULL,Updated=TO_TIMESTAMP('2021-01-28 15:54:23','YYYY-MM-DD HH24:MI:SS'),UpdatedBy=100 WHERE AD_Field_ID=1128049
;

-- 28 de jan de 2021 15:54:23 BRT
UPDATE AD_Field SET SeqNo=110, AD_Reference_Value_ID=NULL, AD_Val_Rule_ID=NULL, ColumnSpan=2, IsToolbarButton=NULL,Updated=TO_TIMESTAMP('2021-01-28 15:54:23','YYYY-MM-DD HH24:MI:SS'),UpdatedBy=100 WHERE AD_Field_ID=1128168
;

-- 28 de jan de 2021 15:54:23 BRT
UPDATE AD_Field SET SeqNo=120, AD_Reference_Value_ID=NULL, AD_Val_Rule_ID=NULL, ColumnSpan=2, IsToolbarButton=NULL,Updated=TO_TIMESTAMP('2021-01-28 15:54:23','YYYY-MM-DD HH24:MI:SS'),UpdatedBy=100 WHERE AD_Field_ID=1128014
;

-- 28 de jan de 2021 15:54:23 BRT
UPDATE AD_Field SET SeqNo=130, AD_Reference_Value_ID=NULL, AD_Val_Rule_ID=NULL, ColumnSpan=2, IsToolbarButton=NULL,Updated=TO_TIMESTAMP('2021-01-28 15:54:23','YYYY-MM-DD HH24:MI:SS'),UpdatedBy=100 WHERE AD_Field_ID=1128037
;

-- 28 de jan de 2021 15:54:23 BRT
UPDATE AD_Field SET SeqNo=140, AD_Reference_Value_ID=NULL, AD_Val_Rule_ID=NULL, XPosition=4, ColumnSpan=2, IsToolbarButton=NULL,Updated=TO_TIMESTAMP('2021-01-28 15:54:23','YYYY-MM-DD HH24:MI:SS'),UpdatedBy=100 WHERE AD_Field_ID=1128010
;

-- 28 de jan de 2021 15:54:23 BRT
UPDATE AD_Field SET SeqNo=160, AD_Reference_Value_ID=NULL, AD_Val_Rule_ID=NULL, ColumnSpan=2, IsToolbarButton=NULL,Updated=TO_TIMESTAMP('2021-01-28 15:54:23','YYYY-MM-DD HH24:MI:SS'),UpdatedBy=100 WHERE AD_Field_ID=1128013
;

-- 28 de jan de 2021 15:54:23 BRT
UPDATE AD_Field SET SeqNo=170, AD_Reference_Value_ID=NULL, AD_Val_Rule_ID=NULL, XPosition=4, ColumnSpan=2, IsToolbarButton=NULL,Updated=TO_TIMESTAMP('2021-01-28 15:54:23','YYYY-MM-DD HH24:MI:SS'),UpdatedBy=100 WHERE AD_Field_ID=1128034
;

-- 28 de jan de 2021 15:54:23 BRT
UPDATE AD_Field SET SeqNo=180, AD_Reference_Value_ID=NULL, AD_Val_Rule_ID=NULL, ColumnSpan=2, IsToolbarButton=NULL,Updated=TO_TIMESTAMP('2021-01-28 15:54:23','YYYY-MM-DD HH24:MI:SS'),UpdatedBy=100 WHERE AD_Field_ID=1128015
;

-- 28 de jan de 2021 15:54:23 BRT
UPDATE AD_Field SET SeqNo=190, AD_Reference_Value_ID=NULL, AD_Val_Rule_ID=NULL, XPosition=4, ColumnSpan=2, IsToolbarButton=NULL,Updated=TO_TIMESTAMP('2021-01-28 15:54:23','YYYY-MM-DD HH24:MI:SS'),UpdatedBy=100 WHERE AD_Field_ID=1128030
;

-- 28 de jan de 2021 15:54:23 BRT
UPDATE AD_Field SET SeqNo=200, AD_Reference_Value_ID=NULL, AD_Val_Rule_ID=NULL, ColumnSpan=2, IsToolbarButton=NULL,Updated=TO_TIMESTAMP('2021-01-28 15:54:23','YYYY-MM-DD HH24:MI:SS'),UpdatedBy=100 WHERE AD_Field_ID=1128026
;

-- 28 de jan de 2021 15:54:23 BRT
UPDATE AD_Field SET SeqNo=210, AD_Reference_Value_ID=NULL, AD_Val_Rule_ID=NULL, XPosition=4, ColumnSpan=2, IsToolbarButton=NULL,Updated=TO_TIMESTAMP('2021-01-28 15:54:23','YYYY-MM-DD HH24:MI:SS'),UpdatedBy=100 WHERE AD_Field_ID=1128042
;

-- 28 de jan de 2021 15:54:23 BRT
UPDATE AD_Field SET SeqNo=220, AD_Reference_Value_ID=NULL, AD_Val_Rule_ID=NULL, ColumnSpan=2, IsToolbarButton=NULL,Updated=TO_TIMESTAMP('2021-01-28 15:54:23','YYYY-MM-DD HH24:MI:SS'),UpdatedBy=100 WHERE AD_Field_ID=1128024
;

-- 28 de jan de 2021 15:54:23 BRT
UPDATE AD_Field SET SeqNo=230, AD_Reference_Value_ID=NULL, AD_Val_Rule_ID=NULL, ColumnSpan=2, IsToolbarButton=NULL,Updated=TO_TIMESTAMP('2021-01-28 15:54:23','YYYY-MM-DD HH24:MI:SS'),UpdatedBy=100 WHERE AD_Field_ID=1128031
;

-- 28 de jan de 2021 15:54:23 BRT
UPDATE AD_Field SET SeqNo=240, AD_Reference_Value_ID=NULL, AD_Val_Rule_ID=NULL, ColumnSpan=2, IsToolbarButton=NULL,Updated=TO_TIMESTAMP('2021-01-28 15:54:23','YYYY-MM-DD HH24:MI:SS'),UpdatedBy=100 WHERE AD_Field_ID=1128040
;

-- 28 de jan de 2021 15:54:23 BRT
UPDATE AD_Field SET SeqNo=250, AD_Reference_Value_ID=NULL, AD_Val_Rule_ID=NULL, XPosition=4, ColumnSpan=2, IsToolbarButton=NULL,Updated=TO_TIMESTAMP('2021-01-28 15:54:23','YYYY-MM-DD HH24:MI:SS'),UpdatedBy=100 WHERE AD_Field_ID=1128045
;

-- 28 de jan de 2021 15:54:23 BRT
UPDATE AD_Field SET SeqNo=260, AD_Reference_Value_ID=NULL, AD_Val_Rule_ID=NULL, XPosition=7, ColumnSpan=2, IsToolbarButton=NULL,Updated=TO_TIMESTAMP('2021-01-28 15:54:23','YYYY-MM-DD HH24:MI:SS'),UpdatedBy=100 WHERE AD_Field_ID=1128047
;

-- 28 de jan de 2021 15:54:23 BRT
UPDATE AD_Field SET SeqNo=270, AD_Reference_Value_ID=NULL, AD_Val_Rule_ID=NULL, ColumnSpan=2, IsToolbarButton=NULL,Updated=TO_TIMESTAMP('2021-01-28 15:54:23','YYYY-MM-DD HH24:MI:SS'),UpdatedBy=100 WHERE AD_Field_ID=1128044
;

-- 28 de jan de 2021 15:54:24 BRT
UPDATE AD_Field SET SeqNo=280, AD_Reference_Value_ID=NULL, AD_Val_Rule_ID=NULL, XPosition=4, ColumnSpan=2, IsToolbarButton=NULL,Updated=TO_TIMESTAMP('2021-01-28 15:54:24','YYYY-MM-DD HH24:MI:SS'),UpdatedBy=100 WHERE AD_Field_ID=1128048
;

-- 28 de jan de 2021 15:54:24 BRT
UPDATE AD_Field SET SeqNo=290, AD_Reference_Value_ID=NULL, AD_Val_Rule_ID=NULL, XPosition=7, ColumnSpan=2, IsToolbarButton=NULL,Updated=TO_TIMESTAMP('2021-01-28 15:54:24','YYYY-MM-DD HH24:MI:SS'),UpdatedBy=100 WHERE AD_Field_ID=1128126
;

-- 28 de jan de 2021 15:54:24 BRT
UPDATE AD_Field SET SeqNo=300, AD_Reference_Value_ID=NULL, AD_Val_Rule_ID=NULL, ColumnSpan=2, IsToolbarButton=NULL,Updated=TO_TIMESTAMP('2021-01-28 15:54:24','YYYY-MM-DD HH24:MI:SS'),UpdatedBy=100 WHERE AD_Field_ID=1128050
;

-- 28 de jan de 2021 15:54:24 BRT
UPDATE AD_Field SET SeqNo=310, AD_Reference_Value_ID=NULL, AD_Val_Rule_ID=NULL, XPosition=4, ColumnSpan=2, IsToolbarButton=NULL,Updated=TO_TIMESTAMP('2021-01-28 15:54:24','YYYY-MM-DD HH24:MI:SS'),UpdatedBy=100 WHERE AD_Field_ID=1128046
;

-- 28 de jan de 2021 15:54:24 BRT
UPDATE AD_Field SET SeqNo=320, AD_Reference_Value_ID=NULL, AD_Val_Rule_ID=NULL, XPosition=7, ColumnSpan=2, IsToolbarButton=NULL,Updated=TO_TIMESTAMP('2021-01-28 15:54:24','YYYY-MM-DD HH24:MI:SS'),UpdatedBy=100 WHERE AD_Field_ID=1128043
;

-- 28 de jan de 2021 15:54:24 BRT
UPDATE AD_Field SET SeqNo=330, AD_Reference_Value_ID=NULL, AD_Val_Rule_ID=NULL, ColumnSpan=2, IsToolbarButton=NULL,Updated=TO_TIMESTAMP('2021-01-28 15:54:24','YYYY-MM-DD HH24:MI:SS'),UpdatedBy=100 WHERE AD_Field_ID=1128020
;

-- 28 de jan de 2021 15:54:24 BRT
UPDATE AD_Field SET SeqNo=350, AD_Reference_Value_ID=NULL, AD_Val_Rule_ID=NULL, XPosition=5, IsToolbarButton=NULL,Updated=TO_TIMESTAMP('2021-01-28 15:54:24','YYYY-MM-DD HH24:MI:SS'),UpdatedBy=100 WHERE AD_Field_ID=1130216
;

-- 28 de jan de 2021 15:54:24 BRT
UPDATE AD_Field SET SeqNo=360, AD_Reference_Value_ID=NULL, AD_Val_Rule_ID=NULL, ColumnSpan=2, IsToolbarButton=NULL,Updated=TO_TIMESTAMP('2021-01-28 15:54:24','YYYY-MM-DD HH24:MI:SS'),UpdatedBy=100 WHERE AD_Field_ID=1130208
;

-- 28 de jan de 2021 15:54:24 BRT
UPDATE AD_Field SET SeqNo=370, AD_Reference_Value_ID=NULL, AD_Val_Rule_ID=NULL, XPosition=5, ColumnSpan=2, IsToolbarButton=NULL,Updated=TO_TIMESTAMP('2021-01-28 15:54:24','YYYY-MM-DD HH24:MI:SS'),UpdatedBy=100 WHERE AD_Field_ID=1130209
;

-- 28 de jan de 2021 15:54:24 BRT
UPDATE AD_Field SET SeqNo=380, AD_Reference_Value_ID=NULL, AD_Val_Rule_ID=NULL, ColumnSpan=2, IsToolbarButton=NULL,Updated=TO_TIMESTAMP('2021-01-28 15:54:24','YYYY-MM-DD HH24:MI:SS'),UpdatedBy=100 WHERE AD_Field_ID=1130210
;

-- 28 de jan de 2021 15:54:24 BRT
UPDATE AD_Field SET SeqNo=390, AD_Reference_Value_ID=NULL, AD_Val_Rule_ID=NULL, XPosition=5, ColumnSpan=2, IsToolbarButton=NULL,Updated=TO_TIMESTAMP('2021-01-28 15:54:24','YYYY-MM-DD HH24:MI:SS'),UpdatedBy=100 WHERE AD_Field_ID=1130213
;

-- 28 de jan de 2021 15:54:24 BRT
UPDATE AD_Field SET SeqNo=400, AD_Reference_Value_ID=NULL, AD_Val_Rule_ID=NULL, ColumnSpan=2, IsToolbarButton=NULL,Updated=TO_TIMESTAMP('2021-01-28 15:54:24','YYYY-MM-DD HH24:MI:SS'),UpdatedBy=100 WHERE AD_Field_ID=1130211
;

-- 28 de jan de 2021 15:54:24 BRT
UPDATE AD_Field SET SeqNo=410, AD_Reference_Value_ID=NULL, AD_Val_Rule_ID=NULL, XPosition=5, ColumnSpan=2, IsToolbarButton=NULL,Updated=TO_TIMESTAMP('2021-01-28 15:54:24','YYYY-MM-DD HH24:MI:SS'),UpdatedBy=100 WHERE AD_Field_ID=1130212
;

-- 28 de jan de 2021 15:54:24 BRT
UPDATE AD_Field SET SeqNo=420, AD_Reference_Value_ID=NULL, AD_Val_Rule_ID=NULL, ColumnSpan=5, IsToolbarButton=NULL,Updated=TO_TIMESTAMP('2021-01-28 15:54:24','YYYY-MM-DD HH24:MI:SS'),UpdatedBy=100 WHERE AD_Field_ID=1128019
;

-- 28 de jan de 2021 15:54:24 BRT
UPDATE AD_Field SET SeqNo=440, AD_Reference_Value_ID=NULL, AD_Val_Rule_ID=NULL, XPosition=5, ColumnSpan=2, IsToolbarButton=NULL,Updated=TO_TIMESTAMP('2021-01-28 15:54:24','YYYY-MM-DD HH24:MI:SS'),UpdatedBy=100 WHERE AD_Field_ID=1128025
;

-- 28 de jan de 2021 15:54:24 BRT
UPDATE AD_Field SET SeqNo=450, AD_Reference_Value_ID=NULL, AD_Val_Rule_ID=NULL, XPosition=8, IsToolbarButton=NULL,Updated=TO_TIMESTAMP('2021-01-28 15:54:24','YYYY-MM-DD HH24:MI:SS'),UpdatedBy=100 WHERE AD_Field_ID=1130207
;

-- 28 de jan de 2021 15:54:24 BRT
UPDATE AD_Field SET SeqNo=460, AD_Reference_Value_ID=NULL, AD_Val_Rule_ID=NULL, ColumnSpan=2, IsToolbarButton=NULL,Updated=TO_TIMESTAMP('2021-01-28 15:54:24','YYYY-MM-DD HH24:MI:SS'),UpdatedBy=100 WHERE AD_Field_ID=54786
;

-- 28 de jan de 2021 15:54:24 BRT
UPDATE AD_Field SET SeqNo=470, AD_Reference_Value_ID=NULL, AD_Val_Rule_ID=NULL, XPosition=4, ColumnSpan=2, IsToolbarButton=NULL,Updated=TO_TIMESTAMP('2021-01-28 15:54:24','YYYY-MM-DD HH24:MI:SS'),UpdatedBy=100 WHERE AD_Field_ID=54787
;

-- 28 de jan de 2021 15:54:24 BRT
UPDATE AD_Field SET SeqNo=480, AD_Reference_Value_ID=NULL, AD_Val_Rule_ID=NULL, ColumnSpan=2, IsToolbarButton=NULL,Updated=TO_TIMESTAMP('2021-01-28 15:54:24','YYYY-MM-DD HH24:MI:SS'),UpdatedBy=100 WHERE AD_Field_ID=1128012
;

-- 28 de jan de 2021 15:54:24 BRT
UPDATE AD_Field SET SeqNo=490, AD_Reference_Value_ID=NULL, AD_Val_Rule_ID=NULL, XPosition=4, ColumnSpan=2, IsToolbarButton=NULL,Updated=TO_TIMESTAMP('2021-01-28 15:54:24','YYYY-MM-DD HH24:MI:SS'),UpdatedBy=100 WHERE AD_Field_ID=1128039
;

-- 28 de jan de 2021 15:54:24 BRT
UPDATE AD_Field SET SeqNo=500, AD_Reference_Value_ID=NULL, AD_Val_Rule_ID=NULL, XPosition=7, ColumnSpan=2, IsToolbarButton=NULL,Updated=TO_TIMESTAMP('2021-01-28 15:54:24','YYYY-MM-DD HH24:MI:SS'),UpdatedBy=100 WHERE AD_Field_ID=1130217
;

-- 28 de jan de 2021 15:54:24 BRT
UPDATE AD_Field SET SeqNo=510, AD_Reference_Value_ID=NULL, AD_Val_Rule_ID=NULL, ColumnSpan=2, IsToolbarButton=NULL,Updated=TO_TIMESTAMP('2021-01-28 15:54:24','YYYY-MM-DD HH24:MI:SS'),UpdatedBy=100 WHERE AD_Field_ID=1130215
;

-- 28 de jan de 2021 15:54:24 BRT
UPDATE AD_Field SET SeqNo=520, AD_Reference_Value_ID=NULL, AD_Val_Rule_ID=NULL, XPosition=4, ColumnSpan=2, IsToolbarButton=NULL,Updated=TO_TIMESTAMP('2021-01-28 15:54:24','YYYY-MM-DD HH24:MI:SS'),UpdatedBy=100 WHERE AD_Field_ID=1128028
;

-- 28 de jan de 2021 15:54:24 BRT
UPDATE AD_Field SET SeqNo=530, AD_Reference_Value_ID=NULL, AD_Val_Rule_ID=NULL, XPosition=7, ColumnSpan=2, IsToolbarButton=NULL,Updated=TO_TIMESTAMP('2021-01-28 15:54:24','YYYY-MM-DD HH24:MI:SS'),UpdatedBy=100 WHERE AD_Field_ID=1128029
;

-- 28 de jan de 2021 15:54:25 BRT
UPDATE AD_Field SET SeqNo=540, AD_Reference_Value_ID=NULL, AD_Val_Rule_ID=NULL, ColumnSpan=2, IsToolbarButton=NULL,Updated=TO_TIMESTAMP('2021-01-28 15:54:25','YYYY-MM-DD HH24:MI:SS'),UpdatedBy=100 WHERE AD_Field_ID=54788
;

-- 28 de jan de 2021 15:54:25 BRT
UPDATE AD_Field SET SeqNo=550, AD_Reference_Value_ID=NULL, AD_Val_Rule_ID=NULL, XPosition=4, ColumnSpan=2, IsToolbarButton=NULL,Updated=TO_TIMESTAMP('2021-01-28 15:54:25','YYYY-MM-DD HH24:MI:SS'),UpdatedBy=100 WHERE AD_Field_ID=1128018
;

-- 28 de jan de 2021 15:54:25 BRT
UPDATE AD_Field SET SeqNo=560, AD_Reference_Value_ID=NULL, AD_Val_Rule_ID=NULL, XPosition=7, ColumnSpan=2, IsToolbarButton=NULL,Updated=TO_TIMESTAMP('2021-01-28 15:54:25','YYYY-MM-DD HH24:MI:SS'),UpdatedBy=100 WHERE AD_Field_ID=1128017
;

-- 28 de jan de 2021 15:54:25 BRT
UPDATE AD_Field SET SeqNo=570, AD_Reference_Value_ID=NULL, AD_Val_Rule_ID=NULL, ColumnSpan=2, IsToolbarButton=NULL,Updated=TO_TIMESTAMP('2021-01-28 15:54:25','YYYY-MM-DD HH24:MI:SS'),UpdatedBy=100 WHERE AD_Field_ID=1130268
;

-- 28 de jan de 2021 15:54:25 BRT
UPDATE AD_Field SET SeqNo=580, AD_Reference_Value_ID=NULL, AD_Val_Rule_ID=NULL, XPosition=4, ColumnSpan=2, IsToolbarButton=NULL,Updated=TO_TIMESTAMP('2021-01-28 15:54:25','YYYY-MM-DD HH24:MI:SS'),UpdatedBy=100 WHERE AD_Field_ID=1128035
;

-- 28 de jan de 2021 15:54:25 BRT
UPDATE AD_Field SET SeqNo=590, AD_Reference_Value_ID=NULL, AD_Val_Rule_ID=NULL, XPosition=7, IsToolbarButton=NULL,Updated=TO_TIMESTAMP('2021-01-28 15:54:25','YYYY-MM-DD HH24:MI:SS'),UpdatedBy=100 WHERE AD_Field_ID=1128036
;

-- 28 de jan de 2021 15:54:25 BRT
UPDATE AD_Field SET SeqNo=600, AD_Reference_Value_ID=NULL, AD_Val_Rule_ID=NULL, ColumnSpan=2, IsToolbarButton=NULL,Updated=TO_TIMESTAMP('2021-01-28 15:54:25','YYYY-MM-DD HH24:MI:SS'),UpdatedBy=100 WHERE AD_Field_ID=1128021
;

-- 28 de jan de 2021 15:54:25 BRT
UPDATE AD_Field SET SeqNo=610, AD_Reference_Value_ID=NULL, AD_Val_Rule_ID=NULL, XPosition=4, ColumnSpan=2, IsToolbarButton=NULL,Updated=TO_TIMESTAMP('2021-01-28 15:54:25','YYYY-MM-DD HH24:MI:SS'),UpdatedBy=100 WHERE AD_Field_ID=1128022
;

-- 28 de jan de 2021 15:54:25 BRT
UPDATE AD_Field SET SeqNo=620, AD_Reference_Value_ID=NULL, AD_Val_Rule_ID=NULL, XPosition=7, IsToolbarButton=NULL,Updated=TO_TIMESTAMP('2021-01-28 15:54:25','YYYY-MM-DD HH24:MI:SS'),UpdatedBy=100 WHERE AD_Field_ID=1128023
;

-- 28 de jan de 2021 15:54:25 BRT
UPDATE AD_Field SET SeqNo=630, AD_Reference_Value_ID=NULL, AD_Val_Rule_ID=NULL, ColumnSpan=2, IsToolbarButton=NULL,Updated=TO_TIMESTAMP('2021-01-28 15:54:25','YYYY-MM-DD HH24:MI:SS'),UpdatedBy=100 WHERE AD_Field_ID=1130265
;

-- 28 de jan de 2021 15:54:25 BRT
UPDATE AD_Field SET SeqNo=640, AD_Reference_Value_ID=NULL, AD_Val_Rule_ID=NULL, XPosition=4, ColumnSpan=2, IsToolbarButton=NULL,Updated=TO_TIMESTAMP('2021-01-28 15:54:25','YYYY-MM-DD HH24:MI:SS'),UpdatedBy=100 WHERE AD_Field_ID=1130266
;

-- 28 de jan de 2021 15:54:25 BRT
UPDATE AD_Field SET SeqNo=650, AD_Reference_Value_ID=NULL, AD_Val_Rule_ID=NULL, XPosition=7, ColumnSpan=2, IsToolbarButton=NULL,Updated=TO_TIMESTAMP('2021-01-28 15:54:25','YYYY-MM-DD HH24:MI:SS'),UpdatedBy=100 WHERE AD_Field_ID=1130267
;

-- 28 de jan de 2021 15:58:23 BRT
UPDATE AD_Table SET AD_Window_ID=1120176, PO_Window_ID=1120176,Updated=TO_TIMESTAMP('2021-01-28 15:58:23','YYYY-MM-DD HH24:MI:SS'),UpdatedBy=100 WHERE AD_Table_ID=1120713
;

-- 28 de jan de 2021 15:59:04 BRT
UPDATE AD_Table SET AD_Window_ID=1120175, PO_Window_ID=1120175,Updated=TO_TIMESTAMP('2021-01-28 15:59:04','YYYY-MM-DD HH24:MI:SS'),UpdatedBy=100 WHERE AD_Table_ID=1120712
;

-- 28 de jan de 2021 15:59:52 BRT
UPDATE AD_Column SET AD_Reference_ID=24,Updated=TO_TIMESTAMP('2021-01-28 15:59:52','YYYY-MM-DD HH24:MI:SS'),UpdatedBy=100 WHERE AD_Column_ID=1132862
;

-- 28 de jan de 2021 15:59:56 BRT
INSERT INTO t_alter_column values('lbr_hrworkschedule','EndTime','TIMESTAMP',null,'NULL')
;

-- 28 de jan de 2021 16:00:11 BRT
UPDATE AD_Column SET AD_Reference_ID=24,Updated=TO_TIMESTAMP('2021-01-28 16:00:11','YYYY-MM-DD HH24:MI:SS'),UpdatedBy=100 WHERE AD_Column_ID=1132861
;

-- 28 de jan de 2021 16:00:14 BRT
INSERT INTO t_alter_column values('lbr_hrworkschedule','StartTime','TIMESTAMP',null,'NULL')
;

-- 28 de jan de 2021 16:12:11 BRT
INSERT INTO AD_Column (AD_Column_ID,Version,Name,AD_Table_ID,ColumnName,FieldLength,IsKey,IsParent,IsMandatory,IsTranslated,IsIdentifier,SeqNo,IsEncrypted,AD_Reference_ID,AD_Client_ID,AD_Org_ID,IsActive,Created,CreatedBy,Updated,UpdatedBy,AD_Element_ID,IsUpdateable,IsSelectionColumn,EntityType,IsSyncDatabase,IsAlwaysUpdateable,IsAutocomplete,IsAllowLogging,AD_Column_UU,IsAllowCopy,SeqNoSelection,IsToolbarButton,IsSecure,FKConstraintType,IsHtml) VALUES (1132902,0,'Work Schedule',1120711,'LBR_HRWorkSchedule_ID',22,'N','N','N','N','N',0,'N',30,0,0,'Y',TO_TIMESTAMP('2021-01-28 16:12:10','YYYY-MM-DD HH24:MI:SS'),100,TO_TIMESTAMP('2021-01-28 16:12:10','YYYY-MM-DD HH24:MI:SS'),100,1123262,'N','N','LBRA','N','N','N','Y','8967eaed-e310-470a-a668-1204d622474a','Y',0,'N','N','N','N')
;

-- 28 de jan de 2021 16:12:21 BRT
UPDATE AD_Column SET DefaultValue='@LBR_HRWorkSchedule_ID@',Updated=TO_TIMESTAMP('2021-01-28 16:12:21','YYYY-MM-DD HH24:MI:SS'),UpdatedBy=100 WHERE AD_Column_ID=1132902
;

-- 28 de jan de 2021 16:24:20 BRT
INSERT INTO AD_Tab (AD_Tab_ID,Name,AD_Window_ID,SeqNo,IsSingleRow,AD_Table_ID,AD_Client_ID,AD_Org_ID,IsActive,Created,CreatedBy,Updated,UpdatedBy,HasTree,IsInfoTab,IsTranslationTab,IsReadOnly,Processing,ImportFields,TabLevel,IsSortTab,EntityType,IsInsertRecord,IsAdvancedTab,AD_Tab_UU,TreeDisplayedOn) VALUES (1120421,'Work Interval',1120175,20,'Y',1120711,0,0,'Y',TO_TIMESTAMP('2021-01-28 16:24:19','YYYY-MM-DD HH24:MI:SS'),100,TO_TIMESTAMP('2021-01-28 16:24:19','YYYY-MM-DD HH24:MI:SS'),100,'N','N','N','N','N','N',1,'N','LBRA','Y','N','431c15f1-6842-4aa2-9d0c-4acd94f6f05d','B')
;

-- 28 de jan de 2021 16:24:32 BRT
INSERT INTO AD_Field (AD_Field_ID,Name,Description,Help,AD_Tab_ID,AD_Column_ID,IsDisplayed,DisplayLength,SeqNo,IsSameLine,IsHeading,IsFieldOnly,IsEncrypted,AD_Client_ID,AD_Org_ID,IsActive,Created,CreatedBy,Updated,UpdatedBy,IsReadOnly,IsCentrallyMaintained,EntityType,AD_Field_UU,IsDisplayedGrid,ColumnSpan) VALUES (1130269,'Client','Client/Tenant for this installation.','A Client is a company or a legal entity. You cannot share data between Clients. Tenant is a synonym for Client.',1120421,1132834,'Y',22,10,'N','N','N','N',0,0,'Y',TO_TIMESTAMP('2021-01-28 16:24:31','YYYY-MM-DD HH24:MI:SS'),100,TO_TIMESTAMP('2021-01-28 16:24:31','YYYY-MM-DD HH24:MI:SS'),100,'N','Y','LBRA','7f100b6f-9594-4419-8a3d-0bd5260272e6','N',2)
;

-- 28 de jan de 2021 16:24:32 BRT
INSERT INTO AD_Field (AD_Field_ID,Name,Description,Help,AD_Tab_ID,AD_Column_ID,IsDisplayed,DisplayLength,SeqNo,IsSameLine,IsHeading,IsFieldOnly,IsEncrypted,AD_Client_ID,AD_Org_ID,IsActive,Created,CreatedBy,Updated,UpdatedBy,IsReadOnly,IsCentrallyMaintained,EntityType,AD_Field_UU,IsAllowCopy,IsDisplayedGrid,SeqNoGrid,XPosition,ColumnSpan) VALUES (1130270,'Organization','Organizational entity within client','An organization is a unit of your client or legal entity - examples are store, department. You can share data between organizations.',1120421,1132835,'Y',22,20,'N','N','N','N',0,0,'Y',TO_TIMESTAMP('2021-01-28 16:24:32','YYYY-MM-DD HH24:MI:SS'),100,TO_TIMESTAMP('2021-01-28 16:24:32','YYYY-MM-DD HH24:MI:SS'),100,'N','Y','LBRA','67059a9c-252c-45b9-a3f4-d969f48dec87','Y','Y',10,4,2)
;

-- 28 de jan de 2021 16:24:32 BRT
INSERT INTO AD_Field (AD_Field_ID,Name,AD_Tab_ID,AD_Column_ID,IsDisplayed,DisplayLength,IsSameLine,IsHeading,IsFieldOnly,IsEncrypted,AD_Client_ID,AD_Org_ID,IsActive,Created,CreatedBy,Updated,UpdatedBy,IsReadOnly,IsCentrallyMaintained,EntityType,AD_Field_UU,IsDisplayedGrid,ColumnSpan) VALUES (1130271,'Work Interval',1120421,1132837,'N',22,'N','N','N','N',0,0,'Y',TO_TIMESTAMP('2021-01-28 16:24:32','YYYY-MM-DD HH24:MI:SS'),100,TO_TIMESTAMP('2021-01-28 16:24:32','YYYY-MM-DD HH24:MI:SS'),100,'N','Y','LBRA','5533f157-98f2-47ba-8139-cecf864c1713','N',2)
;

-- 28 de jan de 2021 16:24:33 BRT
INSERT INTO AD_Field (AD_Field_ID,Name,AD_Tab_ID,AD_Column_ID,IsDisplayed,DisplayLength,IsSameLine,IsHeading,IsFieldOnly,IsEncrypted,AD_Client_ID,AD_Org_ID,IsActive,Created,CreatedBy,Updated,UpdatedBy,IsReadOnly,IsCentrallyMaintained,EntityType,AD_Field_UU,IsDisplayedGrid,ColumnSpan) VALUES (1130272,'LBR_HRWorkInterval_UU',1120421,1132838,'N',36,'N','N','N','N',0,0,'Y',TO_TIMESTAMP('2021-01-28 16:24:32','YYYY-MM-DD HH24:MI:SS'),100,TO_TIMESTAMP('2021-01-28 16:24:32','YYYY-MM-DD HH24:MI:SS'),100,'N','Y','LBRA','a9fab87e-de7b-411f-ad0d-51f32b8c8070','N',2)
;

-- 28 de jan de 2021 16:24:33 BRT
INSERT INTO AD_Field (AD_Field_ID,Name,Description,Help,AD_Tab_ID,AD_Column_ID,IsDisplayed,DisplayLength,SeqNo,IsSameLine,IsHeading,IsFieldOnly,IsEncrypted,AD_Client_ID,AD_Org_ID,IsActive,Created,CreatedBy,Updated,UpdatedBy,IsReadOnly,IsCentrallyMaintained,EntityType,AD_Field_UU,IsDisplayedGrid,SeqNoGrid,XPosition,ColumnSpan) VALUES (1130273,'Active','The record is active in the system','There are two methods of making records unavailable in the system: One is to delete the record, the other is to de-activate the record. A de-activated record is not available for selection, but available for reports.
There are two reasons for de-activating and not deleting records:
(1) The system requires the record for audit purposes.
(2) The record is referenced by other records. E.g., you cannot delete a Business Partner, if there are invoices for this partner record existing. You de-activate the Business Partner and prevent that this record is used for future entries.',1120421,1132841,'Y',1,30,'N','N','N','N',0,0,'Y',TO_TIMESTAMP('2021-01-28 16:24:33','YYYY-MM-DD HH24:MI:SS'),100,TO_TIMESTAMP('2021-01-28 16:24:33','YYYY-MM-DD HH24:MI:SS'),100,'N','Y','LBRA','c52f7ae2-fa19-4a4c-a602-d3d737099918','Y',20,2,2)
;

-- 28 de jan de 2021 16:25:21 BRT
INSERT INTO AD_Field (AD_Field_ID,Name,AD_Tab_ID,AD_Column_ID,IsDisplayed,DisplayLength,SeqNo,SortNo,IsSameLine,IsHeading,IsFieldOnly,IsEncrypted,AD_Client_ID,AD_Org_ID,IsActive,Created,CreatedBy,Updated,UpdatedBy,IsReadOnly,IsCentrallyMaintained,EntityType,AD_Field_UU,IsDisplayedGrid,SeqNoGrid,XPosition,ColumnSpan,NumLines,IsQuickEntry,IsDefaultFocus,IsAdvancedField) VALUES (1130274,'Work Schedule',1120421,1132902,'Y',0,40,0,'N','N','N','N',0,0,'Y',TO_TIMESTAMP('2021-01-28 16:25:20','YYYY-MM-DD HH24:MI:SS'),100,TO_TIMESTAMP('2021-01-28 16:25:20','YYYY-MM-DD HH24:MI:SS'),100,'Y','Y','LBRA','d5bce5ac-426a-4822-8455-a93e73c81b36','Y',30,1,1,1,'N','N','N')
;

-- 28 de jan de 2021 16:25:43 BRT
INSERT INTO AD_Field (AD_Field_ID,Name,Description,AD_Tab_ID,AD_Column_ID,IsDisplayed,DisplayLength,SeqNo,SortNo,IsSameLine,IsHeading,IsFieldOnly,IsEncrypted,AD_Client_ID,AD_Org_ID,IsActive,Created,CreatedBy,Updated,UpdatedBy,IsReadOnly,IsCentrallyMaintained,EntityType,AD_Field_UU,IsDisplayedGrid,SeqNoGrid,XPosition,ColumnSpan,NumLines,IsQuickEntry,IsDefaultFocus,IsAdvancedField) VALUES (1130275,'Start Time','Time started',1120421,1132844,'Y',0,50,0,'N','N','N','N',0,0,'Y',TO_TIMESTAMP('2021-01-28 16:25:43','YYYY-MM-DD HH24:MI:SS'),100,TO_TIMESTAMP('2021-01-28 16:25:43','YYYY-MM-DD HH24:MI:SS'),100,'N','Y','LBRA','ba359577-a353-4ff9-bcf4-1ae8e2d79481','Y',40,1,1,1,'N','N','N')
;

-- 28 de jan de 2021 16:25:51 BRT
INSERT INTO AD_Field (AD_Field_ID,Name,Description,AD_Tab_ID,AD_Column_ID,IsDisplayed,DisplayLength,SeqNo,SortNo,IsSameLine,IsHeading,IsFieldOnly,IsEncrypted,AD_Client_ID,AD_Org_ID,IsActive,Created,CreatedBy,Updated,UpdatedBy,IsReadOnly,IsCentrallyMaintained,EntityType,AD_Field_UU,IsDisplayedGrid,SeqNoGrid,XPosition,ColumnSpan,NumLines,IsQuickEntry,IsDefaultFocus,IsAdvancedField) VALUES (1130276,'End Time','End of the time span',1120421,1132845,'Y',0,60,0,'N','N','N','N',0,0,'Y',TO_TIMESTAMP('2021-01-28 16:25:51','YYYY-MM-DD HH24:MI:SS'),100,TO_TIMESTAMP('2021-01-28 16:25:51','YYYY-MM-DD HH24:MI:SS'),100,'N','Y','LBRA','589b0632-8239-4365-a16d-997ef03fd20d','Y',50,1,1,1,'N','N','N')
;

-- 28 de jan de 2021 16:26:02 BRT
INSERT INTO AD_Field (AD_Field_ID,Name,Description,Help,AD_Tab_ID,AD_Column_ID,IsDisplayed,DisplayLength,SeqNo,SortNo,IsSameLine,IsHeading,IsFieldOnly,IsEncrypted,AD_Client_ID,AD_Org_ID,IsActive,Created,CreatedBy,Updated,UpdatedBy,IsReadOnly,IsCentrallyMaintained,EntityType,AD_Field_UU,IsDisplayedGrid,SeqNoGrid,XPosition,ColumnSpan,NumLines,IsQuickEntry,IsDefaultFocus,IsAdvancedField) VALUES (1130277,'Default','Default value','The Default Checkbox indicates if this record will be used as a default value.',1120421,1132848,'Y',0,70,0,'N','N','N','N',0,0,'Y',TO_TIMESTAMP('2021-01-28 16:26:01','YYYY-MM-DD HH24:MI:SS'),100,TO_TIMESTAMP('2021-01-28 16:26:01','YYYY-MM-DD HH24:MI:SS'),100,'N','Y','LBRA','273c2c74-bc18-4e55-abb7-23cd7df70573','Y',60,1,1,1,'N','N','N')
;

-- 28 de jan de 2021 16:26:45 BRT
UPDATE AD_Field SET IsDisplayed='Y', SeqNo=30, AD_Reference_Value_ID=NULL, AD_Val_Rule_ID=NULL, XPosition=1, IsToolbarButton=NULL,Updated=TO_TIMESTAMP('2021-01-28 16:26:45','YYYY-MM-DD HH24:MI:SS'),UpdatedBy=100 WHERE AD_Field_ID=1130274
;

-- 28 de jan de 2021 16:26:45 BRT
UPDATE AD_Field SET IsDisplayed='Y', SeqNo=40, AD_Reference_Value_ID=NULL, AD_Val_Rule_ID=NULL, XPosition=5, IsToolbarButton=NULL,Updated=TO_TIMESTAMP('2021-01-28 16:26:45','YYYY-MM-DD HH24:MI:SS'),UpdatedBy=100 WHERE AD_Field_ID=1130273
;

-- 28 de jan de 2021 16:26:45 BRT
UPDATE AD_Field SET SeqNo=50, AD_Reference_Value_ID=NULL, AD_Val_Rule_ID=NULL, ColumnSpan=2, IsToolbarButton=NULL,Updated=TO_TIMESTAMP('2021-01-28 16:26:45','YYYY-MM-DD HH24:MI:SS'),UpdatedBy=100 WHERE AD_Field_ID=1130275
;

-- 28 de jan de 2021 16:26:45 BRT
UPDATE AD_Field SET IsDisplayed='Y', SeqNo=60, AD_Reference_Value_ID=NULL, AD_Val_Rule_ID=NULL, XPosition=4, ColumnSpan=2, IsToolbarButton=NULL,Updated=TO_TIMESTAMP('2021-01-28 16:26:45','YYYY-MM-DD HH24:MI:SS'),UpdatedBy=100 WHERE AD_Field_ID=1130276
;

-- 28 de jan de 2021 16:26:45 BRT
UPDATE AD_Field SET IsDisplayed='Y', SeqNo=70, AD_Reference_Value_ID=NULL, AD_Val_Rule_ID=NULL, XPosition=2, IsToolbarButton=NULL,Updated=TO_TIMESTAMP('2021-01-28 16:26:45','YYYY-MM-DD HH24:MI:SS'),UpdatedBy=100 WHERE AD_Field_ID=1130277
;

-- 28 de jan de 2021 16:26:45 BRT
UPDATE AD_Field SET SeqNo=0, AD_Reference_Value_ID=NULL, AD_Val_Rule_ID=NULL, IsToolbarButton=NULL,Updated=TO_TIMESTAMP('2021-01-28 16:26:45','YYYY-MM-DD HH24:MI:SS'),UpdatedBy=100 WHERE AD_Field_ID=1130272
;

-- 28 de jan de 2021 16:26:46 BRT
UPDATE AD_Field SET SeqNo=0, AD_Reference_Value_ID=NULL, AD_Val_Rule_ID=NULL, IsToolbarButton=NULL,Updated=TO_TIMESTAMP('2021-01-28 16:26:46','YYYY-MM-DD HH24:MI:SS'),UpdatedBy=100 WHERE AD_Field_ID=1130271
;

-- 28 de jan de 2021 16:27:02 BRT
UPDATE AD_Tab SET AD_Column_ID=1132902, Parent_Column_ID=1132852,Updated=TO_TIMESTAMP('2021-01-28 16:27:02','YYYY-MM-DD HH24:MI:SS'),UpdatedBy=100 WHERE AD_Tab_ID=1120421
;

-- 28 de jan de 2021 17:45:56 BRT
UPDATE AD_Column SET FKConstraintName='LBRHRWorkSchedule_LBRHRWorkInt', FKConstraintType='N',Updated=TO_TIMESTAMP('2021-01-28 17:45:56','YYYY-MM-DD HH24:MI:SS'),UpdatedBy=100 WHERE AD_Column_ID=1132902
;

-- 28 de jan de 2021 17:45:56 BRT
ALTER TABLE LBR_HRWorkInterval ADD COLUMN LBR_HRWorkSchedule_ID NUMERIC(10) DEFAULT NULL 
;

-- 28 de jan de 2021 17:45:56 BRT
ALTER TABLE LBR_HRWorkInterval ADD CONSTRAINT LBRHRWorkSchedule_LBRHRWorkInt FOREIGN KEY (LBR_HRWorkSchedule_ID) REFERENCES lbr_hrworkschedule(lbr_hrworkschedule_id) DEFERRABLE INITIALLY DEFERRED
;

SELECT Register_Migration_Script ('202102011800_HRImprovement.sql') FROM DUAL
;